transaction_id,period,posted_timestamp,account_name,cost_center,journal_source,poster,poster_role,approver,approver_limit,control_amount,abs_amount,self_approved,above_approver_limit,threshold_avoidance,round_dollar,after_hours,close_window,reversal,weekend,flags_fired,risk_score,for_review
ERP-001761,2025-02,2025-02-23 09:12:05,Product Revenue,Finance,Manual,X. Ferreira,AP Specialist,X. Ferreira,5000,-9456.64,9456.64,1,1,1,0,0,0,0,1,3,75,1
ERP-004161,2025-05,2025-05-07 12:00:30,Accounts Payable,IT,Manual,X. Ferreira,AP Specialist,X. Ferreira,5000,-9815.78,9815.78,1,1,1,0,0,0,0,0,3,75,1
ERP-002001,2025-03,2025-03-30 16:32:54,COGS - Freight,IT,Manual,X. Ferreira,AP Specialist,X. Ferreira,5000,10561.53,10561.53,1,1,0,0,0,1,0,1,3,59,1
ERP-004081,2025-05,2025-05-28 13:02:54,Rent & Facilities,Operations,Manual,X. Ferreira,AP Specialist,X. Ferreira,5000,6006.39,6006.39,1,1,0,0,0,1,0,0,3,59,1
ERP-000294,2025-01,2025-01-19 16:38:55,Salaries & Wages,Finance,Manual,X. Ferreira,AP Specialist,X. Ferreira,5000,6001.89,6001.89,1,1,0,0,0,0,0,1,2,55,1
ERP-000436,2025-01,2025-01-15 12:04:50,Marketing,Supply Chain,Manual,X. Ferreira,AP Specialist,X. Ferreira,5000,13184.93,13184.93,1,1,0,0,0,0,0,0,2,55,1
ERP-000634,2025-01,2025-01-08 14:00:45,COGS - Materials,IT,Manual,X. Ferreira,AP Specialist,X. Ferreira,5000,6651.57,6651.57,1,1,0,0,0,0,0,0,2,55,1
ERP-001106,2025-02,2025-02-19 12:25:38,Marketing,IT,Manual,W. Lindgren,Staff Accountant,W. Lindgren,10000,17606.21,17606.21,1,1,0,0,0,0,0,0,2,55,1
ERP-003518,2025-04,2025-04-15 12:33:16,Product Revenue,IT,Manual,X. Ferreira,AP Specialist,X. Ferreira,5000,-13354.34,13354.34,1,1,0,0,0,0,0,0,2,55,1
ERP-004205,2025-05,2025-05-21 12:19:10,Service Revenue,Sales,Manual,X. Ferreira,AP Specialist,X. Ferreira,5000,-5622.98,5622.98,1,1,0,0,0,0,0,0,2,55,1
ERP-001299,2025-02,2025-02-16 12:21:25,COGS - Materials,Finance,Manual,T. Nakamura,Senior Accountant,T. Nakamura,25000,4921.88,4921.88,1,0,1,0,0,0,1,1,3,53,1
ERP-000420,2025-01,2025-01-24 08:23:40,Product Revenue,Sales,Manual,X. Ferreira,AP Specialist,X. Ferreira,5000,-4768.1,4768.1,1,0,1,0,0,0,0,0,2,50,1
ERP-002660,2025-03,2025-03-26 13:00:43,COGS - Freight,Marketing,Manual,X. Ferreira,AP Specialist,X. Ferreira,5000,4800.05,4800.05,1,0,1,0,0,0,0,0,2,50,1
ERP-003545,2025-04,2025-04-17 14:50:49,COGS - Freight,Supply Chain,Manual,X. Ferreira,AP Specialist,X. Ferreira,5000,4975.52,4975.52,1,0,1,0,0,0,0,0,2,50,1
ERP-003574,2025-04,2025-04-21 15:16:15,Salaries & Wages,Operations,Manual,R. Almeida,Financial Controller,R. Almeida,250000,4942.51,4942.51,1,0,1,0,0,0,0,0,2,50,1
ERP-004103,2025-05,2025-05-04 17:36:58,COGS - Materials,Sales,Manual,T. Nakamura,Senior Accountant,T. Nakamura,25000,4713.25,4713.25,1,0,1,0,0,0,0,1,2,50,1
ERP-004429,2025-05,2025-05-02 09:52:20,COGS - Materials,Finance,Manual,X. Ferreira,AP Specialist,X. Ferreira,5000,4942.95,4942.95,1,0,1,0,0,0,0,0,2,50,1
ERP-003214,2025-04,2025-04-08 17:56:25,Salaries & Wages,IT,Manual,S. Kowalski,Assistant Controller,Y. Volkov,5000,9878.13,9878.13,0,1,1,0,0,0,1,0,3,48,1
ERP-000161,2025-01,2025-01-26 14:08:06,COGS - Freight,Finance,Manual,W. Lindgren,Staff Accountant,Y. Volkov,5000,9920.24,9920.24,0,1,1,0,0,0,0,1,2,45,1
ERP-000174,2025-01,2025-01-24 09:47:15,Marketing,Supply Chain,Manual,R. Almeida,Financial Controller,Y. Volkov,5000,9526.07,9526.07,0,1,1,0,0,0,0,0,2,45,1
ERP-003013,2025-04,2025-04-24 14:21:15,Service Revenue,IT,Manual,U. Brennan,Senior Accountant,Y. Volkov,5000,-9819.95,9819.95,0,1,1,0,0,0,0,0,2,45,1
ERP-003565,2025-04,2025-04-09 14:58:42,Service Revenue,Finance,Manual,W. Lindgren,Staff Accountant,X. Ferreira,5000,-9651.13,9651.13,0,1,1,0,0,0,0,0,2,45,1
ERP-004104,2025-05,2025-05-05 11:11:00,Product Revenue,Sales,Manual,R. Almeida,Financial Controller,X. Ferreira,5000,-9577.8,9577.8,0,1,1,0,0,0,0,0,2,45,1
ERP-004868,2025-06,2025-06-24 15:39:16,IT & Software,Operations,Manual,Z. Osei,FP&A Analyst,Y. Volkov,5000,9906.79,9906.79,0,1,1,0,0,0,0,0,2,45,1
ERP-004258,2025-05,2025-05-24 01:04:26,Service Revenue,IT,Manual,W. Lindgren,Staff Accountant,X. Ferreira,5000,-9000.0,9000.0,0,1,0,1,1,0,0,1,3,43,1
ERP-002866,2025-04,2025-04-30 01:19:47,Accounts Receivable,Supply Chain,Manual,T. Nakamura,Senior Accountant,T. Nakamura,25000,8541.07,8541.07,1,0,0,0,1,1,0,0,3,42,1
ERP-003897,2025-05,2025-05-28 22:02:18,Marketing,Finance,Manual,T. Nakamura,Senior Accountant,T. Nakamura,25000,789.92,789.92,1,0,0,0,1,1,0,0,3,42,1
ERP-001701,2025-02,2025-02-03 23:53:23,IT & Software,Sales,Manual,R. Almeida,Financial Controller,R. Almeida,250000,1890.17,1890.17,1,0,0,0,1,0,1,0,3,41,1
ERP-002809,2025-04,2025-04-21 17:51:56,Accounts Receivable,Finance,Manual,T. Nakamura,Senior Accountant,T. Nakamura,25000,3000.0,3000.0,1,0,0,1,0,0,0,0,2,40,1
ERP-003186,2025-04,2025-04-03 22:22:27,COGS - Materials,Marketing,Manual,X. Ferreira,AP Specialist,X. Ferreira,5000,1612.96,1612.96,1,0,0,0,1,0,0,0,2,38,1
ERP-004703,2025-06,2025-06-09 21:41:18,IT & Software,Operations,Manual,T. Nakamura,Senior Accountant,T. Nakamura,25000,818.55,818.55,1,0,0,0,1,0,0,0,2,38,1
ERP-005147,2025-06,2025-06-01 06:09:22,IT & Software,Operations,Manual,R. Almeida,Financial Controller,R. Almeida,250000,3790.88,3790.88,1,0,0,0,1,0,0,1,2,38,1
ERP-001083,2025-02,2025-02-27 20:49:16,COGS - Materials,IT,Manual,W. Lindgren,Staff Accountant,Y. Volkov,5000,5444.59,5444.59,0,1,0,0,1,1,0,0,3,37,1
ERP-002684,2025-03,2025-03-31 08:59:07,Marketing,Finance,Manual,T. Nakamura,Senior Accountant,T. Nakamura,25000,16843.94,16843.94,1,0,0,0,0,1,1,0,3,37,1
ERP-002815,2025-04,2025-04-29 00:38:58,COGS - Freight,Finance,Manual,U. Brennan,Senior Accountant,Y. Volkov,5000,56290.45,56290.45,0,1,0,0,1,1,0,0,3,37,1
ERP-004605,2025-06,2025-06-16 09:33:08,Accounts Payable,IT,Manual,S. Kowalski,Assistant Controller,Y. Volkov,5000,-8000.0,8000.0,0,1,0,1,0,0,0,0,2,35,1
ERP-000024,2025-01,2025-01-28 17:38:23,Rent & Facilities,Supply Chain,Manual,T. Nakamura,Senior Accountant,T. Nakamura,25000,6913.63,6913.63,1,0,0,0,0,1,0,0,2,34,1
ERP-000794,2025-01,2025-01-30 14:17:14,COGS - Materials,Sales,Manual,T. Nakamura,Senior Accountant,T. Nakamura,25000,1558.75,1558.75,1,0,0,0,0,1,0,0,2,34,1
ERP-000899,2025-01,2025-01-29 11:31:04,COGS - Materials,Marketing,Manual,X. Ferreira,AP Specialist,X. Ferreira,5000,478.22,478.22,1,0,0,0,0,1,0,0,2,34,1
ERP-000977,2025-02,2025-02-25 08:56:50,Salaries & Wages,Sales,Manual,T. Nakamura,Senior Accountant,T. Nakamura,25000,1767.0,1767.0,1,0,0,0,0,1,0,0,2,34,1
ERP-001027,2025-02,2025-02-28 16:38:25,Accounts Receivable,Marketing,Manual,X. Ferreira,AP Specialist,X. Ferreira,5000,1767.09,1767.09,1,0,0,0,0,1,0,0,2,34,1
ERP-001652,2025-02,2025-02-28 15:55:32,Product Revenue,Marketing,Manual,X. Ferreira,AP Specialist,X. Ferreira,5000,-1467.62,1467.62,1,0,0,0,0,1,0,0,2,34,1
ERP-003316,2025-04,2025-04-30 08:56:35,Accounts Payable,Operations,Manual,X. Ferreira,AP Specialist,X. Ferreira,5000,-1145.54,1145.54,1,0,0,0,0,1,0,0,2,34,1
ERP-003327,2025-04,2025-04-29 10:05:19,Accounts Payable,Sales,Manual,X. Ferreira,AP Specialist,X. Ferreira,5000,-894.03,894.03,1,0,0,0,0,1,0,0,2,34,1
ERP-003550,2025-04,2025-04-28 11:19:59,Accounts Payable,Supply Chain,Manual,T. Nakamura,Senior Accountant,T. Nakamura,25000,-18839.24,18839.24,1,0,0,0,0,1,0,0,2,34,1
ERP-004005,2025-05,2025-05-31 14:42:14,IT & Software,Operations,Manual,T. Nakamura,Senior Accountant,T. Nakamura,25000,13917.1,13917.1,1,0,0,0,0,1,0,1,2,34,1
ERP-000900,2025-01,2025-01-09 23:52:01,COGS - Materials,Finance,Manual,U. Brennan,Senior Accountant,Y. Volkov,5000,5414.48,5414.48,0,1,0,0,1,0,0,0,2,33,1
ERP-001400,2025-02,2025-02-04 15:55:27,COGS - Materials,Finance,Manual,X. Ferreira,AP Specialist,X. Ferreira,5000,1082.42,1082.42,1,0,0,0,0,0,1,0,2,33,1
ERP-001873,2025-03,2025-03-24 16:10:11,Product Revenue,Finance,Manual,T. Nakamura,Senior Accountant,T. Nakamura,25000,-5614.08,5614.08,1,0,0,0,0,0,1,0,2,33,1
ERP-000533,2025-01,2025-01-29 06:42:32,Service Revenue,Sales,Manual,R. Almeida,Financial Controller,V. Adeyemi,10000,-4709.36,4709.36,0,0,1,0,1,1,0,0,3,32,1
ERP-002045,2025-03,2025-03-03 20:10:39,Rent & Facilities,Finance,Manual,W. Lindgren,Staff Accountant,T. Nakamura,25000,4759.28,4759.28,0,0,1,0,1,0,1,0,3,31,1
ERP-000128,2025-01,2025-01-22 11:58:13,Product Revenue,Supply Chain,Manual,X. Ferreira,AP Specialist,X. Ferreira,5000,-4601.8,4601.8,1,0,0,0,0,0,0,0,1,30,1
ERP-000155,2025-01,2025-01-25 10:15:07,Salaries & Wages,Supply Chain,Manual,T. Nakamura,Senior Accountant,T. Nakamura,25000,1197.97,1197.97,1,0,0,0,0,0,0,1,1,30,1
ERP-000166,2025-01,2025-01-10 17:13:32,Service Revenue,Sales,Manual,T. Nakamura,Senior Accountant,T. Nakamura,25000,-792.61,792.61,1,0,0,0,0,0,0,0,1,30,1
ERP-000225,2025-01,2025-01-07 12:53:14,Marketing,Finance,Manual,T. Nakamura,Senior Accountant,T. Nakamura,25000,469.79,469.79,1,0,0,0,0,0,0,0,1,30,1
ERP-000254,2025-01,2025-01-01 09:49:25,Rent & Facilities,Sales,Manual,V. Adeyemi,Staff Accountant,V. Adeyemi,10000,610.77,610.77,1,0,0,0,0,0,0,0,1,30,1
ERP-000324,2025-01,2025-01-10 13:19:23,IT & Software,Finance,Manual,X. Ferreira,AP Specialist,X. Ferreira,5000,521.68,521.68,1,0,0,0,0,0,0,0,1,30,1
ERP-000371,2025-01,2025-01-12 16:30:48,Rent & Facilities,Supply Chain,Manual,T. Nakamura,Senior Accountant,T. Nakamura,25000,1907.71,1907.71,1,0,0,0,0,0,0,1,1,30,1
ERP-000401,2025-01,2025-01-03 14:51:10,Accounts Receivable,Marketing,Manual,T. Nakamura,Senior Accountant,T. Nakamura,25000,2748.4,2748.4,1,0,0,0,0,0,0,0,1,30,1
ERP-000404,2025-01,2025-01-06 11:42:55,Product Revenue,Marketing,Manual,W. Lindgren,Staff Accountant,W. Lindgren,10000,-5026.51,5026.51,1,0,0,0,0,0,0,0,1,30,1
ERP-000624,2025-01,2025-01-10 11:10:41,Accounts Payable,Operations,Manual,T. Nakamura,Senior Accountant,T. Nakamura,25000,-7243.13,7243.13,1,0,0,0,0,0,0,0,1,30,1
ERP-000719,2025-01,2025-01-05 13:09:04,Product Revenue,Marketing,Manual,T. Nakamura,Senior Accountant,T. Nakamura,25000,-689.6,689.6,1,0,0,0,0,0,0,1,1,30,1
ERP-000737,2025-01,2025-01-21 15:07:42,COGS - Freight,Supply Chain,Manual,T. Nakamura,Senior Accountant,T. Nakamura,25000,175.61,175.61,1,0,0,0,0,0,0,0,1,30,1
ERP-000907,2025-02,2025-02-13 12:44:37,Accounts Receivable,Sales,Manual,X. Ferreira,AP Specialist,X. Ferreira,5000,3013.14,3013.14,1,0,0,0,0,0,0,0,1,30,1
ERP-000909,2025-02,2025-02-21 10:13:17,Rent & Facilities,Operations,Manual,X. Ferreira,AP Specialist,X. Ferreira,5000,560.86,560.86,1,0,0,0,0,0,0,0,1,30,1
ERP-001029,2025-02,2025-02-13 17:59:20,Salaries & Wages,Sales,Manual,X. Ferreira,AP Specialist,X. Ferreira,5000,1419.89,1419.89,1,0,0,0,0,0,0,0,1,30,1
ERP-001090,2025-02,2025-02-11 10:03:03,Product Revenue,Sales,Manual,X. Ferreira,AP Specialist,X. Ferreira,5000,-485.87,485.87,1,0,0,0,0,0,0,0,1,30,1
ERP-001327,2025-02,2025-02-11 16:09:40,Accounts Receivable,Marketing,Manual,X. Ferreira,AP Specialist,X. Ferreira,5000,357.54,357.54,1,0,0,0,0,0,0,0,1,30,1
ERP-001337,2025-02,2025-02-18 08:55:18,Product Revenue,Marketing,Manual,X. Ferreira,AP Specialist,X. Ferreira,5000,-1215.43,1215.43,1,0,0,0,0,0,0,0,1,30,1
ERP-001402,2025-02,2025-02-22 15:25:29,Accounts Payable,Marketing,Manual,T. Nakamura,Senior Accountant,T. Nakamura,25000,-1602.8,1602.8,1,0,0,0,0,0,0,1,1,30,1
ERP-001475,2025-02,2025-02-10 15:37:33,Service Revenue,Supply Chain,Manual,X. Ferreira,AP Specialist,X. Ferreira,5000,-1104.59,1104.59,1,0,0,0,0,0,0,0,1,30,1
ERP-001714,2025-02,2025-02-07 12:27:38,Rent & Facilities,Marketing,Manual,U. Brennan,Senior Accountant,U. Brennan,25000,1492.31,1492.31,1,0,0,0,0,0,0,0,1,30,1
ERP-001784,2025-02,2025-02-13 15:31:10,Salaries & Wages,Supply Chain,Manual,T. Nakamura,Senior Accountant,T. Nakamura,25000,1052.72,1052.72,1,0,0,0,0,0,0,0,1,30,1
ERP-001976,2025-03,2025-03-20 13:57:46,COGS - Materials,Supply Chain,Manual,X. Ferreira,AP Specialist,X. Ferreira,5000,2676.26,2676.26,1,0,0,0,0,0,0,0,1,30,1
ERP-002087,2025-03,2025-03-15 08:40:36,Salaries & Wages,Finance,Manual,X. Ferreira,AP Specialist,X. Ferreira,5000,3403.84,3403.84,1,0,0,0,0,0,0,1,1,30,1
ERP-002124,2025-03,2025-03-02 16:01:11,Salaries & Wages,Sales,Manual,T. Nakamura,Senior Accountant,T. Nakamura,25000,13116.41,13116.41,1,0,0,0,0,0,0,1,1,30,1
ERP-002140,2025-03,2025-03-02 12:53:35,Salaries & Wages,Sales,Manual,X. Ferreira,AP Specialist,X. Ferreira,5000,1039.04,1039.04,1,0,0,0,0,0,0,1,1,30,1
ERP-002163,2025-03,2025-03-10 14:55:30,COGS - Materials,IT,Manual,T. Nakamura,Senior Accountant,T. Nakamura,25000,6006.8,6006.8,1,0,0,0,0,0,0,0,1,30,1
ERP-002275,2025-03,2025-03-01 13:42:55,Accounts Receivable,Marketing,Manual,T. Nakamura,Senior Accountant,T. Nakamura,25000,570.81,570.81,1,0,0,0,0,0,0,1,1,30,1
ERP-002306,2025-03,2025-03-12 10:25:37,Rent & Facilities,Marketing,Manual,X. Ferreira,AP Specialist,X. Ferreira,5000,1707.65,1707.65,1,0,0,0,0,0,0,0,1,30,1
ERP-002354,2025-03,2025-03-17 08:00:49,Product Revenue,Marketing,Manual,T. Nakamura,Senior Accountant,T. Nakamura,25000,-1549.74,1549.74,1,0,0,0,0,0,0,0,1,30,1
ERP-002367,2025-03,2025-03-15 16:23:33,IT & Software,IT,Manual,T. Nakamura,Senior Accountant,T. Nakamura,25000,1197.89,1197.89,1,0,0,0,0,0,0,1,1,30,1
ERP-002486,2025-03,2025-03-05 14:56:08,Salaries & Wages,Operations,Manual,T. Nakamura,Senior Accountant,T. Nakamura,25000,1198.53,1198.53,1,0,0,0,0,0,0,0,1,30,1
ERP-002505,2025-03,2025-03-19 10:38:46,Product Revenue,Finance,Manual,T. Nakamura,Senior Accountant,T. Nakamura,25000,-787.97,787.97,1,0,0,0,0,0,0,0,1,30,1
ERP-002531,2025-03,2025-03-06 08:14:04,Marketing,Supply Chain,Manual,T. Nakamura,Senior Accountant,T. Nakamura,25000,540.45,540.45,1,0,0,0,0,0,0,0,1,30,1
ERP-002606,2025-03,2025-03-10 17:16:25,Rent & Facilities,Finance,Manual,S. Kowalski,Assistant Controller,S. Kowalski,100000,1786.58,1786.58,1,0,0,0,0,0,0,0,1,30,1
ERP-002662,2025-03,2025-03-26 15:07:56,Marketing,Finance,Manual,T. Nakamura,Senior Accountant,T. Nakamura,25000,2337.83,2337.83,1,0,0,0,0,0,0,0,1,30,1
ERP-002719,2025-04,2025-04-07 16:26:04,Product Revenue,Supply Chain,Manual,X. Ferreira,AP Specialist,X. Ferreira,5000,-444.03,444.03,1,0,0,0,0,0,0,0,1,30,1
ERP-002751,2025-04,2025-04-26 14:30:44,Accounts Payable,Finance,Manual,T. Nakamura,Senior Accountant,T. Nakamura,25000,-1785.98,1785.98,1,0,0,0,0,0,0,1,1,30,1
ERP-002805,2025-04,2025-04-25 09:42:10,Marketing,Finance,Manual,T. Nakamura,Senior Accountant,T. Nakamura,25000,882.21,882.21,1,0,0,0,0,0,0,0,1,30,1
ERP-002822,2025-04,2025-04-07 11:04:49,COGS - Materials,Finance,Manual,T. Nakamura,Senior Accountant,T. Nakamura,25000,4524.88,4524.88,1,0,0,0,0,0,0,0,1,30,1
ERP-002910,2025-04,2025-04-15 16:42:54,Salaries & Wages,Operations,Manual,T. Nakamura,Senior Accountant,T. Nakamura,25000,993.42,993.42,1,0,0,0,0,0,0,0,1,30,1
ERP-002956,2025-04,2025-04-18 09:58:04,COGS - Materials,Operations,Manual,X. Ferreira,AP Specialist,X. Ferreira,5000,2447.06,2447.06,1,0,0,0,0,0,0,0,1,30,1
ERP-003006,2025-04,2025-04-03 14:59:00,Rent & Facilities,Marketing,Manual,T. Nakamura,Senior Accountant,T. Nakamura,25000,4032.37,4032.37,1,0,0,0,0,0,0,0,1,30,1
ERP-003050,2025-04,2025-04-11 14:04:38,Service Revenue,IT,Manual,T. Nakamura,Senior Accountant,T. Nakamura,25000,-122.72,122.72,1,0,0,0,0,0,0,0,1,30,1
ERP-003098,2025-04,2025-04-26 17:57:11,Accounts Payable,Marketing,Manual,T. Nakamura,Senior Accountant,T. Nakamura,25000,-1011.87,1011.87,1,0,0,0,0,0,0,1,1,30,1
ERP-003102,2025-04,2025-04-03 17:38:54,Service Revenue,Operations,Manual,T. Nakamura,Senior Accountant,T. Nakamura,25000,-1005.23,1005.23,1,0,0,0,0,0,0,0,1,30,1
ERP-003109,2025-04,2025-04-26 15:08:53,COGS - Materials,Supply Chain,Manual,X. Ferreira,AP Specialist,X. Ferreira,5000,3273.89,3273.89,1,0,0,0,0,0,0,1,1,30,1
ERP-003180,2025-04,2025-04-18 17:51:41,Accounts Receivable,Supply Chain,Manual,T. Nakamura,Senior Accountant,T. Nakamura,25000,3289.35,3289.35,1,0,0,0,0,0,0,0,1,30,1
ERP-003193,2025-04,2025-04-07 11:40:34,Service Revenue,IT,Manual,T. Nakamura,Senior Accountant,T. Nakamura,25000,-619.6,619.6,1,0,0,0,0,0,0,0,1,30,1
ERP-003200,2025-04,2025-04-16 17:41:01,COGS - Materials,Supply Chain,Manual,T. Nakamura,Senior Accountant,T. Nakamura,25000,6853.64,6853.64,1,0,0,0,0,0,0,0,1,30,1
ERP-003247,2025-04,2025-04-26 13:28:02,Accounts Receivable,Operations,Manual,T. Nakamura,Senior Accountant,T. Nakamura,25000,1053.04,1053.04,1,0,0,0,0,0,0,1,1,30,1
ERP-003415,2025-04,2025-04-05 13:31:47,Service Revenue,IT,Manual,X. Ferreira,AP Specialist,X. Ferreira,5000,-1622.19,1622.19,1,0,0,0,0,0,0,1,1,30,1
ERP-003421,2025-04,2025-04-17 12:56:09,Service Revenue,Operations,Manual,X. Ferreira,AP Specialist,X. Ferreira,5000,-1419.8,1419.8,1,0,0,0,0,0,0,0,1,30,1
ERP-003481,2025-04,2025-04-05 08:10:07,Product Revenue,Marketing,Manual,T. Nakamura,Senior Accountant,T. Nakamura,25000,-867.01,867.01,1,0,0,0,0,0,0,1,1,30,1
ERP-003549,2025-04,2025-04-12 14:31:28,IT & Software,Finance,Manual,R. Almeida,Financial Controller,R. Almeida,250000,3996.13,3996.13,1,0,0,0,0,0,0,1,1,30,1
ERP-003566,2025-04,2025-04-04 16:42:00,COGS - Materials,Sales,Manual,V. Adeyemi,Staff Accountant,V. Adeyemi,10000,1538.71,1538.71,1,0,0,0,0,0,0,0,1,30,1
ERP-003589,2025-04,2025-04-18 15:52:08,Rent & Facilities,Supply Chain,Manual,X. Ferreira,AP Specialist,X. Ferreira,5000,2216.59,2216.59,1,0,0,0,0,0,0,0,1,30,1
ERP-003596,2025-04,2025-04-22 12:03:02,Service Revenue,Finance,Manual,X. Ferreira,AP Specialist,X. Ferreira,5000,-507.88,507.88,1,0,0,0,0,0,0,0,1,30,1
ERP-003637,2025-05,2025-05-07 11:05:24,COGS - Freight,Finance,Manual,T. Nakamura,Senior Accountant,T. Nakamura,25000,7045.98,7045.98,1,0,0,0,0,0,0,0,1,30,1
ERP-003648,2025-05,2025-05-11 14:40:49,Salaries & Wages,Marketing,Manual,X. Ferreira,AP Specialist,X. Ferreira,5000,2460.02,2460.02,1,0,0,0,0,0,0,1,1,30,1
ERP-003693,2025-05,2025-05-24 09:50:15,Salaries & Wages,Supply Chain,Manual,T. Nakamura,Senior Accountant,T. Nakamura,25000,260.2,260.2,1,0,0,0,0,0,0,1,1,30,1
ERP-003719,2025-05,2025-05-20 11:19:59,Salaries & Wages,Finance,Manual,T. Nakamura,Senior Accountant,T. Nakamura,25000,571.19,571.19,1,0,0,0,0,0,0,0,1,30,1
ERP-003812,2025-05,2025-05-04 11:50:07,Salaries & Wages,Marketing,Manual,X. Ferreira,AP Specialist,X. Ferreira,5000,1441.41,1441.41,1,0,0,0,0,0,0,1,1,30,1
ERP-003842,2025-05,2025-05-19 15:42:40,COGS - Materials,IT,Manual,T. Nakamura,Senior Accountant,T. Nakamura,25000,1094.45,1094.45,1,0,0,0,0,0,0,0,1,30,1
ERP-004033,2025-05,2025-05-08 17:04:24,Salaries & Wages,Finance,Manual,V. Adeyemi,Staff Accountant,V. Adeyemi,10000,3317.35,3317.35,1,0,0,0,0,0,0,0,1,30,1
ERP-004064,2025-05,2025-05-13 11:10:05,Service Revenue,Finance,Manual,V. Adeyemi,Staff Accountant,V. Adeyemi,10000,-1283.32,1283.32,1,0,0,0,0,0,0,0,1,30,1
ERP-004179,2025-05,2025-05-18 15:51:02,Marketing,Operations,Manual,T. Nakamura,Senior Accountant,T. Nakamura,25000,2659.76,2659.76,1,0,0,0,0,0,0,1,1,30,1
ERP-004189,2025-05,2025-05-10 13:25:26,COGS - Materials,IT,Manual,T. Nakamura,Senior Accountant,T. Nakamura,25000,1975.12,1975.12,1,0,0,0,0,0,0,1,1,30,1
ERP-004243,2025-05,2025-05-21 08:36:39,Product Revenue,Marketing,Manual,X. Ferreira,AP Specialist,X. Ferreira,5000,-1589.49,1589.49,1,0,0,0,0,0,0,0,1,30,1
ERP-004245,2025-05,2025-05-24 08:28:13,Product Revenue,Supply Chain,Manual,X. Ferreira,AP Specialist,X. Ferreira,5000,-3018.31,3018.31,1,0,0,0,0,0,0,1,1,30,1
ERP-004277,2025-05,2025-05-22 15:35:46,Salaries & Wages,Supply Chain,Manual,R. Almeida,Financial Controller,R. Almeida,250000,14898.52,14898.52,1,0,0,0,0,0,0,0,1,30,1
ERP-004282,2025-05,2025-05-04 08:18:57,Rent & Facilities,Supply Chain,Manual,T. Nakamura,Senior Accountant,T. Nakamura,25000,5698.02,5698.02,1,0,0,0,0,0,0,1,1,30,1
ERP-004344,2025-05,2025-05-03 17:27:56,Accounts Receivable,Marketing,Manual,X. Ferreira,AP Specialist,X. Ferreira,5000,2186.04,2186.04,1,0,0,0,0,0,0,1,1,30,1
ERP-004414,2025-05,2025-05-17 16:12:54,Marketing,Supply Chain,Manual,X. Ferreira,AP Specialist,X. Ferreira,5000,644.32,644.32,1,0,0,0,0,0,0,1,1,30,1
ERP-004774,2025-06,2025-06-06 12:54:29,Rent & Facilities,Operations,Manual,Y. Volkov,AR Specialist,Y. Volkov,5000,514.0,514.0,1,0,0,0,0,0,0,0,1,30,1
ERP-005017,2025-06,2025-06-07 12:50:13,Accounts Receivable,Marketing,Manual,T. Nakamura,Senior Accountant,T. Nakamura,25000,5234.24,5234.24,1,0,0,0,0,0,0,1,1,30,1
ERP-005089,2025-06,2025-06-01 13:12:48,Accounts Receivable,Sales,Manual,T. Nakamura,Senior Accountant,T. Nakamura,25000,983.76,983.76,1,0,0,0,0,0,0,1,1,30,1
ERP-005097,2025-06,2025-06-15 15:38:23,Service Revenue,IT,Manual,U. Brennan,Senior Accountant,U. Brennan,25000,-4097.17,4097.17,1,0,0,0,0,0,0,1,1,30,1
ERP-005132,2025-06,2025-06-16 14:38:34,Accounts Receivable,Supply Chain,Manual,X. Ferreira,AP Specialist,X. Ferreira,5000,265.36,265.36,1,0,0,0,0,0,0,0,1,30,1
ERP-005142,2025-06,2025-06-11 17:36:41,Accounts Payable,Marketing,Manual,X. Ferreira,AP Specialist,X. Ferreira,5000,-2616.02,2616.02,1,0,0,0,0,0,0,0,1,30,1
ERP-005264,2025-06,2025-06-11 16:35:44,Service Revenue,IT,Manual,T. Nakamura,Senior Accountant,T. Nakamura,25000,-2940.34,2940.34,1,0,0,0,0,0,0,0,1,30,1
ERP-005282,2025-06,2025-06-16 11:41:15,Marketing,Supply Chain,Manual,X. Ferreira,AP Specialist,X. Ferreira,5000,3237.15,3237.15,1,0,0,0,0,0,0,0,1,30,1
ERP-005352,2025-06,2025-06-22 08:52:46,Salaries & Wages,Sales,Manual,X. Ferreira,AP Specialist,X. Ferreira,5000,937.21,937.21,1,0,0,0,0,0,0,1,1,30,1
ERP-000301,2025-01,2025-01-31 09:50:39,COGS - Materials,IT,Manual,R. Almeida,Financial Controller,Y. Volkov,5000,12670.99,12670.99,0,1,0,0,0,1,0,0,2,29,0
ERP-002557,2025-03,2025-03-31 10:48:36,Product Revenue,Supply Chain,Manual,R. Almeida,Financial Controller,W. Lindgren,10000,-12757.02,12757.02,0,1,0,0,0,1,0,0,2,29,0
ERP-002613,2025-03,2025-03-29 15:51:35,COGS - Freight,Marketing,Manual,S. Kowalski,Assistant Controller,X. Ferreira,5000,13726.34,13726.34,0,1,0,0,0,1,0,1,2,29,0
ERP-004333,2025-05,2025-05-30 10:39:44,Marketing,IT,Manual,Z. Osei,FP&A Analyst,Y. Volkov,5000,29310.05,29310.05,0,1,0,0,0,1,0,0,2,29,0
ERP-004631,2025-06,2025-06-28 10:27:35,Salaries & Wages,Supply Chain,Manual,S. Kowalski,Assistant Controller,Y. Volkov,5000,8619.5,8619.5,0,1,0,0,0,1,0,1,2,29,0
ERP-001153,2025-02,2025-02-20 20:27:41,COGS - Materials,IT,Manual,V. Adeyemi,Staff Accountant,X. Ferreira,5000,4815.06,4815.06,0,0,1,0,1,0,0,0,2,28,0
ERP-002231,2025-03,2025-03-03 00:09:18,COGS - Materials,Finance,Manual,X. Ferreira,AP Specialist,R. Almeida,250000,4790.29,4790.29,0,0,1,0,1,0,0,0,2,28,0
ERP-002579,2025-03,2025-03-18 01:50:16,COGS - Materials,Supply Chain,Manual,Y. Volkov,AR Specialist,S. Kowalski,100000,4700.95,4700.95,0,0,1,0,1,0,0,0,2,28,0
ERP-002635,2025-03,2025-03-05 01:13:14,COGS - Materials,IT,Manual,S. Kowalski,Assistant Controller,U. Brennan,25000,9918.63,9918.63,0,0,1,0,1,0,0,0,2,28,0
ERP-003967,2025-05,2025-05-21 16:31:01,Salaries & Wages,Operations,Manual,S. Kowalski,Assistant Controller,Y. Volkov,5000,5121.95,5121.95,0,1,0,0,0,0,1,0,2,28,0
ERP-004099,2025-05,2025-05-04 06:46:37,Service Revenue,Operations,Manual,W. Lindgren,Staff Accountant,R. Almeida,250000,-4934.75,4934.75,0,0,1,0,1,0,0,1,2,28,0
ERP-004367,2025-05,2025-05-06 08:55:56,Rent & Facilities,Operations,Manual,V. Adeyemi,Staff Accountant,Y. Volkov,5000,5630.6,5630.6,0,1,0,0,0,0,1,0,2,28,0
ERP-005369,2025-06,2025-06-10 21:25:03,COGS - Materials,IT,Manual,R. Almeida,Financial Controller,T. Nakamura,25000,4955.62,4955.62,0,0,1,0,1,0,0,0,2,28,0
ERP-000088,2025-01,2025-01-07 10:47:28,Salaries & Wages,Operations,Manual,T. Nakamura,Senior Accountant,X. Ferreira,5000,6083.47,6083.47,0,1,0,0,0,0,0,0,1,25,0
ERP-000123,2025-01,2025-01-01 13:08:57,COGS - Freight,IT,Manual,W. Lindgren,Staff Accountant,V. Adeyemi,10000,14234.62,14234.62,0,1,0,0,0,0,0,0,1,25,0
ERP-000158,2025-01,2025-01-02 08:13:51,COGS - Freight,Operations,Manual,R. Almeida,Financial Controller,W. Lindgren,10000,12509.9,12509.9,0,1,0,0,0,0,0,0,1,25,0
ERP-000266,2025-01,2025-01-14 12:47:48,Service Revenue,Operations,Manual,W. Lindgren,Staff Accountant,Y. Volkov,5000,-45104.57,45104.57,0,1,0,0,0,0,0,0,1,25,0
ERP-000587,2025-01,2025-01-25 17:10:08,Service Revenue,Marketing,Manual,U. Brennan,Senior Accountant,W. Lindgren,10000,-14189.55,14189.55,0,1,0,0,0,0,0,1,1,25,0
ERP-000620,2025-01,2025-01-14 09:28:25,COGS - Freight,Marketing,Manual,Z. Osei,FP&A Analyst,X. Ferreira,5000,6194.31,6194.31,0,1,0,0,0,0,0,0,1,25,0
ERP-001038,2025-02,2025-02-22 11:17:41,Rent & Facilities,Finance,Manual,Y. Volkov,AR Specialist,X. Ferreira,5000,7252.8,7252.8,0,1,0,0,0,0,0,1,1,25,0
ERP-001051,2025-02,2025-02-24 08:05:52,Accounts Receivable,IT,Manual,U. Brennan,Senior Accountant,Y. Volkov,5000,16564.22,16564.22,0,1,0,0,0,0,0,0,1,25,0
ERP-001256,2025-02,2025-02-01 09:36:42,IT & Software,IT,Manual,W. Lindgren,Staff Accountant,Y. Volkov,5000,5946.04,5946.04,0,1,0,0,0,0,0,1,1,25,0
ERP-001324,2025-02,2025-02-22 15:01:06,Accounts Payable,Finance,Manual,W. Lindgren,Staff Accountant,X. Ferreira,5000,-6677.45,6677.45,0,1,0,0,0,0,0,1,1,25,0
ERP-001351,2025-02,2025-02-23 16:39:47,Marketing,IT,Manual,W. Lindgren,Staff Accountant,X. Ferreira,5000,11802.0,11802.0,0,1,0,0,0,0,0,1,1,25,0
ERP-001411,2025-02,2025-02-23 09:32:28,Service Revenue,Sales,Manual,R. Almeida,Financial Controller,X. Ferreira,5000,-12296.63,12296.63,0,1,0,0,0,0,0,1,1,25,0
ERP-001423,2025-02,2025-02-12 14:25:29,Marketing,Supply Chain,Manual,S. Kowalski,Assistant Controller,X. Ferreira,5000,5728.02,5728.02,0,1,0,0,0,0,0,0,1,25,0
ERP-001461,2025-02,2025-02-14 10:29:47,Service Revenue,IT,Manual,W. Lindgren,Staff Accountant,X. Ferreira,5000,-12152.0,12152.0,0,1,0,0,0,0,0,0,1,25,0
ERP-001501,2025-02,2025-02-24 17:01:48,Service Revenue,Supply Chain,Manual,V. Adeyemi,Staff Accountant,X. Ferreira,5000,-12494.22,12494.22,0,1,0,0,0,0,0,0,1,25,0
ERP-001532,2025-02,2025-02-09 16:04:09,Product Revenue,Marketing,Manual,S. Kowalski,Assistant Controller,X. Ferreira,5000,-15142.45,15142.45,0,1,0,0,0,0,0,1,1,25,0
ERP-001565,2025-02,2025-02-19 17:24:59,Accounts Receivable,Finance,Manual,Y. Volkov,AR Specialist,V. Adeyemi,10000,66763.08,66763.08,0,1,0,0,0,0,0,0,1,25,0
ERP-001573,2025-02,2025-02-07 17:58:45,Accounts Payable,Supply Chain,Manual,Y. Volkov,AR Specialist,W. Lindgren,10000,-13763.71,13763.71,0,1,0,0,0,0,0,0,1,25,0
ERP-001745,2025-02,2025-02-16 15:52:35,COGS - Materials,Finance,Manual,T. Nakamura,Senior Accountant,Y. Volkov,5000,10069.92,10069.92,0,1,0,0,0,0,0,1,1,25,0
ERP-001909,2025-03,2025-03-18 09:03:51,IT & Software,Finance,Manual,V. Adeyemi,Staff Accountant,W. Lindgren,10000,17797.07,17797.07,0,1,0,0,0,0,0,0,1,25,0
ERP-001957,2025-03,2025-03-15 16:27:17,Marketing,Supply Chain,Manual,S. Kowalski,Assistant Controller,Y. Volkov,5000,16391.71,16391.71,0,1,0,0,0,0,0,1,1,25,0
ERP-002102,2025-03,2025-03-02 08:04:59,Product Revenue,Marketing,Manual,Z. Osei,FP&A Analyst,V. Adeyemi,10000,-12143.2,12143.2,0,1,0,0,0,0,0,1,1,25,0
ERP-002137,2025-03,2025-03-11 09:37:57,Accounts Receivable,Marketing,Manual,Z. Osei,FP&A Analyst,Y. Volkov,5000,6691.62,6691.62,0,1,0,0,0,0,0,0,1,25,0
ERP-002427,2025-03,2025-03-19 12:30:16,Service Revenue,IT,Manual,Z. Osei,FP&A Analyst,Y. Volkov,5000,-14373.59,14373.59,0,1,0,0,0,0,0,0,1,25,0
ERP-002575,2025-03,2025-03-21 17:41:56,COGS - Freight,Finance,Manual,S. Kowalski,Assistant Controller,X. Ferreira,5000,10958.24,10958.24,0,1,0,0,0,0,0,0,1,25,0
ERP-002675,2025-03,2025-03-25 16:53:17,Accounts Payable,Finance,Manual,W. Lindgren,Staff Accountant,Y. Volkov,5000,-5236.48,5236.48,0,1,0,0,0,0,0,0,1,25,0
ERP-002683,2025-03,2025-03-11 11:28:03,Product Revenue,Marketing,Manual,V. Adeyemi,Staff Accountant,W. Lindgren,10000,-10404.3,10404.3,0,1,0,0,0,0,0,0,1,25,0
ERP-002737,2025-04,2025-04-03 15:25:18,COGS - Freight,Sales,Manual,Y. Volkov,AR Specialist,W. Lindgren,10000,10722.93,10722.93,0,1,0,0,0,0,0,0,1,25,0
ERP-002935,2025-04,2025-04-26 16:37:26,Marketing,Marketing,Manual,V. Adeyemi,Staff Accountant,T. Nakamura,25000,47524.53,47524.53,0,1,0,0,0,0,0,1,1,25,0
ERP-003163,2025-04,2025-04-19 12:41:40,Service Revenue,Finance,Manual,W. Lindgren,Staff Accountant,V. Adeyemi,10000,-20984.07,20984.07,0,1,0,0,0,0,0,1,1,25,0
ERP-003408,2025-04,2025-04-10 09:31:52,COGS - Freight,Supply Chain,Manual,R. Almeida,Financial Controller,V. Adeyemi,10000,22933.15,22933.15,0,1,0,0,0,0,0,0,1,25,0
ERP-003409,2025-04,2025-04-02 10:55:01,Product Revenue,Sales,Manual,U. Brennan,Senior Accountant,Y. Volkov,5000,-9280.73,9280.73,0,1,0,0,0,0,0,0,1,25,0
ERP-003453,2025-04,2025-04-21 15:47:45,Rent & Facilities,Sales,Manual,S. Kowalski,Assistant Controller,X. Ferreira,5000,7338.3,7338.3,0,1,0,0,0,0,0,0,1,25,0
ERP-003483,2025-04,2025-04-11 17:45:17,Rent & Facilities,Finance,Manual,V. Adeyemi,Staff Accountant,Y. Volkov,5000,37616.85,37616.85,0,1,0,0,0,0,0,0,1,25,0
ERP-003590,2025-04,2025-04-08 14:17:11,Marketing,Operations,Manual,Y. Volkov,AR Specialist,X. Ferreira,5000,7323.35,7323.35,0,1,0,0,0,0,0,0,1,25,0
ERP-003801,2025-05,2025-05-13 13:24:52,Accounts Receivable,IT,Manual,Z. Osei,FP&A Analyst,Y. Volkov,5000,10365.82,10365.82,0,1,0,0,0,0,0,0,1,25,0
ERP-003876,2025-05,2025-05-01 09:31:47,IT & Software,Sales,Manual,U. Brennan,Senior Accountant,V. Adeyemi,10000,15505.58,15505.58,0,1,0,0,0,0,0,0,1,25,0
ERP-003884,2025-05,2025-05-16 16:39:12,Rent & Facilities,Sales,Manual,S. Kowalski,Assistant Controller,Y. Volkov,5000,5752.17,5752.17,0,1,0,0,0,0,0,0,1,25,0
ERP-004086,2025-05,2025-05-26 08:23:57,Rent & Facilities,Finance,Manual,U. Brennan,Senior Accountant,X. Ferreira,5000,41038.75,41038.75,0,1,0,0,0,0,0,0,1,25,0
ERP-004145,2025-05,2025-05-06 08:16:43,Accounts Receivable,Operations,Manual,Z. Osei,FP&A Analyst,X. Ferreira,5000,5484.03,5484.03,0,1,0,0,0,0,0,0,1,25,0
ERP-004216,2025-05,2025-05-11 11:10:16,Accounts Payable,Finance,Manual,W. Lindgren,Staff Accountant,Y. Volkov,5000,-8072.82,8072.82,0,1,0,0,0,0,0,1,1,25,0
ERP-004273,2025-05,2025-05-04 15:10:18,Service Revenue,Operations,Manual,R. Almeida,Financial Controller,Y. Volkov,5000,-7271.11,7271.11,0,1,0,0,0,0,0,1,1,25,0
ERP-004314,2025-05,2025-05-22 14:56:55,Rent & Facilities,IT,Manual,R. Almeida,Financial Controller,X. Ferreira,5000,5009.59,5009.59,0,1,0,0,0,0,0,0,1,25,0
ERP-004570,2025-06,2025-06-26 16:51:15,Salaries & Wages,Finance,Manual,Y. Volkov,AR Specialist,X. Ferreira,5000,54235.27,54235.27,0,1,0,0,0,0,0,0,1,25,0
ERP-004623,2025-06,2025-06-15 10:37:24,Accounts Receivable,Supply Chain,Manual,Z. Osei,FP&A Analyst,Y. Volkov,5000,36209.25,36209.25,0,1,0,0,0,0,0,1,1,25,0
ERP-004698,2025-06,2025-06-04 11:09:53,COGS - Materials,IT,Manual,S. Kowalski,Assistant Controller,U. Brennan,25000,25971.66,25971.66,0,1,0,0,0,0,0,0,1,25,0
ERP-004761,2025-06,2025-06-07 16:23:01,Product Revenue,Sales,Manual,Z. Osei,FP&A Analyst,X. Ferreira,5000,-11561.56,11561.56,0,1,0,0,0,0,0,1,1,25,0
ERP-004798,2025-06,2025-06-24 08:03:40,Service Revenue,Supply Chain,Manual,V. Adeyemi,Staff Accountant,Y. Volkov,5000,-14443.09,14443.09,0,1,0,0,0,0,0,0,1,25,0
ERP-004829,2025-06,2025-06-08 09:05:06,COGS - Materials,Finance,Manual,V. Adeyemi,Staff Accountant,Y. Volkov,5000,6460.12,6460.12,0,1,0,0,0,0,0,1,1,25,0
ERP-004835,2025-06,2025-06-18 11:50:49,Marketing,Operations,Manual,R. Almeida,Financial Controller,W. Lindgren,10000,31331.43,31331.43,0,1,0,0,0,0,0,0,1,25,0
ERP-004865,2025-06,2025-06-22 14:37:16,Product Revenue,Sales,Manual,W. Lindgren,Staff Accountant,V. Adeyemi,10000,-18277.95,18277.95,0,1,0,0,0,0,0,1,1,25,0
ERP-004878,2025-06,2025-06-07 13:35:46,Product Revenue,Marketing,Manual,W. Lindgren,Staff Accountant,X. Ferreira,5000,-10139.96,10139.96,0,1,0,0,0,0,0,1,1,25,0
ERP-004935,2025-06,2025-06-26 16:22:15,Salaries & Wages,Marketing,Manual,V. Adeyemi,Staff Accountant,Y. Volkov,5000,7264.65,7264.65,0,1,0,0,0,0,0,0,1,25,0
ERP-004936,2025-06,2025-06-26 15:50:42,Accounts Payable,Operations,Manual,V. Adeyemi,Staff Accountant,Y. Volkov,5000,-5156.79,5156.79,0,1,0,0,0,0,0,0,1,25,0
ERP-004989,2025-06,2025-06-09 14:28:26,COGS - Materials,IT,Manual,S. Kowalski,Assistant Controller,Y. Volkov,5000,7679.68,7679.68,0,1,0,0,0,0,0,0,1,25,0
ERP-005024,2025-06,2025-06-04 12:56:54,COGS - Freight,Supply Chain,Manual,R. Almeida,Financial Controller,X. Ferreira,5000,28428.59,28428.59,0,1,0,0,0,0,0,0,1,25,0
ERP-005091,2025-06,2025-06-03 10:03:56,Accounts Receivable,Supply Chain,Manual,R. Almeida,Financial Controller,Y. Volkov,5000,16052.02,16052.02,0,1,0,0,0,0,0,0,1,25,0
ERP-005131,2025-06,2025-06-18 12:21:41,IT & Software,Supply Chain,Manual,U. Brennan,Senior Accountant,X. Ferreira,5000,5474.49,5474.49,0,1,0,0,0,0,0,0,1,25,0
ERP-005202,2025-06,2025-06-05 10:50:24,Rent & Facilities,Marketing,Manual,U. Brennan,Senior Accountant,Y. Volkov,5000,6445.36,6445.36,0,1,0,0,0,0,0,0,1,25,0
ERP-000349,2025-01,2025-01-29 16:23:34,Rent & Facilities,Finance,Manual,W. Lindgren,Staff Accountant,U. Brennan,25000,4818.11,4818.11,0,0,1,0,0,1,0,0,2,24,0
ERP-000706,2025-01,2025-01-28 09:05:52,Product Revenue,Sales,Manual,U. Brennan,Senior Accountant,Y. Volkov,5000,-4849.56,4849.56,0,0,1,0,0,1,0,0,2,24,0
ERP-001182,2025-02,2025-02-26 08:41:39,Marketing,IT,Manual,T. Nakamura,Senior Accountant,U. Brennan,25000,4934.14,4934.14,0,0,1,0,0,1,0,0,2,24,0
ERP-001517,2025-02,2025-02-27 15:12:41,Marketing,IT,Manual,Y. Volkov,AR Specialist,T. Nakamura,25000,4940.6,4940.6,0,0,1,0,0,1,0,0,2,24,0
ERP-001588,2025-02,2025-02-27 11:37:12,Rent & Facilities,Operations,Manual,Y. Volkov,AR Specialist,U. Brennan,25000,4886.35,4886.35,0,0,1,0,0,1,0,0,2,24,0
ERP-001592,2025-02,2025-02-26 16:18:24,Product Revenue,Operations,Manual,X. Ferreira,AP Specialist,T. Nakamura,25000,-9580.26,9580.26,0,0,1,0,0,1,0,0,2,24,0
ERP-001916,2025-03,2025-03-28 14:53:19,IT & Software,Finance,Manual,Z. Osei,FP&A Analyst,S. Kowalski,100000,4727.96,4727.96,0,0,1,0,0,1,0,0,2,24,0
ERP-003177,2025-04,2025-04-27 11:54:28,IT & Software,Sales,Manual,R. Almeida,Financial Controller,W. Lindgren,10000,4843.55,4843.55,0,0,1,0,0,1,0,1,2,24,0
ERP-003201,2025-04,2025-04-28 17:23:30,Product Revenue,Finance,Manual,Z. Osei,FP&A Analyst,U. Brennan,25000,-4922.7,4922.7,0,0,1,0,0,1,0,0,2,24,0
ERP-004292,2025-05,2025-05-28 13:35:46,COGS - Freight,Finance,Manual,R. Almeida,Financial Controller,V. Adeyemi,10000,9987.89,9987.89,0,0,1,0,0,1,0,0,2,24,0
ERP-004724,2025-06,2025-06-28 10:57:55,Marketing,Marketing,Manual,T. Nakamura,Senior Accountant,X. Ferreira,5000,4732.24,4732.24,0,0,1,0,0,1,0,1,2,24,0
ERP-000125,2025-01,2025-01-12 14:48:59,Service Revenue,Supply Chain,Manual,S. Kowalski,Assistant Controller,R. Almeida,250000,-4766.55,4766.55,0,0,1,0,0,0,1,1,2,23,0
ERP-002147,2025-03,2025-03-26 13:50:32,COGS - Materials,IT,Manual,X. Ferreira,AP Specialist,T. Nakamura,25000,9946.54,9946.54,0,0,1,0,0,0,1,0,2,23,0
ERP-003355,2025-04,2025-04-28 00:22:17,Salaries & Wages,Supply Chain,Manual,Z. Osei,FP&A Analyst,V. Adeyemi,10000,3000.0,3000.0,0,0,0,1,1,1,0,0,3,22,0
ERP-000041,2025-01,2025-01-08 17:38:43,Service Revenue,Sales,Manual,V. Adeyemi,Staff Accountant,R. Almeida,250000,-4942.95,4942.95,0,0,1,0,0,0,0,0,1,20,0
ERP-000247,2025-01,2025-01-11 11:54:40,Service Revenue,IT,Manual,R. Almeida,Financial Controller,Y. Volkov,5000,-4774.69,4774.69,0,0,1,0,0,0,0,1,1,20,0
ERP-000263,2025-01,2025-01-10 17:07:31,Product Revenue,IT,Manual,V. Adeyemi,Staff Accountant,W. Lindgren,10000,-4774.76,4774.76,0,0,1,0,0,0,0,0,1,20,0
ERP-000274,2025-01,2025-01-10 15:37:25,Accounts Payable,IT,Manual,V. Adeyemi,Staff Accountant,S. Kowalski,100000,-4874.46,4874.46,0,0,1,0,0,0,0,0,1,20,0
ERP-000315,2025-01,2025-01-27 15:40:00,Accounts Payable,IT,Manual,U. Brennan,Senior Accountant,W. Lindgren,10000,-4769.34,4769.34,0,0,1,0,0,0,0,0,1,20,0
ERP-000466,2025-01,2025-01-14 16:13:49,Salaries & Wages,Sales,Manual,W. Lindgren,Staff Accountant,X. Ferreira,5000,4942.32,4942.32,0,0,1,0,0,0,0,0,1,20,0
ERP-000492,2025-01,2025-01-25 16:09:37,Salaries & Wages,IT,Manual,R. Almeida,Financial Controller,Y. Volkov,5000,4937.91,4937.91,0,0,1,0,0,0,0,1,1,20,0
ERP-000574,2025-01,2025-01-06 08:15:40,Product Revenue,Marketing,Manual,U. Brennan,Senior Accountant,S. Kowalski,100000,-9837.59,9837.59,0,0,1,0,0,0,0,0,1,20,0
ERP-000796,2025-01,2025-01-17 13:56:44,COGS - Freight,Finance,Manual,Y. Volkov,AR Specialist,T. Nakamura,25000,4901.68,4901.68,0,0,1,0,0,0,0,0,1,20,0
ERP-000939,2025-02,2025-02-20 13:38:41,COGS - Freight,Supply Chain,Manual,U. Brennan,Senior Accountant,W. Lindgren,10000,9773.82,9773.82,0,0,1,0,0,0,0,0,1,20,0
ERP-000984,2025-02,2025-02-06 11:54:11,COGS - Materials,Sales,Manual,S. Kowalski,Assistant Controller,U. Brennan,25000,4844.87,4844.87,0,0,1,0,0,0,0,0,1,20,0
ERP-000991,2025-02,2025-02-13 16:41:23,IT & Software,Sales,Manual,V. Adeyemi,Staff Accountant,S. Kowalski,100000,4891.6,4891.6,0,0,1,0,0,0,0,0,1,20,0
ERP-001069,2025-02,2025-02-23 16:35:35,COGS - Freight,Marketing,Manual,S. Kowalski,Assistant Controller,T. Nakamura,25000,4961.27,4961.27,0,0,1,0,0,0,0,1,1,20,0
ERP-001130,2025-02,2025-02-17 16:40:46,Service Revenue,Supply Chain,Manual,Z. Osei,FP&A Analyst,X. Ferreira,5000,-4902.53,4902.53,0,0,1,0,0,0,0,0,1,20,0
ERP-001180,2025-02,2025-02-19 17:42:37,Accounts Payable,IT,Manual,W. Lindgren,Staff Accountant,V. Adeyemi,10000,-4749.14,4749.14,0,0,1,0,0,0,0,0,1,20,0
ERP-001314,2025-02,2025-02-19 13:31:46,Accounts Payable,Marketing,Manual,V. Adeyemi,Staff Accountant,W. Lindgren,10000,-4946.17,4946.17,0,0,1,0,0,0,0,0,1,20,0
ERP-001456,2025-02,2025-02-19 13:27:04,Service Revenue,Marketing,Manual,Z. Osei,FP&A Analyst,U. Brennan,25000,-4754.74,4754.74,0,0,1,0,0,0,0,0,1,20,0
ERP-001538,2025-02,2025-02-09 16:55:15,Salaries & Wages,IT,Manual,X. Ferreira,AP Specialist,Y. Volkov,5000,4943.46,4943.46,0,0,1,0,0,0,0,1,1,20,0
ERP-001591,2025-02,2025-02-08 15:50:15,IT & Software,Sales,Manual,R. Almeida,Financial Controller,W. Lindgren,10000,9766.37,9766.37,0,0,1,0,0,0,0,1,1,20,0
ERP-001650,2025-02,2025-02-16 11:42:15,Rent & Facilities,Finance,Manual,Y. Volkov,AR Specialist,U. Brennan,25000,4894.49,4894.49,0,0,1,0,0,0,0,1,1,20,0
ERP-001765,2025-02,2025-02-18 16:29:40,IT & Software,Operations,Manual,W. Lindgren,Staff Accountant,U. Brennan,25000,4929.94,4929.94,0,0,1,0,0,0,0,0,1,20,0
ERP-001838,2025-03,2025-03-08 12:05:29,IT & Software,Operations,Manual,W. Lindgren,Staff Accountant,X. Ferreira,5000,4956.28,4956.28,0,0,1,0,0,0,0,1,1,20,0
ERP-001902,2025-03,2025-03-18 09:07:54,Product Revenue,Marketing,Manual,Y. Volkov,AR Specialist,W. Lindgren,10000,-4713.39,4713.39,0,0,1,0,0,0,0,0,1,20,0
ERP-001975,2025-03,2025-03-15 11:32:00,Service Revenue,IT,Manual,Y. Volkov,AR Specialist,X. Ferreira,5000,-4895.76,4895.76,0,0,1,0,0,0,0,1,1,20,0
ERP-002318,2025-03,2025-03-14 09:28:57,Rent & Facilities,Sales,Manual,Y. Volkov,AR Specialist,W. Lindgren,10000,4960.21,4960.21,0,0,1,0,0,0,0,0,1,20,0
ERP-002325,2025-03,2025-03-09 14:32:36,COGS - Materials,Operations,Manual,V. Adeyemi,Staff Accountant,Y. Volkov,5000,4851.61,4851.61,0,0,1,0,0,0,0,1,1,20,0
ERP-002398,2025-03,2025-03-05 14:35:15,Accounts Payable,Finance,Manual,W. Lindgren,Staff Accountant,X. Ferreira,5000,-4957.44,4957.44,0,0,1,0,0,0,0,0,1,20,0
ERP-002409,2025-03,2025-03-25 12:23:28,IT & Software,Operations,Manual,V. Adeyemi,Staff Accountant,T. Nakamura,25000,4750.67,4750.67,0,0,1,0,0,0,0,0,1,20,0
ERP-002411,2025-03,2025-03-06 09:45:59,COGS - Materials,IT,Manual,W. Lindgren,Staff Accountant,Y. Volkov,5000,4861.29,4861.29,0,0,1,0,0,0,0,0,1,20,0
ERP-002429,2025-03,2025-03-24 09:09:52,COGS - Materials,IT,Manual,T. Nakamura,Senior Accountant,V. Adeyemi,10000,4823.01,4823.01,0,0,1,0,0,0,0,0,1,20,0
ERP-002467,2025-03,2025-03-11 15:09:47,Salaries & Wages,Sales,Manual,W. Lindgren,Staff Accountant,R. Almeida,250000,4846.35,4846.35,0,0,1,0,0,0,0,0,1,20,0
ERP-002496,2025-03,2025-03-11 09:26:31,Marketing,Supply Chain,Manual,T. Nakamura,Senior Accountant,X. Ferreira,5000,4809.48,4809.48,0,0,1,0,0,0,0,0,1,20,0
ERP-002553,2025-03,2025-03-16 09:48:50,Rent & Facilities,Marketing,Manual,Y. Volkov,AR Specialist,V. Adeyemi,10000,4942.69,4942.69,0,0,1,0,0,0,0,1,1,20,0
ERP-002578,2025-03,2025-03-17 13:51:33,Rent & Facilities,Operations,Manual,W. Lindgren,Staff Accountant,V. Adeyemi,10000,4814.4,4814.4,0,0,1,0,0,0,0,0,1,20,0
ERP-002637,2025-03,2025-03-07 15:57:11,COGS - Materials,Supply Chain,Manual,Y. Volkov,AR Specialist,X. Ferreira,5000,4960.58,4960.58,0,0,1,0,0,0,0,0,1,20,0
ERP-002669,2025-03,2025-03-04 16:34:08,Accounts Payable,Marketing,Manual,U. Brennan,Senior Accountant,Y. Volkov,5000,-4983.36,4983.36,0,0,1,0,0,0,0,0,1,20,0
ERP-002690,2025-03,2025-03-13 10:25:43,COGS - Materials,IT,Manual,S. Kowalski,Assistant Controller,W. Lindgren,10000,4729.56,4729.56,0,0,1,0,0,0,0,0,1,20,0
ERP-002730,2025-04,2025-04-07 15:10:52,Accounts Receivable,Operations,Manual,S. Kowalski,Assistant Controller,W. Lindgren,10000,4790.15,4790.15,0,0,1,0,0,0,0,0,1,20,0
ERP-002755,2025-04,2025-04-16 14:01:14,COGS - Freight,IT,Manual,Z. Osei,FP&A Analyst,U. Brennan,25000,4932.54,4932.54,0,0,1,0,0,0,0,0,1,20,0
ERP-002781,2025-04,2025-04-14 08:22:15,Marketing,Sales,Manual,R. Almeida,Financial Controller,U. Brennan,25000,4728.28,4728.28,0,0,1,0,0,0,0,0,1,20,0
ERP-002789,2025-04,2025-04-26 14:55:01,COGS - Materials,Supply Chain,Manual,U. Brennan,Senior Accountant,V. Adeyemi,10000,4932.51,4932.51,0,0,1,0,0,0,0,1,1,20,0
ERP-002820,2025-04,2025-04-22 17:59:37,COGS - Materials,Operations,Manual,W. Lindgren,Staff Accountant,S. Kowalski,100000,9759.64,9759.64,0,0,1,0,0,0,0,0,1,20,0
ERP-002850,2025-04,2025-04-03 15:15:32,COGS - Freight,Finance,Manual,U. Brennan,Senior Accountant,V. Adeyemi,10000,9637.73,9637.73,0,0,1,0,0,0,0,0,1,20,0
ERP-002938,2025-04,2025-04-21 11:35:09,Rent & Facilities,Marketing,Manual,V. Adeyemi,Staff Accountant,U. Brennan,25000,4950.51,4950.51,0,0,1,0,0,0,0,0,1,20,0
ERP-002965,2025-04,2025-04-04 14:50:03,Rent & Facilities,Supply Chain,Manual,Y. Volkov,AR Specialist,X. Ferreira,5000,4744.8,4744.8,0,0,1,0,0,0,0,0,1,20,0
ERP-002984,2025-04,2025-04-19 13:40:07,IT & Software,Supply Chain,Manual,R. Almeida,Financial Controller,S. Kowalski,100000,4751.58,4751.58,0,0,1,0,0,0,0,1,1,20,0
ERP-002989,2025-04,2025-04-18 12:03:41,Marketing,IT,Manual,U. Brennan,Senior Accountant,W. Lindgren,10000,4864.96,4864.96,0,0,1,0,0,0,0,0,1,20,0
ERP-003057,2025-04,2025-04-19 15:04:31,IT & Software,Sales,Manual,V. Adeyemi,Staff Accountant,S. Kowalski,100000,4765.41,4765.41,0,0,1,0,0,0,0,1,1,20,0
ERP-003064,2025-04,2025-04-16 15:49:24,Accounts Receivable,Marketing,Manual,R. Almeida,Financial Controller,T. Nakamura,25000,24863.68,24863.68,0,0,1,0,0,0,0,0,1,20,0
ERP-003188,2025-04,2025-04-25 13:35:45,COGS - Freight,Marketing,Manual,Z. Osei,FP&A Analyst,R. Almeida,250000,4768.48,4768.48,0,0,1,0,0,0,0,0,1,20,0
ERP-003198,2025-04,2025-04-22 17:11:04,Marketing,Sales,Manual,U. Brennan,Senior Accountant,W. Lindgren,10000,4836.55,4836.55,0,0,1,0,0,0,0,0,1,20,0
ERP-003424,2025-04,2025-04-16 11:33:41,Salaries & Wages,Finance,Manual,U. Brennan,Senior Accountant,W. Lindgren,10000,4864.8,4864.8,0,0,1,0,0,0,0,0,1,20,0
ERP-003455,2025-04,2025-04-14 14:03:02,Rent & Facilities,Finance,Manual,Y. Volkov,AR Specialist,W. Lindgren,10000,4829.25,4829.25,0,0,1,0,0,0,0,0,1,20,0
ERP-003577,2025-04,2025-04-08 17:14:01,COGS - Materials,Marketing,Manual,X. Ferreira,AP Specialist,S. Kowalski,100000,9960.51,9960.51,0,0,1,0,0,0,0,0,1,20,0
ERP-003758,2025-05,2025-05-03 10:05:31,COGS - Freight,Sales,Manual,Z. Osei,FP&A Analyst,T. Nakamura,25000,4863.1,4863.1,0,0,1,0,0,0,0,1,1,20,0
ERP-003960,2025-05,2025-05-16 15:33:33,Salaries & Wages,Marketing,Manual,W. Lindgren,Staff Accountant,S. Kowalski,100000,4767.05,4767.05,0,0,1,0,0,0,0,0,1,20,0
ERP-003982,2025-05,2025-05-27 15:57:52,Marketing,Marketing,Manual,S. Kowalski,Assistant Controller,R. Almeida,250000,24813.92,24813.92,0,0,1,0,0,0,0,0,1,20,0
ERP-004053,2025-05,2025-05-01 09:53:30,Service Revenue,Operations,Manual,X. Ferreira,AP Specialist,W. Lindgren,10000,-4933.94,4933.94,0,0,1,0,0,0,0,0,1,20,0
ERP-004076,2025-05,2025-05-14 14:52:43,Service Revenue,Marketing,Manual,V. Adeyemi,Staff Accountant,R. Almeida,250000,-4791.01,4791.01,0,0,1,0,0,0,0,0,1,20,0
ERP-004173,2025-05,2025-05-15 14:23:18,Marketing,Operations,Manual,Z. Osei,FP&A Analyst,X. Ferreira,5000,4868.69,4868.69,0,0,1,0,0,0,0,0,1,20,0
ERP-004420,2025-05,2025-05-22 10:09:54,Accounts Receivable,Supply Chain,Manual,U. Brennan,Senior Accountant,R. Almeida,250000,4730.55,4730.55,0,0,1,0,0,0,0,0,1,20,0
ERP-004481,2025-05,2025-05-23 09:02:45,Product Revenue,Sales,Manual,Y. Volkov,AR Specialist,S. Kowalski,100000,-4944.01,4944.01,0,0,1,0,0,0,0,0,1,20,0
ERP-004533,2025-06,2025-06-01 13:29:26,COGS - Freight,Supply Chain,Manual,Z. Osei,FP&A Analyst,R. Almeida,250000,9657.23,9657.23,0,0,1,0,0,0,0,1,1,20,0
ERP-004554,2025-06,2025-06-17 14:25:42,Product Revenue,IT,Manual,V. Adeyemi,Staff Accountant,X. Ferreira,5000,-4741.28,4741.28,0,0,1,0,0,0,0,0,1,20,0
ERP-004603,2025-06,2025-06-15 09:01:28,Service Revenue,Finance,Manual,U. Brennan,Senior Accountant,S. Kowalski,100000,-4928.57,4928.57,0,0,1,0,0,0,0,1,1,20,0
ERP-004727,2025-06,2025-06-12 08:19:11,COGS - Freight,Finance,Manual,Y. Volkov,AR Specialist,X. Ferreira,5000,4884.31,4884.31,0,0,1,0,0,0,0,0,1,20,0
ERP-004845,2025-06,2025-06-06 09:51:11,IT & Software,Sales,Manual,W. Lindgren,Staff Accountant,U. Brennan,25000,4795.56,4795.56,0,0,1,0,0,0,0,0,1,20,0
ERP-005057,2025-06,2025-06-21 09:27:40,COGS - Freight,Supply Chain,Manual,W. Lindgren,Staff Accountant,R. Almeida,250000,4841.22,4841.22,0,0,1,0,0,0,0,1,1,20,0
ERP-005186,2025-06,2025-06-23 14:54:50,Marketing,Supply Chain,Manual,T. Nakamura,Senior Accountant,X. Ferreira,5000,4811.67,4811.67,0,0,1,0,0,0,0,0,1,20,0
ERP-001419,2025-02,2025-02-01 22:27:20,Salaries & Wages,Supply Chain,Manual,T. Nakamura,Senior Accountant,Y. Volkov,5000,3000.0,3000.0,0,0,0,1,1,0,0,1,2,18,0
ERP-002882,2025-04,2025-04-04 23:15:07,Product Revenue,Marketing,Manual,Y. Volkov,AR Specialist,R. Almeida,250000,-5000.0,5000.0,0,0,0,1,1,0,0,0,2,18,0
ERP-004822,2025-06,2025-06-05 22:33:37,Service Revenue,Marketing,Manual,W. Lindgren,Staff Accountant,Y. Volkov,5000,-1000.0,1000.0,0,0,0,1,1,0,0,0,2,18,0
ERP-003135,2025-04,2025-04-30 21:52:52,COGS - Materials,Supply Chain,Manual,U. Brennan,Senior Accountant,S. Kowalski,100000,1611.52,1611.52,0,0,0,0,1,1,1,0,3,15,0
ERP-001634,2025-02,2025-02-25 11:15:28,Marketing,Operations,Manual,V. Adeyemi,Staff Accountant,T. Nakamura,25000,1000.0,1000.0,0,0,0,1,0,1,0,0,2,14,0
ERP-001766,2025-02,2025-02-25 14:16:56,Marketing,Sales,Manual,S. Kowalski,Assistant Controller,T. Nakamura,25000,5000.0,5000.0,0,0,0,1,0,1,0,0,2,14,0
ERP-001708,2025-02,2025-02-06 09:26:02,Rent & Facilities,IT,Manual,R. Almeida,Financial Controller,T. Nakamura,25000,7000.0,7000.0,0,0,0,1,0,0,1,0,2,13,0
ERP-000182,2025-01,2025-01-31 22:53:30,Rent & Facilities,Operations,Manual,S. Kowalski,Assistant Controller,T. Nakamura,25000,722.47,722.47,0,0,0,0,1,1,0,0,2,12,0
ERP-000421,2025-01,2025-01-29 00:13:24,Accounts Payable,Supply Chain,Manual,X. Ferreira,AP Specialist,V. Adeyemi,10000,-4513.01,4513.01,0,0,0,0,1,1,0,0,2,12,0
ERP-000503,2025-01,2025-01-31 21:52:44,Rent & Facilities,Finance,Manual,Y. Volkov,AR Specialist,S. Kowalski,100000,1569.19,1569.19,0,0,0,0,1,1,0,0,2,12,0
ERP-000602,2025-01,2025-01-31 01:03:00,COGS - Materials,Marketing,Manual,S. Kowalski,Assistant Controller,R. Almeida,250000,2741.03,2741.03,0,0,0,0,1,1,0,0,2,12,0
ERP-000635,2025-01,2025-01-29 21:55:55,IT & Software,Finance,Manual,X. Ferreira,AP Specialist,T. Nakamura,25000,513.41,513.41,0,0,0,0,1,1,0,0,2,12,0
ERP-000655,2025-01,2025-01-30 00:44:16,COGS - Materials,Supply Chain,Manual,W. Lindgren,Staff Accountant,R. Almeida,250000,940.28,940.28,0,0,0,0,1,1,0,0,2,12,0
ERP-000667,2025-01,2025-01-31 23:05:19,Salaries & Wages,Sales,Manual,U. Brennan,Senior Accountant,X. Ferreira,5000,3428.88,3428.88,0,0,0,0,1,1,0,0,2,12,0
ERP-001195,2025-02,2025-02-28 21:36:28,Marketing,Finance,Manual,X. Ferreira,AP Specialist,T. Nakamura,25000,3880.92,3880.92,0,0,0,0,1,1,0,0,2,12,0
ERP-001280,2025-02,2025-02-27 06:15:06,Accounts Receivable,Marketing,Manual,X. Ferreira,AP Specialist,U. Brennan,25000,936.52,936.52,0,0,0,0,1,1,0,0,2,12,0
ERP-001336,2025-02,2025-02-27 21:49:40,Accounts Payable,Sales,Manual,W. Lindgren,Staff Accountant,Y. Volkov,5000,-3662.81,3662.81,0,0,0,0,1,1,0,0,2,12,0
ERP-001382,2025-02,2025-02-28 20:05:09,Salaries & Wages,Supply Chain,Manual,V. Adeyemi,Staff Accountant,S. Kowalski,100000,884.28,884.28,0,0,0,0,1,1,0,0,2,12,0
ERP-001396,2025-02,2025-02-28 21:52:26,Product Revenue,Operations,Manual,S. Kowalski,Assistant Controller,R. Almeida,250000,-4086.3,4086.3,0,0,0,0,1,1,0,0,2,12,0
ERP-001453,2025-02,2025-02-25 21:52:21,COGS - Freight,Marketing,Manual,Z. Osei,FP&A Analyst,T. Nakamura,25000,1438.48,1438.48,0,0,0,0,1,1,0,0,2,12,0
ERP-001476,2025-02,2025-02-25 01:00:38,Accounts Payable,Supply Chain,Manual,X. Ferreira,AP Specialist,R. Almeida,250000,-347.23,347.23,0,0,0,0,1,1,0,0,2,12,0
ERP-001638,2025-02,2025-02-27 06:59:45,COGS - Freight,Finance,Manual,X. Ferreira,AP Specialist,U. Brennan,25000,1861.16,1861.16,0,0,0,0,1,1,0,0,2,12,0
ERP-001767,2025-02,2025-02-26 23:31:48,COGS - Materials,Supply Chain,Manual,X. Ferreira,AP Specialist,T. Nakamura,25000,754.37,754.37,0,0,0,0,1,1,0,0,2,12,0
ERP-002239,2025-03,2025-03-31 23:24:38,IT & Software,Sales,Manual,Z. Osei,FP&A Analyst,S. Kowalski,100000,1505.25,1505.25,0,0,0,0,1,1,0,0,2,12,0
ERP-002274,2025-03,2025-03-30 05:34:06,COGS - Freight,Supply Chain,Manual,X. Ferreira,AP Specialist,V. Adeyemi,10000,874.68,874.68,0,0,0,0,1,1,0,1,2,12,0
ERP-002392,2025-03,2025-03-31 23:02:46,Marketing,Supply Chain,Manual,X. Ferreira,AP Specialist,S. Kowalski,100000,1082.86,1082.86,0,0,0,0,1,1,0,0,2,12,0
ERP-002422,2025-03,2025-03-28 20:13:54,COGS - Materials,IT,Manual,V. Adeyemi,Staff Accountant,S. Kowalski,100000,10656.61,10656.61,0,0,0,0,1,1,0,0,2,12,0
ERP-002472,2025-03,2025-03-30 23:36:44,COGS - Materials,Finance,Manual,X. Ferreira,AP Specialist,W. Lindgren,10000,1050.05,1050.05,0,0,0,0,1,1,0,1,2,12,0
ERP-002784,2025-04,2025-04-27 06:32:18,Salaries & Wages,Finance,Manual,V. Adeyemi,Staff Accountant,W. Lindgren,10000,5819.09,5819.09,0,0,0,0,1,1,0,1,2,12,0
ERP-002851,2025-04,2025-04-29 22:04:14,Salaries & Wages,Marketing,Manual,X. Ferreira,AP Specialist,T. Nakamura,25000,1357.62,1357.62,0,0,0,0,1,1,0,0,2,12,0
ERP-003228,2025-04,2025-04-28 22:05:54,COGS - Materials,Supply Chain,Manual,V. Adeyemi,Staff Accountant,R. Almeida,250000,539.58,539.58,0,0,0,0,1,1,0,0,2,12,0
ERP-003603,2025-05,2025-05-31 20:32:32,Salaries & Wages,Finance,Manual,V. Adeyemi,Staff Accountant,W. Lindgren,10000,519.67,519.67,0,0,0,0,1,1,0,1,2,12,0
ERP-003670,2025-05,2025-05-29 21:59:56,Product Revenue,Operations,Manual,X. Ferreira,AP Specialist,W. Lindgren,10000,-2574.6,2574.6,0,0,0,0,1,1,0,0,2,12,0
ERP-003794,2025-05,2025-05-28 05:42:50,Marketing,Marketing,Manual,U. Brennan,Senior Accountant,W. Lindgren,10000,388.0,388.0,0,0,0,0,1,1,0,0,2,12,0
ERP-004098,2025-05,2025-05-31 01:27:59,Salaries & Wages,IT,Manual,T. Nakamura,Senior Accountant,R. Almeida,250000,2454.15,2454.15,0,0,0,0,1,1,0,1,2,12,0
ERP-004139,2025-05,2025-05-28 01:50:00,Salaries & Wages,Sales,Manual,T. Nakamura,Senior Accountant,S. Kowalski,100000,1324.05,1324.05,0,0,0,0,1,1,0,0,2,12,0
ERP-004240,2025-05,2025-05-29 01:17:35,Accounts Payable,Marketing,Manual,S. Kowalski,Assistant Controller,V. Adeyemi,10000,-3374.43,3374.43,0,0,0,0,1,1,0,0,2,12,0
ERP-004400,2025-05,2025-05-28 00:52:09,Product Revenue,Sales,Manual,R. Almeida,Financial Controller,U. Brennan,25000,-250.99,250.99,0,0,0,0,1,1,0,0,2,12,0
ERP-004446,2025-05,2025-05-28 01:16:33,Rent & Facilities,Finance,Manual,V. Adeyemi,Staff Accountant,R. Almeida,250000,1285.55,1285.55,0,0,0,0,1,1,0,0,2,12,0
ERP-004699,2025-06,2025-06-30 21:23:16,Accounts Receivable,Operations,Manual,X. Ferreira,AP Specialist,W. Lindgren,10000,344.29,344.29,0,0,0,0,1,1,0,0,2,12,0
ERP-005026,2025-06,2025-06-30 20:43:11,COGS - Materials,Sales,Manual,Y. Volkov,AR Specialist,T. Nakamura,25000,1235.44,1235.44,0,0,0,0,1,1,0,0,2,12,0
ERP-005074,2025-06,2025-06-30 06:42:46,COGS - Freight,Operations,Manual,U. Brennan,Senior Accountant,W. Lindgren,10000,865.04,865.04,0,0,0,0,1,1,0,0,2,12,0
ERP-005154,2025-06,2025-06-27 23:03:07,Accounts Payable,Supply Chain,Manual,Z. Osei,FP&A Analyst,S. Kowalski,100000,-259.66,259.66,0,0,0,0,1,1,0,0,2,12,0
ERP-005346,2025-06,2025-06-28 05:55:55,Accounts Receivable,Supply Chain,Manual,U. Brennan,Senior Accountant,S. Kowalski,100000,11791.52,11791.52,0,0,0,0,1,1,0,1,2,12,0
ERP-005355,2025-06,2025-06-27 23:30:26,Product Revenue,Operations,Manual,Y. Volkov,AR Specialist,X. Ferreira,5000,-2532.5,2532.5,0,0,0,0,1,1,0,0,2,12,0
ERP-000347,2025-01,2025-01-16 12:52:19,Product Revenue,Supply Chain,Manual,R. Almeida,Financial Controller,U. Brennan,25000,-2000.0,2000.0,0,0,0,1,0,0,0,0,1,10,0
ERP-000570,2025-01,2025-01-11 08:58:35,IT & Software,Operations,Manual,Z. Osei,FP&A Analyst,Y. Volkov,5000,2000.0,2000.0,0,0,0,1,0,0,0,1,1,10,0
ERP-000614,2025-01,2025-01-06 12:34:52,COGS - Freight,Finance,Manual,Y. Volkov,AR Specialist,S. Kowalski,100000,3000.0,3000.0,0,0,0,1,0,0,0,0,1,10,0
ERP-000642,2025-01,2025-01-05 11:22:59,Marketing,Sales,Manual,S. Kowalski,Assistant Controller,Y. Volkov,5000,2000.0,2000.0,0,0,0,1,0,0,0,1,1,10,0
ERP-001340,2025-02,2025-02-11 12:22:38,Accounts Payable,IT,Manual,U. Brennan,Senior Accountant,W. Lindgren,10000,-2000.0,2000.0,0,0,0,1,0,0,0,0,1,10,0
ERP-001410,2025-02,2025-02-21 13:49:37,COGS - Freight,Sales,Manual,S. Kowalski,Assistant Controller,Y. Volkov,5000,1000.0,1000.0,0,0,0,1,0,0,0,0,1,10,0
ERP-003183,2025-04,2025-04-10 10:12:17,COGS - Freight,Operations,Manual,V. Adeyemi,Staff Accountant,R. Almeida,250000,1000.0,1000.0,0,0,0,1,0,0,0,0,1,10,0
ERP-003367,2025-04,2025-04-26 14:34:06,COGS - Materials,Sales,Manual,Y. Volkov,AR Specialist,U. Brennan,25000,4000.0,4000.0,0,0,0,1,0,0,0,1,1,10,0
ERP-003410,2025-04,2025-04-25 09:11:19,Product Revenue,Supply Chain,Manual,S. Kowalski,Assistant Controller,U. Brennan,25000,-2000.0,2000.0,0,0,0,1,0,0,0,0,1,10,0
ERP-004805,2025-06,2025-06-23 17:06:25,COGS - Materials,Finance,Manual,X. Ferreira,AP Specialist,T. Nakamura,25000,21000.0,21000.0,0,0,0,1,0,0,0,0,1,10,0
ERP-000001,2025-01,2025-01-16 01:42:58,Accounts Receivable,Operations,Manual,W. Lindgren,Staff Accountant,Y. Volkov,5000,1188.92,1188.92,0,0,0,0,1,0,0,0,1,8,0
ERP-000002,2025-01,2025-01-03 22:07:37,Accounts Receivable,Finance,Manual,Z. Osei,FP&A Analyst,Y. Volkov,5000,4509.42,4509.42,0,0,0,0,1,0,0,0,1,8,0
ERP-000055,2025-01,2025-01-16 01:39:43,Product Revenue,Supply Chain,Manual,S. Kowalski,Assistant Controller,X. Ferreira,5000,-1564.7,1564.7,0,0,0,0,1,0,0,0,1,8,0
ERP-000083,2025-01,2025-01-02 05:01:23,Product Revenue,Sales,Manual,R. Almeida,Financial Controller,T. Nakamura,25000,-2119.79,2119.79,0,0,0,0,1,0,0,0,1,8,0
ERP-000084,2025-01,2025-01-25 23:34:46,Accounts Payable,IT,Manual,R. Almeida,Financial Controller,T. Nakamura,25000,-4129.57,4129.57,0,0,0,0,1,0,0,1,1,8,0
ERP-000195,2025-01,2025-01-13 22:12:08,Marketing,Marketing,Manual,Y. Volkov,AR Specialist,S. Kowalski,100000,2016.72,2016.72,0,0,0,0,1,0,0,0,1,8,0
ERP-000240,2025-01,2025-01-04 23:49:42,COGS - Freight,Operations,Manual,U. Brennan,Senior Accountant,T. Nakamura,25000,1647.56,1647.56,0,0,0,0,1,0,0,1,1,8,0
ERP-000248,2025-01,2025-01-03 06:07:36,Marketing,Operations,Manual,Z. Osei,FP&A Analyst,S. Kowalski,100000,758.59,758.59,0,0,0,0,1,0,0,0,1,8,0
ERP-000360,2025-01,2025-01-03 00:53:37,Accounts Receivable,Marketing,Manual,R. Almeida,Financial Controller,W. Lindgren,10000,2023.06,2023.06,0,0,0,0,1,0,0,0,1,8,0
ERP-000409,2025-01,2025-01-21 06:51:07,Accounts Payable,Supply Chain,Manual,S. Kowalski,Assistant Controller,X. Ferreira,5000,-3236.58,3236.58,0,0,0,0,1,0,0,0,1,8,0
ERP-000435,2025-01,2025-01-12 06:21:29,Accounts Payable,Supply Chain,Manual,Z. Osei,FP&A Analyst,U. Brennan,25000,-1907.36,1907.36,0,0,0,0,1,0,0,1,1,8,0
ERP-000444,2025-01,2025-01-11 06:11:17,Rent & Facilities,Supply Chain,Manual,S. Kowalski,Assistant Controller,Y. Volkov,5000,595.15,595.15,0,0,0,0,1,0,0,1,1,8,0
ERP-000489,2025-01,2025-01-08 22:22:16,Marketing,Sales,Manual,Y. Volkov,AR Specialist,X. Ferreira,5000,364.07,364.07,0,0,0,0,1,0,0,0,1,8,0
ERP-000500,2025-01,2025-01-16 23:28:45,Accounts Payable,IT,Manual,Z. Osei,FP&A Analyst,Y. Volkov,5000,-2133.48,2133.48,0,0,0,0,1,0,0,0,1,8,0
ERP-000554,2025-01,2025-01-01 23:40:33,Marketing,IT,Manual,R. Almeida,Financial Controller,W. Lindgren,10000,1915.31,1915.31,0,0,0,0,1,0,0,0,1,8,0
ERP-000872,2025-01,2025-01-20 05:45:49,COGS - Materials,Finance,Manual,V. Adeyemi,Staff Accountant,U. Brennan,25000,800.34,800.34,0,0,0,0,1,0,0,0,1,8,0
ERP-000883,2025-01,2025-01-03 06:05:50,IT & Software,Sales,Manual,U. Brennan,Senior Accountant,Y. Volkov,5000,1610.31,1610.31,0,0,0,0,1,0,0,0,1,8,0
ERP-000973,2025-02,2025-02-03 21:50:16,Service Revenue,Supply Chain,Manual,R. Almeida,Financial Controller,V. Adeyemi,10000,-729.16,729.16,0,0,0,0,1,0,0,0,1,8,0
ERP-001108,2025-02,2025-02-01 22:31:03,Salaries & Wages,Sales,Manual,T. Nakamura,Senior Accountant,R. Almeida,250000,715.04,715.04,0,0,0,0,1,0,0,1,1,8,0
ERP-001171,2025-02,2025-02-03 00:47:02,Rent & Facilities,Sales,Manual,V. Adeyemi,Staff Accountant,X. Ferreira,5000,3068.93,3068.93,0,0,0,0,1,0,0,0,1,8,0
ERP-001200,2025-02,2025-02-18 00:00:40,Service Revenue,IT,Manual,V. Adeyemi,Staff Accountant,S. Kowalski,100000,-3957.26,3957.26,0,0,0,0,1,0,0,0,1,8,0
ERP-001241,2025-02,2025-02-21 21:25:22,Accounts Payable,Supply Chain,Manual,R. Almeida,Financial Controller,Y. Volkov,5000,-342.54,342.54,0,0,0,0,1,0,0,0,1,8,0
ERP-001332,2025-02,2025-02-03 21:05:48,Salaries & Wages,Operations,Manual,S. Kowalski,Assistant Controller,W. Lindgren,10000,3902.29,3902.29,0,0,0,0,1,0,0,0,1,8,0
ERP-001334,2025-02,2025-02-04 23:44:46,COGS - Freight,Sales,Manual,Y. Volkov,AR Specialist,S. Kowalski,100000,732.03,732.03,0,0,0,0,1,0,0,0,1,8,0
ERP-001387,2025-02,2025-02-04 06:15:20,Accounts Receivable,IT,Manual,U. Brennan,Senior Accountant,T. Nakamura,25000,2227.68,2227.68,0,0,0,0,1,0,0,0,1,8,0
ERP-001430,2025-02,2025-02-03 20:32:33,Accounts Payable,Finance,Manual,X. Ferreira,AP Specialist,Y. Volkov,5000,-1518.13,1518.13,0,0,0,0,1,0,0,0,1,8,0
ERP-001452,2025-02,2025-02-02 00:52:48,Accounts Payable,Operations,Manual,V. Adeyemi,Staff Accountant,W. Lindgren,10000,-3180.98,3180.98,0,0,0,0,1,0,0,1,1,8,0
ERP-001463,2025-02,2025-02-02 05:54:46,Accounts Payable,Finance,Manual,Y. Volkov,AR Specialist,W. Lindgren,10000,-8438.77,8438.77,0,0,0,0,1,0,0,1,1,8,0
ERP-001567,2025-02,2025-02-18 05:18:22,Service Revenue,IT,Manual,V. Adeyemi,Staff Accountant,S. Kowalski,100000,-1973.55,1973.55,0,0,0,0,1,0,0,0,1,8,0
ERP-001651,2025-02,2025-02-21 23:57:29,Salaries & Wages,Operations,Manual,S. Kowalski,Assistant Controller,R. Almeida,250000,1839.82,1839.82,0,0,0,0,1,0,0,0,1,8,0
ERP-001795,2025-02,2025-02-04 22:13:32,Rent & Facilities,Operations,Manual,T. Nakamura,Senior Accountant,V. Adeyemi,10000,1791.19,1791.19,0,0,0,0,1,0,0,0,1,8,0
ERP-001870,2025-03,2025-03-02 01:16:43,COGS - Materials,IT,Manual,Y. Volkov,AR Specialist,X. Ferreira,5000,574.22,574.22,0,0,0,0,1,0,0,1,1,8,0
ERP-001888,2025-03,2025-03-01 22:39:22,Product Revenue,Supply Chain,Manual,V. Adeyemi,Staff Accountant,T. Nakamura,25000,-2423.56,2423.56,0,0,0,0,1,0,0,1,1,8,0
ERP-001951,2025-03,2025-03-03 21:36:35,Service Revenue,Operations,Manual,Y. Volkov,AR Specialist,T. Nakamura,25000,-5767.21,5767.21,0,0,0,0,1,0,0,0,1,8,0
ERP-002201,2025-03,2025-03-03 21:15:50,COGS - Freight,Supply Chain,Manual,W. Lindgren,Staff Accountant,R. Almeida,250000,1876.06,1876.06,0,0,0,0,1,0,0,0,1,8,0
ERP-002218,2025-03,2025-03-25 00:27:19,Accounts Payable,Supply Chain,Manual,Y. Volkov,AR Specialist,S. Kowalski,100000,-1104.73,1104.73,0,0,0,0,1,0,0,0,1,8,0
ERP-002347,2025-03,2025-03-01 01:26:52,COGS - Materials,Supply Chain,Manual,T. Nakamura,Senior Accountant,V. Adeyemi,10000,700.41,700.41,0,0,0,0,1,0,0,1,1,8,0
ERP-002453,2025-03,2025-03-01 23:27:13,COGS - Freight,IT,Manual,W. Lindgren,Staff Accountant,U. Brennan,25000,2108.49,2108.49,0,0,0,0,1,0,0,1,1,8,0
ERP-002454,2025-03,2025-03-04 01:51:08,Salaries & Wages,Sales,Manual,R. Almeida,Financial Controller,U. Brennan,25000,1535.17,1535.17,0,0,0,0,1,0,0,0,1,8,0
ERP-002503,2025-03,2025-03-27 01:30:57,COGS - Freight,Supply Chain,Manual,Z. Osei,FP&A Analyst,S. Kowalski,100000,2691.96,2691.96,0,0,0,0,1,0,0,0,1,8,0
ERP-002605,2025-03,2025-03-04 21:20:20,Product Revenue,Finance,Manual,Z. Osei,FP&A Analyst,Y. Volkov,5000,-1380.9,1380.9,0,0,0,0,1,0,0,0,1,8,0
ERP-002666,2025-03,2025-03-24 06:39:55,Salaries & Wages,Sales,Manual,S. Kowalski,Assistant Controller,Y. Volkov,5000,434.81,434.81,0,0,0,0,1,0,0,0,1,8,0
ERP-002668,2025-03,2025-03-02 22:35:19,Product Revenue,Marketing,Manual,R. Almeida,Financial Controller,S. Kowalski,100000,-3939.97,3939.97,0,0,0,0,1,0,0,1,1,8,0
ERP-002709,2025-04,2025-04-01 00:15:05,IT & Software,Operations,Manual,Z. Osei,FP&A Analyst,R. Almeida,250000,384.23,384.23,0,0,0,0,1,0,0,0,1,8,0
ERP-002907,2025-04,2025-04-03 22:53:18,Product Revenue,Supply Chain,Manual,V. Adeyemi,Staff Accountant,Y. Volkov,5000,-2780.2,2780.2,0,0,0,0,1,0,0,0,1,8,0
ERP-003137,2025-04,2025-04-23 06:25:27,COGS - Freight,Operations,Manual,V. Adeyemi,Staff Accountant,U. Brennan,25000,340.87,340.87,0,0,0,0,1,0,0,0,1,8,0
ERP-003196,2025-04,2025-04-01 05:41:16,Accounts Receivable,Finance,Manual,U. Brennan,Senior Accountant,V. Adeyemi,10000,694.15,694.15,0,0,0,0,1,0,0,0,1,8,0
ERP-003241,2025-04,2025-04-04 20:15:10,Service Revenue,Operations,Manual,R. Almeida,Financial Controller,T. Nakamura,25000,-3359.6,3359.6,0,0,0,0,1,0,0,0,1,8,0
ERP-003336,2025-04,2025-04-03 21:36:34,Marketing,Marketing,Manual,S. Kowalski,Assistant Controller,X. Ferreira,5000,1140.18,1140.18,0,0,0,0,1,0,0,0,1,8,0
ERP-003345,2025-04,2025-04-17 21:07:31,Service Revenue,Marketing,Manual,Z. Osei,FP&A Analyst,S. Kowalski,100000,-1287.28,1287.28,0,0,0,0,1,0,0,0,1,8,0
ERP-003361,2025-04,2025-04-08 22:14:40,Rent & Facilities,Marketing,Manual,Y. Volkov,AR Specialist,X. Ferreira,5000,1854.69,1854.69,0,0,0,0,1,0,0,0,1,8,0
ERP-003411,2025-04,2025-04-04 00:59:15,Accounts Receivable,Operations,Manual,Z. Osei,FP&A Analyst,T. Nakamura,25000,1029.1,1029.1,0,0,0,0,1,0,0,0,1,8,0
ERP-003462,2025-04,2025-04-03 20:18:33,COGS - Materials,Operations,Manual,R. Almeida,Financial Controller,T. Nakamura,25000,1520.29,1520.29,0,0,0,0,1,0,0,0,1,8,0
ERP-003536,2025-04,2025-04-22 05:06:57,Product Revenue,Sales,Manual,R. Almeida,Financial Controller,S. Kowalski,100000,-6318.28,6318.28,0,0,0,0,1,0,0,0,1,8,0
ERP-003624,2025-05,2025-05-03 22:18:07,IT & Software,IT,Manual,S. Kowalski,Assistant Controller,Y. Volkov,5000,496.37,496.37,0,0,0,0,1,0,0,1,1,8,0
ERP-003632,2025-05,2025-05-02 23:56:53,Salaries & Wages,Supply Chain,Manual,S. Kowalski,Assistant Controller,U. Brennan,25000,2203.56,2203.56,0,0,0,0,1,0,0,0,1,8,0
ERP-003646,2025-05,2025-05-02 00:57:03,COGS - Materials,IT,Manual,S. Kowalski,Assistant Controller,V. Adeyemi,10000,147.34,147.34,0,0,0,0,1,0,0,0,1,8,0
ERP-003731,2025-05,2025-05-24 06:39:31,Accounts Receivable,Finance,Manual,R. Almeida,Financial Controller,U. Brennan,25000,14849.35,14849.35,0,0,0,0,1,0,0,1,1,8,0
ERP-003813,2025-05,2025-05-12 06:44:08,Accounts Payable,Operations,Manual,W. Lindgren,Staff Accountant,R. Almeida,250000,-3684.5,3684.5,0,0,0,0,1,0,0,0,1,8,0
ERP-003823,2025-05,2025-05-24 05:07:01,Rent & Facilities,Supply Chain,Manual,Y. Volkov,AR Specialist,R. Almeida,250000,612.67,612.67,0,0,0,0,1,0,0,1,1,8,0
ERP-003916,2025-05,2025-05-20 20:09:06,COGS - Freight,Supply Chain,Manual,R. Almeida,Financial Controller,S. Kowalski,100000,695.87,695.87,0,0,0,0,1,0,0,0,1,8,0
ERP-003924,2025-05,2025-05-17 20:47:34,Accounts Payable,Marketing,Manual,T. Nakamura,Senior Accountant,W. Lindgren,10000,-1046.23,1046.23,0,0,0,0,1,0,0,1,1,8,0
ERP-003962,2025-05,2025-05-06 00:28:36,Product Revenue,Supply Chain,Manual,W. Lindgren,Staff Accountant,U. Brennan,25000,-1139.28,1139.28,0,0,0,0,1,0,0,0,1,8,0
ERP-004065,2025-05,2025-05-27 22:30:49,Accounts Payable,Supply Chain,Manual,U. Brennan,Senior Accountant,Y. Volkov,5000,-2222.15,2222.15,0,0,0,0,1,0,0,0,1,8,0
ERP-004128,2025-05,2025-05-09 23:52:21,Accounts Receivable,Marketing,Manual,Z. Osei,FP&A Analyst,Y. Volkov,5000,3109.99,3109.99,0,0,0,0,1,0,0,0,1,8,0
ERP-004242,2025-05,2025-05-05 00:30:30,Rent & Facilities,Sales,Manual,S. Kowalski,Assistant Controller,U. Brennan,25000,1968.27,1968.27,0,0,0,0,1,0,0,0,1,8,0
ERP-004365,2025-05,2025-05-26 23:43:49,Product Revenue,Finance,Manual,R. Almeida,Financial Controller,T. Nakamura,25000,-659.71,659.71,0,0,0,0,1,0,0,0,1,8,0
ERP-004556,2025-06,2025-06-03 05:17:36,Salaries & Wages,Finance,Manual,S. Kowalski,Assistant Controller,W. Lindgren,10000,7571.06,7571.06,0,0,0,0,1,0,0,0,1,8,0
ERP-004800,2025-06,2025-06-03 01:44:37,Service Revenue,Finance,Manual,S. Kowalski,Assistant Controller,R. Almeida,250000,-2459.09,2459.09,0,0,0,0,1,0,0,0,1,8,0
ERP-004848,2025-06,2025-06-25 21:00:55,Salaries & Wages,Supply Chain,Manual,T. Nakamura,Senior Accountant,U. Brennan,25000,302.08,302.08,0,0,0,0,1,0,0,0,1,8,0
ERP-004926,2025-06,2025-06-16 22:51:51,Salaries & Wages,Operations,Manual,S. Kowalski,Assistant Controller,X. Ferreira,5000,487.34,487.34,0,0,0,0,1,0,0,0,1,8,0
ERP-004968,2025-06,2025-06-02 06:54:38,Marketing,Sales,Manual,W. Lindgren,Staff Accountant,T. Nakamura,25000,1933.65,1933.65,0,0,0,0,1,0,0,0,1,8,0
ERP-005316,2025-06,2025-06-20 23:56:05,Rent & Facilities,Marketing,Manual,Z. Osei,FP&A Analyst,R. Almeida,250000,719.42,719.42,0,0,0,0,1,0,0,0,1,8,0
ERP-005368,2025-06,2025-06-10 06:01:53,Marketing,IT,Manual,R. Almeida,Financial Controller,W. Lindgren,10000,2434.36,2434.36,0,0,0,0,1,0,0,0,1,8,0
ERP-004645,2025-06,2025-06-29 16:09:42,COGS - Freight,Operations,Manual,T. Nakamura,Senior Accountant,S. Kowalski,100000,1511.43,1511.43,0,0,0,0,0,1,1,1,2,7,0
ERP-000043,2025-01,2025-01-30 12:01:24,Accounts Payable,Finance,Manual,S. Kowalski,Assistant Controller,Y. Volkov,5000,-1037.05,1037.05,0,0,0,0,0,1,0,0,1,4,0
ERP-000044,2025-01,2025-01-28 12:18:25,IT & Software,Operations,Manual,Z. Osei,FP&A Analyst,V. Adeyemi,10000,1440.5,1440.5,0,0,0,0,0,1,0,0,1,4,0
ERP-000180,2025-01,2025-01-29 15:42:44,IT & Software,Marketing,Manual,S. Kowalski,Assistant Controller,Y. Volkov,5000,2135.77,2135.77,0,0,0,0,0,1,0,0,1,4,0
ERP-000325,2025-01,2025-01-28 11:28:20,Rent & Facilities,Supply Chain,Manual,W. Lindgren,Staff Accountant,T. Nakamura,25000,6414.28,6414.28,0,0,0,0,0,1,0,0,1,4,0
ERP-000416,2025-01,2025-01-28 17:48:26,Accounts Receivable,Finance,Manual,Z. Osei,FP&A Analyst,T. Nakamura,25000,8514.71,8514.71,0,0,0,0,0,1,0,0,1,4,0
ERP-000449,2025-01,2025-01-28 11:44:43,Accounts Payable,Marketing,Manual,Z. Osei,FP&A Analyst,U. Brennan,25000,-2242.1,2242.1,0,0,0,0,0,1,0,0,1,4,0
ERP-000468,2025-01,2025-01-31 17:50:58,Marketing,Supply Chain,Manual,X. Ferreira,AP Specialist,T. Nakamura,25000,3677.66,3677.66,0,0,0,0,0,1,0,0,1,4,0
ERP-000518,2025-01,2025-01-28 12:41:10,Accounts Payable,Supply Chain,Manual,Z. Osei,FP&A Analyst,R. Almeida,250000,-188.42,188.42,0,0,0,0,0,1,0,0,1,4,0
ERP-000548,2025-01,2025-01-28 13:53:28,IT & Software,Finance,Manual,S. Kowalski,Assistant Controller,V. Adeyemi,10000,3692.73,3692.73,0,0,0,0,0,1,0,0,1,4,0
ERP-000580,2025-01,2025-01-30 14:52:39,Accounts Receivable,Operations,Manual,Z. Osei,FP&A Analyst,W. Lindgren,10000,653.76,653.76,0,0,0,0,0,1,0,0,1,4,0
ERP-000594,2025-01,2025-01-29 08:52:23,COGS - Freight,Finance,Manual,Z. Osei,FP&A Analyst,T. Nakamura,25000,1149.57,1149.57,0,0,0,0,0,1,0,0,1,4,0
ERP-000695,2025-01,2025-01-31 13:36:29,COGS - Freight,Operations,Manual,U. Brennan,Senior Accountant,Y. Volkov,5000,3473.61,3473.61,0,0,0,0,0,1,0,0,1,4,0
ERP-000742,2025-01,2025-01-31 15:07:18,Accounts Receivable,IT,Manual,X. Ferreira,AP Specialist,U. Brennan,25000,1496.86,1496.86,0,0,0,0,0,1,0,0,1,4,0
ERP-000770,2025-01,2025-01-30 09:46:47,Rent & Facilities,Operations,Manual,X. Ferreira,AP Specialist,R. Almeida,250000,960.5,960.5,0,0,0,0,0,1,0,0,1,4,0
ERP-000784,2025-01,2025-01-31 15:54:43,Marketing,Sales,Manual,R. Almeida,Financial Controller,Y. Volkov,5000,2709.65,2709.65,0,0,0,0,0,1,0,0,1,4,0
ERP-000813,2025-01,2025-01-31 13:29:42,Accounts Receivable,IT,Manual,X. Ferreira,AP Specialist,R. Almeida,250000,1733.95,1733.95,0,0,0,0,0,1,0,0,1,4,0
ERP-000858,2025-01,2025-01-31 09:13:16,Accounts Receivable,Supply Chain,Manual,U. Brennan,Senior Accountant,V. Adeyemi,10000,350.81,350.81,0,0,0,0,0,1,0,0,1,4,0
ERP-000908,2025-02,2025-02-28 16:56:55,COGS - Materials,Finance,Manual,X. Ferreira,AP Specialist,S. Kowalski,100000,3205.04,3205.04,0,0,0,0,0,1,0,0,1,4,0
ERP-000985,2025-02,2025-02-26 11:04:33,COGS - Materials,IT,Manual,Z. Osei,FP&A Analyst,W. Lindgren,10000,3219.21,3219.21,0,0,0,0,0,1,0,0,1,4,0
ERP-000993,2025-02,2025-02-28 09:02:40,IT & Software,Operations,Manual,R. Almeida,Financial Controller,U. Brennan,25000,474.88,474.88,0,0,0,0,0,1,0,0,1,4,0
ERP-001048,2025-02,2025-02-28 12:55:18,Salaries & Wages,Sales,Manual,U. Brennan,Senior Accountant,R. Almeida,250000,607.5,607.5,0,0,0,0,0,1,0,0,1,4,0
ERP-001049,2025-02,2025-02-25 12:09:59,IT & Software,Operations,Manual,R. Almeida,Financial Controller,W. Lindgren,10000,2057.65,2057.65,0,0,0,0,0,1,0,0,1,4,0
ERP-001152,2025-02,2025-02-27 12:02:43,COGS - Materials,Supply Chain,Manual,U. Brennan,Senior Accountant,Y. Volkov,5000,1050.88,1050.88,0,0,0,0,0,1,0,0,1,4,0
ERP-001161,2025-02,2025-02-25 17:26:02,Marketing,Marketing,Manual,V. Adeyemi,Staff Accountant,U. Brennan,25000,346.48,346.48,0,0,0,0,0,1,0,0,1,4,0
ERP-001164,2025-02,2025-02-28 14:10:25,Accounts Receivable,IT,Manual,V. Adeyemi,Staff Accountant,S. Kowalski,100000,293.44,293.44,0,0,0,0,0,1,0,0,1,4,0
ERP-001170,2025-02,2025-02-25 16:29:43,Accounts Receivable,Finance,Manual,T. Nakamura,Senior Accountant,S. Kowalski,100000,11220.54,11220.54,0,0,0,0,0,1,0,0,1,4,0
ERP-001183,2025-02,2025-02-26 10:13:03,Accounts Payable,Supply Chain,Manual,Y. Volkov,AR Specialist,X. Ferreira,5000,-3307.03,3307.03,0,0,0,0,0,1,0,0,1,4,0
ERP-001209,2025-02,2025-02-25 09:39:46,Rent & Facilities,Sales,Manual,Z. Osei,FP&A Analyst,W. Lindgren,10000,2202.25,2202.25,0,0,0,0,0,1,0,0,1,4,0
ERP-001226,2025-02,2025-02-28 14:42:45,Accounts Receivable,Operations,Manual,X. Ferreira,AP Specialist,V. Adeyemi,10000,165.9,165.9,0,0,0,0,0,1,0,0,1,4,0
ERP-001293,2025-02,2025-02-28 08:45:33,Accounts Receivable,IT,Manual,Y. Volkov,AR Specialist,V. Adeyemi,10000,242.4,242.4,0,0,0,0,0,1,0,0,1,4,0
ERP-001394,2025-02,2025-02-25 17:16:53,COGS - Freight,Sales,Manual,V. Adeyemi,Staff Accountant,Y. Volkov,5000,964.34,964.34,0,0,0,0,0,1,0,0,1,4,0
ERP-001507,2025-02,2025-02-27 10:51:17,Product Revenue,Supply Chain,Manual,S. Kowalski,Assistant Controller,T. Nakamura,25000,-714.66,714.66,0,0,0,0,0,1,0,0,1,4,0
ERP-001509,2025-02,2025-02-28 10:52:02,Accounts Payable,Marketing,Manual,Y. Volkov,AR Specialist,W. Lindgren,10000,-405.11,405.11,0,0,0,0,0,1,0,0,1,4,0
ERP-001516,2025-02,2025-02-26 09:19:29,Service Revenue,Finance,Manual,T. Nakamura,Senior Accountant,W. Lindgren,10000,-7989.65,7989.65,0,0,0,0,0,1,0,0,1,4,0
ERP-001522,2025-02,2025-02-25 13:18:50,Accounts Payable,Supply Chain,Manual,U. Brennan,Senior Accountant,T. Nakamura,25000,-842.75,842.75,0,0,0,0,0,1,0,0,1,4,0
ERP-001547,2025-02,2025-02-26 08:42:02,Accounts Receivable,Operations,Manual,V. Adeyemi,Staff Accountant,X. Ferreira,5000,1255.57,1255.57,0,0,0,0,0,1,0,0,1,4,0
ERP-001575,2025-02,2025-02-25 09:11:00,Product Revenue,Marketing,Manual,W. Lindgren,Staff Accountant,U. Brennan,25000,-2815.36,2815.36,0,0,0,0,0,1,0,0,1,4,0
ERP-001601,2025-02,2025-02-28 16:44:14,Rent & Facilities,Supply Chain,Manual,V. Adeyemi,Staff Accountant,S. Kowalski,100000,1564.09,1564.09,0,0,0,0,0,1,0,0,1,4,0
ERP-001664,2025-02,2025-02-28 08:51:45,COGS - Materials,Operations,Manual,V. Adeyemi,Staff Accountant,S. Kowalski,100000,3796.29,3796.29,0,0,0,0,0,1,0,0,1,4,0
ERP-001713,2025-02,2025-02-26 12:49:32,COGS - Freight,Marketing,Manual,W. Lindgren,Staff Accountant,T. Nakamura,25000,1012.55,1012.55,0,0,0,0,0,1,0,0,1,4,0
ERP-001721,2025-02,2025-02-27 12:31:07,Salaries & Wages,Supply Chain,Manual,R. Almeida,Financial Controller,U. Brennan,25000,12236.71,12236.71,0,0,0,0,0,1,0,0,1,4,0
ERP-001789,2025-02,2025-02-28 14:08:48,Salaries & Wages,Operations,Manual,Z. Osei,FP&A Analyst,V. Adeyemi,10000,2249.01,2249.01,0,0,0,0,0,1,0,0,1,4,0
ERP-001801,2025-03,2025-03-31 10:39:27,Accounts Receivable,IT,Manual,U. Brennan,Senior Accountant,V. Adeyemi,10000,917.34,917.34,0,0,0,0,0,1,0,0,1,4,0
ERP-001814,2025-03,2025-03-31 09:38:58,COGS - Materials,Sales,Manual,S. Kowalski,Assistant Controller,R. Almeida,250000,659.9,659.9,0,0,0,0,0,1,0,0,1,4,0
ERP-001840,2025-03,2025-03-28 10:16:57,Service Revenue,IT,Manual,T. Nakamura,Senior Accountant,X. Ferreira,5000,-1628.92,1628.92,0,0,0,0,0,1,0,0,1,4,0
ERP-001871,2025-03,2025-03-30 15:05:33,Accounts Payable,Sales,Manual,U. Brennan,Senior Accountant,T. Nakamura,25000,-9044.68,9044.68,0,0,0,0,0,1,0,1,1,4,0
ERP-001877,2025-03,2025-03-29 10:41:21,Marketing,Marketing,Manual,T. Nakamura,Senior Accountant,V. Adeyemi,10000,926.87,926.87,0,0,0,0,0,1,0,1,1,4,0
ERP-001879,2025-03,2025-03-30 12:10:11,Accounts Receivable,Finance,Manual,S. Kowalski,Assistant Controller,Y. Volkov,5000,159.6,159.6,0,0,0,0,0,1,0,1,1,4,0
ERP-001915,2025-03,2025-03-28 13:11:44,Rent & Facilities,Finance,Manual,S. Kowalski,Assistant Controller,X. Ferreira,5000,339.57,339.57,0,0,0,0,0,1,0,0,1,4,0
ERP-001935,2025-03,2025-03-29 14:09:51,Salaries & Wages,Sales,Manual,R. Almeida,Financial Controller,T. Nakamura,25000,2085.28,2085.28,0,0,0,0,0,1,0,1,1,4,0
ERP-001972,2025-03,2025-03-29 17:43:31,COGS - Materials,Marketing,Manual,X. Ferreira,AP Specialist,S. Kowalski,100000,720.61,720.61,0,0,0,0,0,1,0,1,1,4,0
ERP-001986,2025-03,2025-03-28 13:13:41,Product Revenue,Supply Chain,Manual,V. Adeyemi,Staff Accountant,S. Kowalski,100000,-14950.79,14950.79,0,0,0,0,0,1,0,0,1,4,0
ERP-002036,2025-03,2025-03-28 12:52:28,Marketing,Sales,Manual,W. Lindgren,Staff Accountant,U. Brennan,25000,1535.36,1535.36,0,0,0,0,0,1,0,0,1,4,0
ERP-002078,2025-03,2025-03-29 17:25:30,Marketing,Sales,Manual,W. Lindgren,Staff Accountant,U. Brennan,25000,3117.9,3117.9,0,0,0,0,0,1,0,1,1,4,0
ERP-002207,2025-03,2025-03-28 13:15:36,Accounts Payable,Finance,Manual,Z. Osei,FP&A Analyst,T. Nakamura,25000,-1454.19,1454.19,0,0,0,0,0,1,0,0,1,4,0
ERP-002252,2025-03,2025-03-30 13:39:25,Rent & Facilities,Marketing,Manual,U. Brennan,Senior Accountant,W. Lindgren,10000,1498.82,1498.82,0,0,0,0,0,1,0,1,1,4,0
ERP-002327,2025-03,2025-03-29 16:44:44,COGS - Materials,Operations,Manual,T. Nakamura,Senior Accountant,Y. Volkov,5000,608.7,608.7,0,0,0,0,0,1,0,1,1,4,0
ERP-002360,2025-03,2025-03-30 11:56:45,Service Revenue,Sales,Manual,V. Adeyemi,Staff Accountant,S. Kowalski,100000,-1801.94,1801.94,0,0,0,0,0,1,0,1,1,4,0
ERP-002623,2025-03,2025-03-29 11:53:45,IT & Software,Finance,Manual,Y. Volkov,AR Specialist,T. Nakamura,25000,3732.21,3732.21,0,0,0,0,0,1,0,1,1,4,0
ERP-002741,2025-04,2025-04-29 12:21:22,Accounts Payable,Supply Chain,Manual,U. Brennan,Senior Accountant,W. Lindgren,10000,-616.34,616.34,0,0,0,0,0,1,0,0,1,4,0
ERP-002797,2025-04,2025-04-28 17:14:53,Product Revenue,Sales,Manual,Y. Volkov,AR Specialist,X. Ferreira,5000,-3564.23,3564.23,0,0,0,0,0,1,0,0,1,4,0
ERP-002817,2025-04,2025-04-29 08:32:19,Marketing,IT,Manual,Y. Volkov,AR Specialist,T. Nakamura,25000,6071.91,6071.91,0,0,0,0,0,1,0,0,1,4,0
ERP-002821,2025-04,2025-04-28 17:22:44,Product Revenue,IT,Manual,Y. Volkov,AR Specialist,U. Brennan,25000,-4007.69,4007.69,0,0,0,0,0,1,0,0,1,4,0
ERP-002826,2025-04,2025-04-28 12:11:48,Accounts Receivable,Marketing,Manual,S. Kowalski,Assistant Controller,T. Nakamura,25000,1793.61,1793.61,0,0,0,0,0,1,0,0,1,4,0
ERP-002844,2025-04,2025-04-28 14:25:19,Marketing,Supply Chain,Manual,R. Almeida,Financial Controller,S. Kowalski,100000,12405.01,12405.01,0,0,0,0,0,1,0,0,1,4,0
ERP-002869,2025-04,2025-04-28 12:50:27,COGS - Freight,Finance,Manual,V. Adeyemi,Staff Accountant,T. Nakamura,25000,16988.4,16988.4,0,0,0,0,0,1,0,0,1,4,0
ERP-002872,2025-04,2025-04-28 09:46:19,COGS - Freight,Supply Chain,Manual,R. Almeida,Financial Controller,X. Ferreira,5000,2551.02,2551.02,0,0,0,0,0,1,0,0,1,4,0
ERP-002931,2025-04,2025-04-29 15:49:06,Product Revenue,IT,Manual,X. Ferreira,AP Specialist,V. Adeyemi,10000,-1114.63,1114.63,0,0,0,0,0,1,0,0,1,4,0
ERP-002992,2025-04,2025-04-27 14:04:07,Accounts Receivable,Supply Chain,Manual,Y. Volkov,AR Specialist,X. Ferreira,5000,618.4,618.4,0,0,0,0,0,1,0,1,1,4,0
ERP-003029,2025-04,2025-04-27 08:14:05,Service Revenue,Finance,Manual,S. Kowalski,Assistant Controller,U. Brennan,25000,-99.83,99.83,0,0,0,0,0,1,0,1,1,4,0
ERP-003145,2025-04,2025-04-27 09:38:41,Accounts Payable,Sales,Manual,U. Brennan,Senior Accountant,S. Kowalski,100000,-5819.46,5819.46,0,0,0,0,0,1,0,1,1,4,0
ERP-003319,2025-04,2025-04-30 16:06:09,Salaries & Wages,Finance,Manual,S. Kowalski,Assistant Controller,Y. Volkov,5000,370.41,370.41,0,0,0,0,0,1,0,0,1,4,0
ERP-003335,2025-04,2025-04-29 13:42:27,Accounts Receivable,IT,Manual,S. Kowalski,Assistant Controller,T. Nakamura,25000,2026.43,2026.43,0,0,0,0,0,1,0,0,1,4,0
ERP-003341,2025-04,2025-04-30 16:21:00,Salaries & Wages,Supply Chain,Manual,U. Brennan,Senior Accountant,X. Ferreira,5000,2960.22,2960.22,0,0,0,0,0,1,0,0,1,4,0
ERP-003528,2025-04,2025-04-27 12:08:43,Product Revenue,Operations,Manual,R. Almeida,Financial Controller,S. Kowalski,100000,-2780.5,2780.5,0,0,0,0,0,1,0,1,1,4,0
ERP-003561,2025-04,2025-04-29 14:25:20,Salaries & Wages,Supply Chain,Manual,V. Adeyemi,Staff Accountant,U. Brennan,25000,3012.72,3012.72,0,0,0,0,0,1,0,0,1,4,0
ERP-003586,2025-04,2025-04-29 17:16:55,Product Revenue,Supply Chain,Manual,V. Adeyemi,Staff Accountant,R. Almeida,250000,-2382.33,2382.33,0,0,0,0,0,1,0,0,1,4,0
ERP-003650,2025-05,2025-05-29 14:25:38,COGS - Freight,IT,Manual,W. Lindgren,Staff Accountant,U. Brennan,25000,2082.22,2082.22,0,0,0,0,0,1,0,0,1,4,0
ERP-003695,2025-05,2025-05-31 09:48:02,Product Revenue,Finance,Manual,U. Brennan,Senior Accountant,S. Kowalski,100000,-2366.58,2366.58,0,0,0,0,0,1,0,1,1,4,0
ERP-003797,2025-05,2025-05-28 13:53:59,Marketing,Finance,Manual,Y. Volkov,AR Specialist,U. Brennan,25000,1864.46,1864.46,0,0,0,0,0,1,0,0,1,4,0
ERP-003846,2025-05,2025-05-29 17:17:01,COGS - Freight,Finance,Manual,Y. Volkov,AR Specialist,V. Adeyemi,10000,2429.15,2429.15,0,0,0,0,0,1,0,0,1,4,0
ERP-003878,2025-05,2025-05-31 09:47:53,Service Revenue,Finance,Manual,R. Almeida,Financial Controller,V. Adeyemi,10000,-461.11,461.11,0,0,0,0,0,1,0,1,1,4,0
ERP-004089,2025-05,2025-05-29 11:50:52,IT & Software,Operations,Manual,W. Lindgren,Staff Accountant,R. Almeida,250000,2350.69,2350.69,0,0,0,0,0,1,0,0,1,4,0
ERP-004174,2025-05,2025-05-30 08:22:48,IT & Software,IT,Manual,T. Nakamura,Senior Accountant,V. Adeyemi,10000,1966.56,1966.56,0,0,0,0,0,1,0,0,1,4,0
ERP-004233,2025-05,2025-05-28 16:21:33,Marketing,Sales,Manual,Y. Volkov,AR Specialist,S. Kowalski,100000,1395.87,1395.87,0,0,0,0,0,1,0,0,1,4,0
ERP-004270,2025-05,2025-05-31 08:03:47,COGS - Materials,Finance,Manual,W. Lindgren,Staff Accountant,V. Adeyemi,10000,5655.91,5655.91,0,0,0,0,0,1,0,1,1,4,0
ERP-004337,2025-05,2025-05-29 09:10:21,Accounts Receivable,Supply Chain,Manual,R. Almeida,Financial Controller,V. Adeyemi,10000,367.92,367.92,0,0,0,0,0,1,0,0,1,4,0
ERP-004362,2025-05,2025-05-28 09:22:11,COGS - Freight,Operations,Manual,Y. Volkov,AR Specialist,X. Ferreira,5000,1847.52,1847.52,0,0,0,0,0,1,0,0,1,4,0
ERP-004376,2025-05,2025-05-30 16:30:17,Marketing,Operations,Manual,V. Adeyemi,Staff Accountant,W. Lindgren,10000,533.34,533.34,0,0,0,0,0,1,0,0,1,4,0
ERP-004406,2025-05,2025-05-31 09:30:48,Salaries & Wages,Supply Chain,Manual,W. Lindgren,Staff Accountant,T. Nakamura,25000,14208.62,14208.62,0,0,0,0,0,1,0,1,1,4,0
ERP-004475,2025-05,2025-05-28 13:08:48,Rent & Facilities,Finance,Manual,Y. Volkov,AR Specialist,R. Almeida,250000,612.92,612.92,0,0,0,0,0,1,0,0,1,4,0
ERP-004665,2025-06,2025-06-27 12:16:19,IT & Software,Sales,Manual,W. Lindgren,Staff Accountant,T. Nakamura,25000,407.43,407.43,0,0,0,0,0,1,0,0,1,4,0
ERP-004708,2025-06,2025-06-30 17:17:35,Accounts Receivable,Finance,Manual,R. Almeida,Financial Controller,V. Adeyemi,10000,6431.78,6431.78,0,0,0,0,0,1,0,0,1,4,0
ERP-004712,2025-06,2025-06-30 16:53:10,Rent & Facilities,Operations,Manual,S. Kowalski,Assistant Controller,T. Nakamura,25000,964.24,964.24,0,0,0,0,0,1,0,0,1,4,0
ERP-004742,2025-06,2025-06-30 14:55:22,COGS - Materials,Supply Chain,Manual,U. Brennan,Senior Accountant,W. Lindgren,10000,2397.53,2397.53,0,0,0,0,0,1,0,0,1,4,0
ERP-004751,2025-06,2025-06-29 12:56:24,Rent & Facilities,Supply Chain,Manual,X. Ferreira,AP Specialist,S. Kowalski,100000,1132.47,1132.47,0,0,0,0,0,1,0,1,1,4,0
ERP-004832,2025-06,2025-06-27 16:23:13,Salaries & Wages,IT,Manual,Z. Osei,FP&A Analyst,S. Kowalski,100000,1067.85,1067.85,0,0,0,0,0,1,0,0,1,4,0
ERP-004857,2025-06,2025-06-30 16:29:59,Service Revenue,Supply Chain,Manual,W. Lindgren,Staff Accountant,R. Almeida,250000,-43793.29,43793.29,0,0,0,0,0,1,0,0,1,4,0
ERP-004951,2025-06,2025-06-30 12:28:28,IT & Software,Marketing,Manual,V. Adeyemi,Staff Accountant,X. Ferreira,5000,392.27,392.27,0,0,0,0,0,1,0,0,1,4,0
ERP-004975,2025-06,2025-06-30 17:33:11,Marketing,Sales,Manual,W. Lindgren,Staff Accountant,X. Ferreira,5000,1790.34,1790.34,0,0,0,0,0,1,0,0,1,4,0
ERP-004990,2025-06,2025-06-29 08:16:35,Salaries & Wages,Operations,Manual,V. Adeyemi,Staff Accountant,S. Kowalski,100000,176.88,176.88,0,0,0,0,0,1,0,1,1,4,0
ERP-005037,2025-06,2025-06-27 11:58:25,COGS - Freight,IT,Manual,V. Adeyemi,Staff Accountant,U. Brennan,25000,1588.26,1588.26,0,0,0,0,0,1,0,0,1,4,0
ERP-005114,2025-06,2025-06-30 11:12:03,IT & Software,IT,Manual,W. Lindgren,Staff Accountant,Y. Volkov,5000,2366.25,2366.25,0,0,0,0,0,1,0,0,1,4,0
ERP-005135,2025-06,2025-06-27 08:38:40,Accounts Receivable,Sales,Manual,T. Nakamura,Senior Accountant,U. Brennan,25000,2826.3,2826.3,0,0,0,0,0,1,0,0,1,4,0
ERP-005160,2025-06,2025-06-29 09:54:14,IT & Software,Supply Chain,Manual,W. Lindgren,Staff Accountant,V. Adeyemi,10000,2550.03,2550.03,0,0,0,0,0,1,0,1,1,4,0
ERP-005192,2025-06,2025-06-28 17:03:20,Marketing,Operations,Manual,T. Nakamura,Senior Accountant,R. Almeida,250000,2203.16,2203.16,0,0,0,0,0,1,0,1,1,4,0
ERP-005206,2025-06,2025-06-30 11:28:17,Accounts Receivable,Operations,Manual,W. Lindgren,Staff Accountant,Y. Volkov,5000,381.5,381.5,0,0,0,0,0,1,0,0,1,4,0
ERP-005322,2025-06,2025-06-30 10:54:52,IT & Software,IT,Manual,Y. Volkov,AR Specialist,V. Adeyemi,10000,5188.77,5188.77,0,0,0,0,0,1,0,0,1,4,0
ERP-005339,2025-06,2025-06-29 16:50:44,IT & Software,Operations,Manual,V. Adeyemi,Staff Accountant,X. Ferreira,5000,1447.1,1447.1,0,0,0,0,0,1,0,1,1,4,0
ERP-005349,2025-06,2025-06-28 17:23:37,COGS - Materials,Supply Chain,Manual,W. Lindgren,Staff Accountant,U. Brennan,25000,7681.05,7681.05,0,0,0,0,0,1,0,1,1,4,0
ERP-005353,2025-06,2025-06-27 16:44:32,Accounts Payable,IT,Manual,S. Kowalski,Assistant Controller,V. Adeyemi,10000,-1198.32,1198.32,0,0,0,0,0,1,0,0,1,4,0
ERP-005358,2025-06,2025-06-29 14:35:56,COGS - Freight,Supply Chain,Manual,Z. Osei,FP&A Analyst,T. Nakamura,25000,5779.6,5779.6,0,0,0,0,0,1,0,1,1,4,0
ERP-005377,2025-06,2025-06-27 09:19:53,COGS - Materials,Supply Chain,Manual,U. Brennan,Senior Accountant,X. Ferreira,5000,615.25,615.25,0,0,0,0,0,1,0,0,1,4,0
ERP-005394,2025-06,2025-06-30 09:21:54,IT & Software,Supply Chain,Manual,Y. Volkov,AR Specialist,S. Kowalski,100000,10348.78,10348.78,0,0,0,0,0,1,0,0,1,4,0
ERP-000684,2025-01,2025-01-20 16:42:37,Accounts Payable,Marketing,Manual,Z. Osei,FP&A Analyst,T. Nakamura,25000,-652.62,652.62,0,0,0,0,0,0,1,0,1,3,0
ERP-001603,2025-02,2025-02-21 10:12:39,Accounts Receivable,Marketing,Manual,T. Nakamura,Senior Accountant,W. Lindgren,10000,617.77,617.77,0,0,0,0,0,0,1,0,1,3,0
ERP-001846,2025-03,2025-03-11 14:01:42,Salaries & Wages,Supply Chain,Manual,S. Kowalski,Assistant Controller,V. Adeyemi,10000,610.51,610.51,0,0,0,0,0,0,1,0,1,3,0
ERP-002344,2025-03,2025-03-14 08:18:37,Accounts Payable,IT,Manual,R. Almeida,Financial Controller,S. Kowalski,100000,-7794.75,7794.75,0,0,0,0,0,0,1,0,1,3,0
ERP-002529,2025-03,2025-03-11 11:06:46,Marketing,Marketing,Manual,V. Adeyemi,Staff Accountant,W. Lindgren,10000,278.45,278.45,0,0,0,0,0,0,1,0,1,3,0
ERP-002530,2025-03,2025-03-23 15:20:03,IT & Software,Finance,Manual,S. Kowalski,Assistant Controller,R. Almeida,250000,2735.64,2735.64,0,0,0,0,0,0,1,1,1,3,0
ERP-002830,2025-04,2025-04-02 15:53:33,Product Revenue,Finance,Manual,S. Kowalski,Assistant Controller,X. Ferreira,5000,-866.17,866.17,0,0,0,0,0,0,1,0,1,3,0
ERP-002847,2025-04,2025-04-11 14:03:17,Rent & Facilities,Supply Chain,Manual,S. Kowalski,Assistant Controller,R. Almeida,250000,5670.41,5670.41,0,0,0,0,0,0,1,0,1,3,0
ERP-003144,2025-04,2025-04-13 13:31:57,COGS - Materials,IT,Manual,W. Lindgren,Staff Accountant,T. Nakamura,25000,640.9,640.9,0,0,0,0,0,0,1,1,1,3,0
ERP-003212,2025-04,2025-04-21 17:48:17,Salaries & Wages,Sales,Manual,U. Brennan,Senior Accountant,V. Adeyemi,10000,443.9,443.9,0,0,0,0,0,0,1,0,1,3,0
ERP-003249,2025-04,2025-04-17 17:12:12,Service Revenue,Finance,Manual,U. Brennan,Senior Accountant,R. Almeida,250000,-107.12,107.12,0,0,0,0,0,0,1,0,1,3,0
ERP-003439,2025-04,2025-04-16 12:47:58,COGS - Freight,Finance,Manual,T. Nakamura,Senior Accountant,Y. Volkov,5000,1349.83,1349.83,0,0,0,0,0,0,1,0,1,3,0
ERP-003441,2025-04,2025-04-26 08:17:41,Rent & Facilities,Marketing,Manual,Z. Osei,FP&A Analyst,T. Nakamura,25000,11457.79,11457.79,0,0,0,0,0,0,1,1,1,3,0
ERP-003482,2025-04,2025-04-19 11:59:01,IT & Software,Operations,Manual,W. Lindgren,Staff Accountant,V. Adeyemi,10000,1149.62,1149.62,0,0,0,0,0,0,1,1,1,3,0
ERP-003820,2025-05,2025-05-03 10:10:17,Salaries & Wages,Finance,Manual,U. Brennan,Senior Accountant,S. Kowalski,100000,3489.54,3489.54,0,0,0,0,0,0,1,1,1,3,0
ERP-004166,2025-05,2025-05-25 11:32:32,COGS - Materials,Finance,Manual,Z. Osei,FP&A Analyst,R. Almeida,250000,2967.96,2967.96,0,0,0,0,0,0,1,1,1,3,0
ERP-004782,2025-06,2025-06-25 11:04:10,Accounts Receivable,Marketing,Manual,W. Lindgren,Staff Accountant,V. Adeyemi,10000,6046.14,6046.14,0,0,0,0,0,0,1,0,1,3,0
ERP-004875,2025-06,2025-06-08 17:53:41,Accounts Receivable,Marketing,Manual,Z. Osei,FP&A Analyst,R. Almeida,250000,332.43,332.43,0,0,0,0,0,0,1,1,1,3,0
ERP-005100,2025-06,2025-06-15 15:27:26,Rent & Facilities,IT,Manual,V. Adeyemi,Staff Accountant,W. Lindgren,10000,5136.21,5136.21,0,0,0,0,0,0,1,1,1,3,0
ERP-000004,2025-01,2025-01-05 10:54:37,Accounts Receivable,Marketing,Manual,X. Ferreira,AP Specialist,T. Nakamura,25000,1208.84,1208.84,0,0,0,0,0,0,0,1,0,0,0
ERP-000009,2025-01,2025-01-03 15:51:33,Accounts Payable,Operations,Manual,V. Adeyemi,Staff Accountant,W. Lindgren,10000,-2667.63,2667.63,0,0,0,0,0,0,0,0,0,0,0
ERP-000014,2025-01,2025-01-03 12:47:32,COGS - Materials,Marketing,Manual,Z. Osei,FP&A Analyst,R. Almeida,250000,1023.26,1023.26,0,0,0,0,0,0,0,0,0,0,0
ERP-000015,2025-01,2025-01-26 11:48:18,COGS - Freight,Sales,Manual,W. Lindgren,Staff Accountant,R. Almeida,250000,2672.72,2672.72,0,0,0,0,0,0,0,1,0,0,0
ERP-000017,2025-01,2025-01-15 11:20:07,IT & Software,Finance,Manual,R. Almeida,Financial Controller,U. Brennan,25000,5221.92,5221.92,0,0,0,0,0,0,0,0,0,0,0
ERP-000021,2025-01,2025-01-25 13:58:22,COGS - Freight,Finance,Manual,Y. Volkov,AR Specialist,T. Nakamura,25000,565.81,565.81,0,0,0,0,0,0,0,1,0,0,0
ERP-000031,2025-01,2025-01-06 13:46:33,Accounts Payable,Supply Chain,Manual,V. Adeyemi,Staff Accountant,R. Almeida,250000,-2595.86,2595.86,0,0,0,0,0,0,0,0,0,0,0
ERP-000038,2025-01,2025-01-09 12:22:32,Salaries & Wages,Sales,Manual,T. Nakamura,Senior Accountant,R. Almeida,250000,788.11,788.11,0,0,0,0,0,0,0,0,0,0,0
ERP-000039,2025-01,2025-01-12 10:37:44,Product Revenue,Sales,Manual,V. Adeyemi,Staff Accountant,T. Nakamura,25000,-1817.13,1817.13,0,0,0,0,0,0,0,1,0,0,0
ERP-000050,2025-01,2025-01-05 17:23:43,Product Revenue,Operations,Manual,R. Almeida,Financial Controller,W. Lindgren,10000,-3273.82,3273.82,0,0,0,0,0,0,0,1,0,0,0
ERP-000058,2025-01,2025-01-26 15:58:52,IT & Software,Supply Chain,Manual,W. Lindgren,Staff Accountant,T. Nakamura,25000,1290.8,1290.8,0,0,0,0,0,0,0,1,0,0,0
ERP-000064,2025-01,2025-01-20 16:06:36,COGS - Materials,Supply Chain,Manual,U. Brennan,Senior Accountant,W. Lindgren,10000,466.89,466.89,0,0,0,0,0,0,0,0,0,0,0
ERP-000065,2025-01,2025-01-26 12:16:29,COGS - Materials,Operations,Manual,X. Ferreira,AP Specialist,Y. Volkov,5000,2517.39,2517.39,0,0,0,0,0,0,0,1,0,0,0
ERP-000081,2025-01,2025-01-01 15:18:13,COGS - Freight,Supply Chain,Manual,Y. Volkov,AR Specialist,S. Kowalski,100000,1728.48,1728.48,0,0,0,0,0,0,0,0,0,0,0
ERP-000085,2025-01,2025-01-27 16:23:41,COGS - Freight,Supply Chain,Manual,U. Brennan,Senior Accountant,V. Adeyemi,10000,1712.93,1712.93,0,0,0,0,0,0,0,0,0,0,0
ERP-000091,2025-01,2025-01-07 15:31:51,Salaries & Wages,Supply Chain,Manual,W. Lindgren,Staff Accountant,T. Nakamura,25000,634.74,634.74,0,0,0,0,0,0,0,0,0,0,0
ERP-000095,2025-01,2025-01-22 15:57:29,Product Revenue,Finance,Manual,S. Kowalski,Assistant Controller,R. Almeida,250000,-657.39,657.39,0,0,0,0,0,0,0,0,0,0,0
ERP-000097,2025-01,2025-01-22 15:24:14,Accounts Receivable,IT,Manual,U. Brennan,Senior Accountant,R. Almeida,250000,2981.53,2981.53,0,0,0,0,0,0,0,0,0,0,0
ERP-000098,2025-01,2025-01-13 12:38:30,Rent & Facilities,Marketing,Manual,V. Adeyemi,Staff Accountant,W. Lindgren,10000,6251.25,6251.25,0,0,0,0,0,0,0,0,0,0,0
ERP-000101,2025-01,2025-01-16 15:42:02,Accounts Payable,IT,Manual,Y. Volkov,AR Specialist,S. Kowalski,100000,-3091.43,3091.43,0,0,0,0,0,0,0,0,0,0,0
ERP-000104,2025-01,2025-01-13 08:32:53,COGS - Freight,IT,Manual,Y. Volkov,AR Specialist,R. Almeida,250000,1138.62,1138.62,0,0,0,0,0,0,0,0,0,0,0
ERP-000106,2025-01,2025-01-24 10:39:23,Rent & Facilities,Operations,Manual,Y. Volkov,AR Specialist,V. Adeyemi,10000,1694.04,1694.04,0,0,0,0,0,0,0,0,0,0,0
ERP-000109,2025-01,2025-01-05 12:41:41,Rent & Facilities,Operations,Manual,R. Almeida,Financial Controller,U. Brennan,25000,5929.7,5929.7,0,0,0,0,0,0,0,1,0,0,0
ERP-000116,2025-01,2025-01-13 16:09:16,Salaries & Wages,Supply Chain,Manual,S. Kowalski,Assistant Controller,R. Almeida,250000,2378.88,2378.88,0,0,0,0,0,0,0,0,0,0,0
ERP-000117,2025-01,2025-01-25 08:23:34,Accounts Receivable,Supply Chain,Manual,S. Kowalski,Assistant Controller,U. Brennan,25000,1764.34,1764.34,0,0,0,0,0,0,0,1,0,0,0
ERP-000126,2025-01,2025-01-03 10:42:13,Accounts Receivable,Supply Chain,Manual,Y. Volkov,AR Specialist,R. Almeida,250000,685.71,685.71,0,0,0,0,0,0,0,0,0,0,0
ERP-000133,2025-01,2025-01-25 14:23:38,Service Revenue,Finance,Manual,V. Adeyemi,Staff Accountant,S. Kowalski,100000,-12886.55,12886.55,0,0,0,0,0,0,0,1,0,0,0
ERP-000141,2025-01,2025-01-23 17:38:18,Accounts Payable,Operations,Manual,W. Lindgren,Staff Accountant,V. Adeyemi,10000,-4531.95,4531.95,0,0,0,0,0,0,0,0,0,0,0
ERP-000142,2025-01,2025-01-22 09:44:37,Product Revenue,Operations,Manual,S. Kowalski,Assistant Controller,V. Adeyemi,10000,-984.79,984.79,0,0,0,0,0,0,0,0,0,0,0
ERP-000150,2025-01,2025-01-20 10:18:21,COGS - Materials,Marketing,Manual,R. Almeida,Financial Controller,T. Nakamura,25000,5236.02,5236.02,0,0,0,0,0,0,0,0,0,0,0
ERP-000154,2025-01,2025-01-08 11:08:35,COGS - Materials,Supply Chain,Manual,Y. Volkov,AR Specialist,U. Brennan,25000,3714.84,3714.84,0,0,0,0,0,0,0,0,0,0,0
ERP-000162,2025-01,2025-01-13 17:48:59,Salaries & Wages,Sales,Manual,W. Lindgren,Staff Accountant,U. Brennan,25000,431.78,431.78,0,0,0,0,0,0,0,0,0,0,0
ERP-000163,2025-01,2025-01-25 17:25:58,COGS - Freight,IT,Manual,U. Brennan,Senior Accountant,S. Kowalski,100000,2159.12,2159.12,0,0,0,0,0,0,0,1,0,0,0
ERP-000173,2025-01,2025-01-05 15:56:12,Rent & Facilities,Supply Chain,Manual,S. Kowalski,Assistant Controller,U. Brennan,25000,529.52,529.52,0,0,0,0,0,0,0,1,0,0,0
ERP-000185,2025-01,2025-01-24 17:42:28,Service Revenue,Supply Chain,Manual,S. Kowalski,Assistant Controller,T. Nakamura,25000,-2213.59,2213.59,0,0,0,0,0,0,0,0,0,0,0
ERP-000189,2025-01,2025-01-20 16:15:14,Service Revenue,Finance,Manual,W. Lindgren,Staff Accountant,U. Brennan,25000,-7515.92,7515.92,0,0,0,0,0,0,0,0,0,0,0
ERP-000191,2025-01,2025-01-20 08:44:26,Rent & Facilities,Finance,Manual,X. Ferreira,AP Specialist,W. Lindgren,10000,816.73,816.73,0,0,0,0,0,0,0,0,0,0,0
ERP-000194,2025-01,2025-01-14 10:01:56,COGS - Freight,Marketing,Manual,R. Almeida,Financial Controller,U. Brennan,25000,1574.87,1574.87,0,0,0,0,0,0,0,0,0,0,0
ERP-000198,2025-01,2025-01-03 11:00:42,COGS - Freight,Sales,Manual,V. Adeyemi,Staff Accountant,R. Almeida,250000,733.29,733.29,0,0,0,0,0,0,0,0,0,0,0
ERP-000207,2025-01,2025-01-11 15:13:42,Rent & Facilities,Marketing,Manual,Z. Osei,FP&A Analyst,U. Brennan,25000,2578.77,2578.77,0,0,0,0,0,0,0,1,0,0,0
ERP-000210,2025-01,2025-01-05 11:27:34,Rent & Facilities,Marketing,Manual,X. Ferreira,AP Specialist,U. Brennan,25000,1154.19,1154.19,0,0,0,0,0,0,0,1,0,0,0
ERP-000212,2025-01,2025-01-21 11:32:04,COGS - Materials,Supply Chain,Manual,Y. Volkov,AR Specialist,U. Brennan,25000,2081.16,2081.16,0,0,0,0,0,0,0,0,0,0,0
ERP-000213,2025-01,2025-01-11 09:19:23,COGS - Freight,Operations,Manual,Y. Volkov,AR Specialist,U. Brennan,25000,6110.22,6110.22,0,0,0,0,0,0,0,1,0,0,0
ERP-000217,2025-01,2025-01-20 17:43:53,Service Revenue,Marketing,Manual,S. Kowalski,Assistant Controller,R. Almeida,250000,-1391.0,1391.0,0,0,0,0,0,0,0,0,0,0,0
ERP-000222,2025-01,2025-01-13 15:14:43,Rent & Facilities,Finance,Manual,T. Nakamura,Senior Accountant,V. Adeyemi,10000,2615.94,2615.94,0,0,0,0,0,0,0,0,0,0,0
ERP-000232,2025-01,2025-01-26 08:16:10,COGS - Freight,Sales,Manual,S. Kowalski,Assistant Controller,V. Adeyemi,10000,579.67,579.67,0,0,0,0,0,0,0,1,0,0,0
ERP-000236,2025-01,2025-01-21 09:40:00,Service Revenue,IT,Manual,R. Almeida,Financial Controller,T. Nakamura,25000,-5584.72,5584.72,0,0,0,0,0,0,0,0,0,0,0
ERP-000243,2025-01,2025-01-06 12:47:32,COGS - Materials,Operations,Manual,Y. Volkov,AR Specialist,S. Kowalski,100000,1910.98,1910.98,0,0,0,0,0,0,0,0,0,0,0
ERP-000245,2025-01,2025-01-21 16:47:10,IT & Software,Finance,Manual,Y. Volkov,AR Specialist,T. Nakamura,25000,4065.62,4065.62,0,0,0,0,0,0,0,0,0,0,0
ERP-000255,2025-01,2025-01-18 08:30:55,COGS - Materials,IT,Manual,V. Adeyemi,Staff Accountant,R. Almeida,250000,8502.18,8502.18,0,0,0,0,0,0,0,1,0,0,0
ERP-000271,2025-01,2025-01-01 09:52:37,Salaries & Wages,Sales,Manual,X. Ferreira,AP Specialist,R. Almeida,250000,2058.46,2058.46,0,0,0,0,0,0,0,0,0,0,0
ERP-000275,2025-01,2025-01-20 08:33:53,Accounts Payable,Finance,Manual,S. Kowalski,Assistant Controller,W. Lindgren,10000,-1848.56,1848.56,0,0,0,0,0,0,0,0,0,0,0
ERP-000279,2025-01,2025-01-05 11:47:51,Accounts Receivable,IT,Manual,U. Brennan,Senior Accountant,R. Almeida,250000,594.68,594.68,0,0,0,0,0,0,0,1,0,0,0
ERP-000291,2025-01,2025-01-22 09:22:17,Marketing,Operations,Manual,S. Kowalski,Assistant Controller,U. Brennan,25000,5233.91,5233.91,0,0,0,0,0,0,0,0,0,0,0
ERP-000292,2025-01,2025-01-15 12:27:20,Accounts Receivable,Finance,Manual,Y. Volkov,AR Specialist,T. Nakamura,25000,1730.62,1730.62,0,0,0,0,0,0,0,0,0,0,0
ERP-000303,2025-01,2025-01-24 08:02:32,Accounts Receivable,Supply Chain,Manual,T. Nakamura,Senior Accountant,S. Kowalski,100000,696.89,696.89,0,0,0,0,0,0,0,0,0,0,0
ERP-000307,2025-01,2025-01-15 16:28:08,Accounts Payable,IT,Manual,X. Ferreira,AP Specialist,V. Adeyemi,10000,-1162.12,1162.12,0,0,0,0,0,0,0,0,0,0,0
ERP-000309,2025-01,2025-01-21 15:10:06,IT & Software,Operations,Manual,T. Nakamura,Senior Accountant,W. Lindgren,10000,3544.7,3544.7,0,0,0,0,0,0,0,0,0,0,0
ERP-000326,2025-01,2025-01-26 09:03:33,Salaries & Wages,Supply Chain,Manual,U. Brennan,Senior Accountant,S. Kowalski,100000,444.87,444.87,0,0,0,0,0,0,0,1,0,0,0
ERP-000336,2025-01,2025-01-23 14:52:48,COGS - Freight,Finance,Manual,W. Lindgren,Staff Accountant,S. Kowalski,100000,1520.25,1520.25,0,0,0,0,0,0,0,0,0,0,0
ERP-000346,2025-01,2025-01-18 16:11:24,IT & Software,Operations,Manual,U. Brennan,Senior Accountant,X. Ferreira,5000,3543.78,3543.78,0,0,0,0,0,0,0,1,0,0,0
ERP-000351,2025-01,2025-01-20 09:22:24,Marketing,Finance,Manual,Z. Osei,FP&A Analyst,V. Adeyemi,10000,7185.82,7185.82,0,0,0,0,0,0,0,0,0,0,0
ERP-000355,2025-01,2025-01-26 14:23:56,Rent & Facilities,Operations,Manual,T. Nakamura,Senior Accountant,R. Almeida,250000,1303.75,1303.75,0,0,0,0,0,0,0,1,0,0,0
ERP-000359,2025-01,2025-01-22 17:23:43,Accounts Receivable,Operations,Manual,S. Kowalski,Assistant Controller,X. Ferreira,5000,761.39,761.39,0,0,0,0,0,0,0,0,0,0,0
ERP-000368,2025-01,2025-01-11 13:22:46,Marketing,IT,Manual,Z. Osei,FP&A Analyst,U. Brennan,25000,557.77,557.77,0,0,0,0,0,0,0,1,0,0,0
ERP-000372,2025-01,2025-01-05 15:20:12,Rent & Facilities,Marketing,Manual,Y. Volkov,AR Specialist,X. Ferreira,5000,1912.56,1912.56,0,0,0,0,0,0,0,1,0,0,0
ERP-000374,2025-01,2025-01-03 13:16:23,Salaries & Wages,Marketing,Manual,W. Lindgren,Staff Accountant,Y. Volkov,5000,757.94,757.94,0,0,0,0,0,0,0,0,0,0,0
ERP-000376,2025-01,2025-01-09 17:13:28,COGS - Materials,Operations,Manual,Z. Osei,FP&A Analyst,R. Almeida,250000,1654.62,1654.62,0,0,0,0,0,0,0,0,0,0,0
ERP-000386,2025-01,2025-01-02 14:09:52,Accounts Receivable,Finance,Manual,V. Adeyemi,Staff Accountant,S. Kowalski,100000,557.27,557.27,0,0,0,0,0,0,0,0,0,0,0
ERP-000405,2025-01,2025-01-06 11:29:27,Accounts Receivable,Sales,Manual,W. Lindgren,Staff Accountant,T. Nakamura,25000,690.16,690.16,0,0,0,0,0,0,0,0,0,0,0
ERP-000434,2025-01,2025-01-12 15:28:41,Rent & Facilities,Marketing,Manual,T. Nakamura,Senior Accountant,V. Adeyemi,10000,8193.42,8193.42,0,0,0,0,0,0,0,1,0,0,0
ERP-000437,2025-01,2025-01-13 14:23:52,Marketing,IT,Manual,R. Almeida,Financial Controller,S. Kowalski,100000,1754.73,1754.73,0,0,0,0,0,0,0,0,0,0,0
ERP-000439,2025-01,2025-01-16 17:30:47,Accounts Receivable,Supply Chain,Manual,V. Adeyemi,Staff Accountant,X. Ferreira,5000,2810.81,2810.81,0,0,0,0,0,0,0,0,0,0,0
ERP-000446,2025-01,2025-01-11 15:19:40,COGS - Freight,Marketing,Manual,V. Adeyemi,Staff Accountant,X. Ferreira,5000,781.35,781.35,0,0,0,0,0,0,0,1,0,0,0
ERP-000448,2025-01,2025-01-20 11:08:33,Salaries & Wages,Operations,Manual,S. Kowalski,Assistant Controller,V. Adeyemi,10000,254.14,254.14,0,0,0,0,0,0,0,0,0,0,0
ERP-000463,2025-01,2025-01-17 15:14:47,Rent & Facilities,Finance,Manual,Y. Volkov,AR Specialist,W. Lindgren,10000,5643.33,5643.33,0,0,0,0,0,0,0,0,0,0,0
ERP-000464,2025-01,2025-01-09 11:13:37,Accounts Payable,Finance,Manual,Z. Osei,FP&A Analyst,X. Ferreira,5000,-989.6,989.6,0,0,0,0,0,0,0,0,0,0,0
ERP-000474,2025-01,2025-01-18 12:09:41,Service Revenue,Sales,Manual,V. Adeyemi,Staff Accountant,W. Lindgren,10000,-570.77,570.77,0,0,0,0,0,0,0,1,0,0,0
ERP-000476,2025-01,2025-01-18 08:29:06,Marketing,Supply Chain,Manual,R. Almeida,Financial Controller,W. Lindgren,10000,673.05,673.05,0,0,0,0,0,0,0,1,0,0,0
ERP-000491,2025-01,2025-01-27 08:41:04,Service Revenue,IT,Manual,Y. Volkov,AR Specialist,R. Almeida,250000,-2413.16,2413.16,0,0,0,0,0,0,0,0,0,0,0
ERP-000495,2025-01,2025-01-21 16:37:59,Salaries & Wages,Supply Chain,Manual,W. Lindgren,Staff Accountant,U. Brennan,25000,1109.71,1109.71,0,0,0,0,0,0,0,0,0,0,0
ERP-000496,2025-01,2025-01-24 13:43:47,Accounts Receivable,Operations,Manual,Y. Volkov,AR Specialist,T. Nakamura,25000,799.18,799.18,0,0,0,0,0,0,0,0,0,0,0
ERP-000505,2025-01,2025-01-25 09:12:26,IT & Software,IT,Manual,U. Brennan,Senior Accountant,X. Ferreira,5000,444.46,444.46,0,0,0,0,0,0,0,1,0,0,0
ERP-000506,2025-01,2025-01-02 14:18:42,Marketing,Supply Chain,Manual,V. Adeyemi,Staff Accountant,S. Kowalski,100000,761.59,761.59,0,0,0,0,0,0,0,0,0,0,0
ERP-000513,2025-01,2025-01-17 12:08:28,Marketing,Marketing,Manual,Z. Osei,FP&A Analyst,W. Lindgren,10000,158.7,158.7,0,0,0,0,0,0,0,0,0,0,0
ERP-000514,2025-01,2025-01-17 08:07:58,Rent & Facilities,Marketing,Manual,S. Kowalski,Assistant Controller,U. Brennan,25000,5611.85,5611.85,0,0,0,0,0,0,0,0,0,0,0
ERP-000515,2025-01,2025-01-17 09:51:55,COGS - Freight,Sales,Manual,Z. Osei,FP&A Analyst,X. Ferreira,5000,3729.14,3729.14,0,0,0,0,0,0,0,0,0,0,0
ERP-000524,2025-01,2025-01-09 10:49:19,Salaries & Wages,Marketing,Manual,S. Kowalski,Assistant Controller,Y. Volkov,5000,4496.74,4496.74,0,0,0,0,0,0,0,0,0,0,0
ERP-000540,2025-01,2025-01-10 12:02:51,Salaries & Wages,Sales,Manual,X. Ferreira,AP Specialist,T. Nakamura,25000,2606.01,2606.01,0,0,0,0,0,0,0,0,0,0,0
ERP-000553,2025-01,2025-01-03 10:34:26,Salaries & Wages,Operations,Manual,W. Lindgren,Staff Accountant,S. Kowalski,100000,1861.94,1861.94,0,0,0,0,0,0,0,0,0,0,0
ERP-000560,2025-01,2025-01-07 13:43:58,COGS - Freight,Supply Chain,Manual,Y. Volkov,AR Specialist,R. Almeida,250000,7083.8,7083.8,0,0,0,0,0,0,0,0,0,0,0
ERP-000563,2025-01,2025-01-10 11:08:53,COGS - Materials,Operations,Manual,R. Almeida,Financial Controller,S. Kowalski,100000,1887.98,1887.98,0,0,0,0,0,0,0,0,0,0,0
ERP-000566,2025-01,2025-01-01 13:08:38,COGS - Materials,Marketing,Manual,S. Kowalski,Assistant Controller,X. Ferreira,5000,3215.77,3215.77,0,0,0,0,0,0,0,0,0,0,0
ERP-000569,2025-01,2025-01-16 09:31:52,COGS - Materials,Supply Chain,Manual,S. Kowalski,Assistant Controller,T. Nakamura,25000,1406.09,1406.09,0,0,0,0,0,0,0,0,0,0,0
ERP-000571,2025-01,2025-01-15 09:43:36,IT & Software,Sales,Manual,S. Kowalski,Assistant Controller,X. Ferreira,5000,1107.43,1107.43,0,0,0,0,0,0,0,0,0,0,0
ERP-000572,2025-01,2025-01-26 14:41:21,Accounts Receivable,IT,Manual,R. Almeida,Financial Controller,U. Brennan,25000,4364.42,4364.42,0,0,0,0,0,0,0,1,0,0,0
ERP-000581,2025-01,2025-01-17 15:36:25,Rent & Facilities,Operations,Manual,Z. Osei,FP&A Analyst,W. Lindgren,10000,1726.58,1726.58,0,0,0,0,0,0,0,0,0,0,0
ERP-000591,2025-01,2025-01-13 08:27:54,Salaries & Wages,Finance,Manual,X. Ferreira,AP Specialist,W. Lindgren,10000,3212.88,3212.88,0,0,0,0,0,0,0,0,0,0,0
ERP-000596,2025-01,2025-01-07 08:47:22,Salaries & Wages,Supply Chain,Manual,W. Lindgren,Staff Accountant,U. Brennan,25000,11837.7,11837.7,0,0,0,0,0,0,0,0,0,0,0
ERP-000599,2025-01,2025-01-08 09:40:26,Salaries & Wages,Operations,Manual,X. Ferreira,AP Specialist,R. Almeida,250000,12997.25,12997.25,0,0,0,0,0,0,0,0,0,0,0
ERP-000612,2025-01,2025-01-08 12:45:24,IT & Software,Marketing,Manual,T. Nakamura,Senior Accountant,V. Adeyemi,10000,779.37,779.37,0,0,0,0,0,0,0,0,0,0,0
ERP-000613,2025-01,2025-01-11 08:48:49,Accounts Payable,Supply Chain,Manual,S. Kowalski,Assistant Controller,T. Nakamura,25000,-3414.55,3414.55,0,0,0,0,0,0,0,1,0,0,0
ERP-000633,2025-01,2025-01-10 13:32:12,COGS - Materials,IT,Manual,T. Nakamura,Senior Accountant,U. Brennan,25000,16215.83,16215.83,0,0,0,0,0,0,0,0,0,0,0
ERP-000645,2025-01,2025-01-13 12:52:38,Service Revenue,Marketing,Manual,R. Almeida,Financial Controller,S. Kowalski,100000,-1571.15,1571.15,0,0,0,0,0,0,0,0,0,0,0
ERP-000646,2025-01,2025-01-12 10:15:45,IT & Software,IT,Manual,U. Brennan,Senior Accountant,V. Adeyemi,10000,843.79,843.79,0,0,0,0,0,0,0,1,0,0,0
ERP-000662,2025-01,2025-01-06 09:36:01,Product Revenue,Sales,Manual,T. Nakamura,Senior Accountant,R. Almeida,250000,-1325.56,1325.56,0,0,0,0,0,0,0,0,0,0,0
ERP-000675,2025-01,2025-01-07 11:26:28,COGS - Materials,IT,Manual,V. Adeyemi,Staff Accountant,X. Ferreira,5000,1728.86,1728.86,0,0,0,0,0,0,0,0,0,0,0
ERP-000689,2025-01,2025-01-04 12:23:14,COGS - Materials,Supply Chain,Manual,S. Kowalski,Assistant Controller,T. Nakamura,25000,752.46,752.46,0,0,0,0,0,0,0,1,0,0,0
ERP-000691,2025-01,2025-01-11 16:08:47,COGS - Materials,Sales,Manual,X. Ferreira,AP Specialist,R. Almeida,250000,1435.09,1435.09,0,0,0,0,0,0,0,1,0,0,0
ERP-000692,2025-01,2025-01-17 14:43:04,Salaries & Wages,Sales,Manual,R. Almeida,Financial Controller,T. Nakamura,25000,1895.97,1895.97,0,0,0,0,0,0,0,0,0,0,0
ERP-000700,2025-01,2025-01-22 13:52:59,Service Revenue,Supply Chain,Manual,R. Almeida,Financial Controller,S. Kowalski,100000,-3337.23,3337.23,0,0,0,0,0,0,0,0,0,0,0
ERP-000701,2025-01,2025-01-18 08:26:05,COGS - Freight,Sales,Manual,W. Lindgren,Staff Accountant,Y. Volkov,5000,1490.0,1490.0,0,0,0,0,0,0,0,1,0,0,0
ERP-000702,2025-01,2025-01-26 09:48:59,COGS - Freight,Sales,Manual,W. Lindgren,Staff Accountant,X. Ferreira,5000,1287.42,1287.42,0,0,0,0,0,0,0,1,0,0,0
ERP-000704,2025-01,2025-01-22 14:00:19,Service Revenue,IT,Manual,R. Almeida,Financial Controller,S. Kowalski,100000,-3920.33,3920.33,0,0,0,0,0,0,0,0,0,0,0
ERP-000723,2025-01,2025-01-08 12:30:45,Accounts Payable,Operations,Manual,R. Almeida,Financial Controller,V. Adeyemi,10000,-447.93,447.93,0,0,0,0,0,0,0,0,0,0,0
ERP-000724,2025-01,2025-01-11 12:20:42,Product Revenue,Operations,Manual,Z. Osei,FP&A Analyst,T. Nakamura,25000,-259.08,259.08,0,0,0,0,0,0,0,1,0,0,0
ERP-000727,2025-01,2025-01-01 11:12:28,Service Revenue,Sales,Manual,T. Nakamura,Senior Accountant,S. Kowalski,100000,-3819.31,3819.31,0,0,0,0,0,0,0,0,0,0,0
ERP-000730,2025-01,2025-01-02 13:52:30,IT & Software,Supply Chain,Manual,Y. Volkov,AR Specialist,U. Brennan,25000,3726.15,3726.15,0,0,0,0,0,0,0,0,0,0,0
ERP-000731,2025-01,2025-01-27 14:34:04,Rent & Facilities,Supply Chain,Manual,V. Adeyemi,Staff Accountant,R. Almeida,250000,480.38,480.38,0,0,0,0,0,0,0,0,0,0,0
ERP-000734,2025-01,2025-01-08 08:12:12,COGS - Freight,IT,Manual,U. Brennan,Senior Accountant,X. Ferreira,5000,451.99,451.99,0,0,0,0,0,0,0,0,0,0,0
ERP-000735,2025-01,2025-01-05 10:25:24,IT & Software,IT,Manual,T. Nakamura,Senior Accountant,X. Ferreira,5000,669.24,669.24,0,0,0,0,0,0,0,1,0,0,0
ERP-000751,2025-01,2025-01-20 09:54:53,Marketing,Marketing,Manual,R. Almeida,Financial Controller,T. Nakamura,25000,628.46,628.46,0,0,0,0,0,0,0,0,0,0,0
ERP-000752,2025-01,2025-01-12 15:07:34,COGS - Freight,Supply Chain,Manual,S. Kowalski,Assistant Controller,U. Brennan,25000,3110.51,3110.51,0,0,0,0,0,0,0,1,0,0,0
ERP-000758,2025-01,2025-01-12 11:25:46,Rent & Facilities,IT,Manual,Y. Volkov,AR Specialist,W. Lindgren,10000,233.44,233.44,0,0,0,0,0,0,0,1,0,0,0
ERP-000765,2025-01,2025-01-19 08:26:19,Rent & Facilities,Finance,Manual,W. Lindgren,Staff Accountant,U. Brennan,25000,355.74,355.74,0,0,0,0,0,0,0,1,0,0,0
ERP-000774,2025-01,2025-01-19 14:41:59,Marketing,Sales,Manual,Y. Volkov,AR Specialist,R. Almeida,250000,1019.68,1019.68,0,0,0,0,0,0,0,1,0,0,0
ERP-000777,2025-01,2025-01-15 15:54:26,Product Revenue,IT,Manual,Z. Osei,FP&A Analyst,V. Adeyemi,10000,-2021.04,2021.04,0,0,0,0,0,0,0,0,0,0,0
ERP-000778,2025-01,2025-01-05 17:41:00,Salaries & Wages,Sales,Manual,W. Lindgren,Staff Accountant,U. Brennan,25000,3230.93,3230.93,0,0,0,0,0,0,0,1,0,0,0
ERP-000782,2025-01,2025-01-18 10:31:11,Product Revenue,IT,Manual,T. Nakamura,Senior Accountant,R. Almeida,250000,-3650.03,3650.03,0,0,0,0,0,0,0,1,0,0,0
ERP-000783,2025-01,2025-01-23 12:37:42,COGS - Materials,Sales,Manual,X. Ferreira,AP Specialist,Y. Volkov,5000,1956.62,1956.62,0,0,0,0,0,0,0,0,0,0,0
ERP-000785,2025-01,2025-01-06 11:43:15,Accounts Payable,Sales,Manual,U. Brennan,Senior Accountant,T. Nakamura,25000,-1892.74,1892.74,0,0,0,0,0,0,0,0,0,0,0
ERP-000787,2025-01,2025-01-08 11:18:36,IT & Software,Supply Chain,Manual,S. Kowalski,Assistant Controller,U. Brennan,25000,1561.5,1561.5,0,0,0,0,0,0,0,0,0,0,0
ERP-000789,2025-01,2025-01-16 15:36:58,Accounts Payable,Sales,Manual,W. Lindgren,Staff Accountant,X. Ferreira,5000,-1134.36,1134.36,0,0,0,0,0,0,0,0,0,0,0
ERP-000791,2025-01,2025-01-13 10:32:07,Rent & Facilities,Sales,Manual,V. Adeyemi,Staff Accountant,T. Nakamura,25000,2334.03,2334.03,0,0,0,0,0,0,0,0,0,0,0
ERP-000805,2025-01,2025-01-13 10:58:03,Salaries & Wages,Supply Chain,Manual,R. Almeida,Financial Controller,S. Kowalski,100000,18035.51,18035.51,0,0,0,0,0,0,0,0,0,0,0
ERP-000808,2025-01,2025-01-07 12:26:02,Product Revenue,Sales,Manual,W. Lindgren,Staff Accountant,S. Kowalski,100000,-3471.9,3471.9,0,0,0,0,0,0,0,0,0,0,0
ERP-000817,2025-01,2025-01-18 17:28:32,Product Revenue,Marketing,Manual,T. Nakamura,Senior Accountant,X. Ferreira,5000,-867.37,867.37,0,0,0,0,0,0,0,1,0,0,0
ERP-000821,2025-01,2025-01-23 16:02:29,Marketing,Sales,Manual,Z. Osei,FP&A Analyst,T. Nakamura,25000,21540.02,21540.02,0,0,0,0,0,0,0,0,0,0,0
ERP-000825,2025-01,2025-01-24 16:44:17,Marketing,Marketing,Manual,Z. Osei,FP&A Analyst,R. Almeida,250000,5007.63,5007.63,0,0,0,0,0,0,0,0,0,0,0
ERP-000827,2025-01,2025-01-05 16:43:37,COGS - Freight,Marketing,Manual,Y. Volkov,AR Specialist,W. Lindgren,10000,7635.72,7635.72,0,0,0,0,0,0,0,1,0,0,0
ERP-000832,2025-01,2025-01-26 14:59:07,Service Revenue,Sales,Manual,T. Nakamura,Senior Accountant,Y. Volkov,5000,-1391.61,1391.61,0,0,0,0,0,0,0,1,0,0,0
ERP-000833,2025-01,2025-01-16 11:21:24,Accounts Receivable,IT,Manual,X. Ferreira,AP Specialist,T. Nakamura,25000,1313.27,1313.27,0,0,0,0,0,0,0,0,0,0,0
ERP-000836,2025-01,2025-01-18 16:40:21,Salaries & Wages,Sales,Manual,X. Ferreira,AP Specialist,R. Almeida,250000,37599.29,37599.29,0,0,0,0,0,0,0,1,0,0,0
ERP-000844,2025-01,2025-01-19 14:39:00,Service Revenue,Sales,Manual,R. Almeida,Financial Controller,U. Brennan,25000,-8396.61,8396.61,0,0,0,0,0,0,0,1,0,0,0
ERP-000852,2025-01,2025-01-16 14:23:54,Rent & Facilities,Marketing,Manual,U. Brennan,Senior Accountant,R. Almeida,250000,15182.31,15182.31,0,0,0,0,0,0,0,0,0,0,0
ERP-000853,2025-01,2025-01-26 09:26:51,Service Revenue,Operations,Manual,S. Kowalski,Assistant Controller,Y. Volkov,5000,-773.04,773.04,0,0,0,0,0,0,0,1,0,0,0
ERP-000855,2025-01,2025-01-17 09:41:59,Rent & Facilities,Operations,Manual,R. Almeida,Financial Controller,V. Adeyemi,10000,3025.0,3025.0,0,0,0,0,0,0,0,0,0,0,0
ERP-000861,2025-01,2025-01-26 09:30:22,Service Revenue,Operations,Manual,X. Ferreira,AP Specialist,V. Adeyemi,10000,-951.54,951.54,0,0,0,0,0,0,0,1,0,0,0
ERP-000870,2025-01,2025-01-25 08:13:06,COGS - Freight,Supply Chain,Manual,T. Nakamura,Senior Accountant,R. Almeida,250000,6777.21,6777.21,0,0,0,0,0,0,0,1,0,0,0
ERP-000876,2025-01,2025-01-01 17:17:33,COGS - Materials,Operations,Manual,T. Nakamura,Senior Accountant,R. Almeida,250000,12627.75,12627.75,0,0,0,0,0,0,0,0,0,0,0
ERP-000879,2025-01,2025-01-06 16:04:01,Product Revenue,Operations,Manual,V. Adeyemi,Staff Accountant,U. Brennan,25000,-1856.56,1856.56,0,0,0,0,0,0,0,0,0,0,0
ERP-000886,2025-01,2025-01-18 10:29:07,Product Revenue,IT,Manual,Z. Osei,FP&A Analyst,X. Ferreira,5000,-1663.23,1663.23,0,0,0,0,0,0,0,1,0,0,0
ERP-000901,2025-02,2025-02-17 09:23:41,Rent & Facilities,Supply Chain,Manual,X. Ferreira,AP Specialist,Y. Volkov,5000,1697.43,1697.43,0,0,0,0,0,0,0,0,0,0,0
ERP-000902,2025-02,2025-02-18 15:18:23,Rent & Facilities,IT,Manual,V. Adeyemi,Staff Accountant,T. Nakamura,25000,1220.33,1220.33,0,0,0,0,0,0,0,0,0,0,0
ERP-000904,2025-02,2025-02-13 10:18:03,Accounts Receivable,Finance,Manual,T. Nakamura,Senior Accountant,U. Brennan,25000,1609.39,1609.39,0,0,0,0,0,0,0,0,0,0,0
ERP-000910,2025-02,2025-02-14 11:36:21,Accounts Receivable,IT,Manual,X. Ferreira,AP Specialist,T. Nakamura,25000,2228.07,2228.07,0,0,0,0,0,0,0,0,0,0,0
ERP-000920,2025-02,2025-02-04 12:13:34,COGS - Freight,Operations,Manual,X. Ferreira,AP Specialist,W. Lindgren,10000,243.71,243.71,0,0,0,0,0,0,0,0,0,0,0
ERP-000921,2025-02,2025-02-13 09:09:55,Salaries & Wages,Finance,Manual,V. Adeyemi,Staff Accountant,U. Brennan,25000,3267.17,3267.17,0,0,0,0,0,0,0,0,0,0,0
ERP-000953,2025-02,2025-02-07 16:44:09,COGS - Freight,IT,Manual,R. Almeida,Financial Controller,U. Brennan,25000,3648.8,3648.8,0,0,0,0,0,0,0,0,0,0,0
ERP-000956,2025-02,2025-02-08 14:42:22,COGS - Freight,Sales,Manual,T. Nakamura,Senior Accountant,Y. Volkov,5000,1527.04,1527.04,0,0,0,0,0,0,0,1,0,0,0
ERP-000961,2025-02,2025-02-18 16:11:23,Marketing,Supply Chain,Manual,X. Ferreira,AP Specialist,T. Nakamura,25000,3306.29,3306.29,0,0,0,0,0,0,0,0,0,0,0
ERP-000962,2025-02,2025-02-19 12:31:20,Accounts Payable,Supply Chain,Manual,Y. Volkov,AR Specialist,X. Ferreira,5000,-2375.2,2375.2,0,0,0,0,0,0,0,0,0,0,0
ERP-000966,2025-02,2025-02-21 16:56:39,Accounts Payable,Finance,Manual,Y. Volkov,AR Specialist,S. Kowalski,100000,-660.52,660.52,0,0,0,0,0,0,0,0,0,0,0
ERP-000970,2025-02,2025-02-24 17:26:06,Service Revenue,Operations,Manual,X. Ferreira,AP Specialist,V. Adeyemi,10000,-664.64,664.64,0,0,0,0,0,0,0,0,0,0,0
ERP-000971,2025-02,2025-02-16 15:12:17,IT & Software,Supply Chain,Manual,X. Ferreira,AP Specialist,W. Lindgren,10000,2768.24,2768.24,0,0,0,0,0,0,0,1,0,0,0
ERP-000972,2025-02,2025-02-03 16:35:23,Service Revenue,Marketing,Manual,W. Lindgren,Staff Accountant,U. Brennan,25000,-591.53,591.53,0,0,0,0,0,0,0,0,0,0,0
ERP-000976,2025-02,2025-02-01 12:29:06,Accounts Payable,Finance,Manual,Z. Osei,FP&A Analyst,U. Brennan,25000,-1853.26,1853.26,0,0,0,0,0,0,0,1,0,0,0
ERP-000983,2025-02,2025-02-01 16:39:00,Product Revenue,Sales,Manual,V. Adeyemi,Staff Accountant,Y. Volkov,5000,-1918.43,1918.43,0,0,0,0,0,0,0,1,0,0,0
ERP-001002,2025-02,2025-02-06 13:26:07,COGS - Freight,Finance,Manual,W. Lindgren,Staff Accountant,X. Ferreira,5000,2251.5,2251.5,0,0,0,0,0,0,0,0,0,0,0
ERP-001003,2025-02,2025-02-20 13:16:46,Salaries & Wages,IT,Manual,R. Almeida,Financial Controller,T. Nakamura,25000,680.42,680.42,0,0,0,0,0,0,0,0,0,0,0
ERP-001006,2025-02,2025-02-17 16:58:25,Marketing,Marketing,Manual,V. Adeyemi,Staff Accountant,W. Lindgren,10000,3402.39,3402.39,0,0,0,0,0,0,0,0,0,0,0
ERP-001015,2025-02,2025-02-09 13:44:19,Service Revenue,IT,Manual,V. Adeyemi,Staff Accountant,S. Kowalski,100000,-4245.68,4245.68,0,0,0,0,0,0,0,1,0,0,0
ERP-001016,2025-02,2025-02-03 09:16:20,COGS - Freight,Finance,Manual,Z. Osei,FP&A Analyst,X. Ferreira,5000,3873.61,3873.61,0,0,0,0,0,0,0,0,0,0,0
ERP-001025,2025-02,2025-02-18 13:56:33,IT & Software,Sales,Manual,R. Almeida,Financial Controller,T. Nakamura,25000,904.25,904.25,0,0,0,0,0,0,0,0,0,0,0
ERP-001026,2025-02,2025-02-13 09:51:14,COGS - Materials,IT,Manual,Z. Osei,FP&A Analyst,X. Ferreira,5000,593.88,593.88,0,0,0,0,0,0,0,0,0,0,0
ERP-001050,2025-02,2025-02-23 09:40:57,Service Revenue,Marketing,Manual,Y. Volkov,AR Specialist,V. Adeyemi,10000,-832.75,832.75,0,0,0,0,0,0,0,1,0,0,0
ERP-001063,2025-02,2025-02-24 14:30:09,Accounts Payable,IT,Manual,T. Nakamura,Senior Accountant,W. Lindgren,10000,-968.16,968.16,0,0,0,0,0,0,0,0,0,0,0
ERP-001065,2025-02,2025-02-03 12:52:09,Service Revenue,Finance,Manual,Z. Osei,FP&A Analyst,Y. Volkov,5000,-1457.13,1457.13,0,0,0,0,0,0,0,0,0,0,0
ERP-001070,2025-02,2025-02-10 17:24:19,COGS - Materials,Marketing,Manual,V. Adeyemi,Staff Accountant,Y. Volkov,5000,2737.69,2737.69,0,0,0,0,0,0,0,0,0,0,0
ERP-001076,2025-02,2025-02-05 08:00:29,Marketing,IT,Manual,U. Brennan,Senior Accountant,X. Ferreira,5000,1333.58,1333.58,0,0,0,0,0,0,0,0,0,0,0
ERP-001087,2025-02,2025-02-23 10:37:37,Accounts Payable,Sales,Manual,Y. Volkov,AR Specialist,W. Lindgren,10000,-548.46,548.46,0,0,0,0,0,0,0,1,0,0,0
ERP-001089,2025-02,2025-02-02 12:04:33,COGS - Materials,Operations,Manual,Z. Osei,FP&A Analyst,X. Ferreira,5000,302.17,302.17,0,0,0,0,0,0,0,1,0,0,0
ERP-001092,2025-02,2025-02-05 17:55:17,Service Revenue,Marketing,Manual,U. Brennan,Senior Accountant,R. Almeida,250000,-1714.56,1714.56,0,0,0,0,0,0,0,0,0,0,0
ERP-001094,2025-02,2025-02-07 17:13:20,Accounts Receivable,Operations,Manual,Z. Osei,FP&A Analyst,V. Adeyemi,10000,398.52,398.52,0,0,0,0,0,0,0,0,0,0,0
ERP-001107,2025-02,2025-02-09 17:57:41,IT & Software,Sales,Manual,Y. Volkov,AR Specialist,W. Lindgren,10000,676.07,676.07,0,0,0,0,0,0,0,1,0,0,0
ERP-001109,2025-02,2025-02-08 12:15:17,IT & Software,Supply Chain,Manual,T. Nakamura,Senior Accountant,V. Adeyemi,10000,523.83,523.83,0,0,0,0,0,0,0,1,0,0,0
ERP-001111,2025-02,2025-02-14 15:14:58,Product Revenue,Sales,Manual,U. Brennan,Senior Accountant,Y. Volkov,5000,-4152.72,4152.72,0,0,0,0,0,0,0,0,0,0,0
ERP-001133,2025-02,2025-02-24 15:16:17,Marketing,Finance,Manual,V. Adeyemi,Staff Accountant,W. Lindgren,10000,2937.31,2937.31,0,0,0,0,0,0,0,0,0,0,0
ERP-001136,2025-02,2025-02-20 14:53:39,Marketing,Supply Chain,Manual,W. Lindgren,Staff Accountant,X. Ferreira,5000,927.77,927.77,0,0,0,0,0,0,0,0,0,0,0
ERP-001146,2025-02,2025-02-17 09:15:35,COGS - Freight,Operations,Manual,T. Nakamura,Senior Accountant,X. Ferreira,5000,268.11,268.11,0,0,0,0,0,0,0,0,0,0,0
ERP-001151,2025-02,2025-02-15 12:55:26,Service Revenue,Operations,Manual,S. Kowalski,Assistant Controller,T. Nakamura,25000,-791.88,791.88,0,0,0,0,0,0,0,1,0,0,0
ERP-001154,2025-02,2025-02-02 17:27:32,COGS - Materials,Finance,Manual,W. Lindgren,Staff Accountant,S. Kowalski,100000,843.71,843.71,0,0,0,0,0,0,0,1,0,0,0
ERP-001175,2025-02,2025-02-14 14:03:07,Rent & Facilities,Sales,Manual,T. Nakamura,Senior Accountant,X. Ferreira,5000,867.97,867.97,0,0,0,0,0,0,0,0,0,0,0
ERP-001184,2025-02,2025-02-15 11:12:38,Rent & Facilities,Sales,Manual,W. Lindgren,Staff Accountant,R. Almeida,250000,621.82,621.82,0,0,0,0,0,0,0,1,0,0,0
ERP-001188,2025-02,2025-02-16 10:08:05,Marketing,Operations,Manual,X. Ferreira,AP Specialist,Y. Volkov,5000,4133.86,4133.86,0,0,0,0,0,0,0,1,0,0,0
ERP-001194,2025-02,2025-02-08 12:00:37,Salaries & Wages,Marketing,Manual,U. Brennan,Senior Accountant,S. Kowalski,100000,378.07,378.07,0,0,0,0,0,0,0,1,0,0,0
ERP-001196,2025-02,2025-02-14 14:46:58,IT & Software,IT,Manual,X. Ferreira,AP Specialist,V. Adeyemi,10000,2491.48,2491.48,0,0,0,0,0,0,0,0,0,0,0
ERP-001204,2025-02,2025-02-17 14:35:21,Marketing,Sales,Manual,X. Ferreira,AP Specialist,R. Almeida,250000,10954.34,10954.34,0,0,0,0,0,0,0,0,0,0,0
ERP-001205,2025-02,2025-02-17 12:18:46,IT & Software,Finance,Manual,S. Kowalski,Assistant Controller,Y. Volkov,5000,1521.03,1521.03,0,0,0,0,0,0,0,0,0,0,0
ERP-001224,2025-02,2025-02-24 15:08:07,Marketing,Supply Chain,Manual,R. Almeida,Financial Controller,V. Adeyemi,10000,7354.52,7354.52,0,0,0,0,0,0,0,0,0,0,0
ERP-001236,2025-02,2025-02-20 14:12:40,Marketing,Marketing,Manual,T. Nakamura,Senior Accountant,U. Brennan,25000,6297.53,6297.53,0,0,0,0,0,0,0,0,0,0,0
ERP-001240,2025-02,2025-02-01 12:36:04,Marketing,Finance,Manual,Z. Osei,FP&A Analyst,V. Adeyemi,10000,525.22,525.22,0,0,0,0,0,0,0,1,0,0,0
ERP-001245,2025-02,2025-02-21 10:14:10,Marketing,Sales,Manual,R. Almeida,Financial Controller,X. Ferreira,5000,515.67,515.67,0,0,0,0,0,0,0,0,0,0,0
ERP-001247,2025-02,2025-02-18 10:45:20,Marketing,Supply Chain,Manual,W. Lindgren,Staff Accountant,S. Kowalski,100000,1238.61,1238.61,0,0,0,0,0,0,0,0,0,0,0
ERP-001249,2025-02,2025-02-24 12:22:27,Salaries & Wages,Finance,Manual,R. Almeida,Financial Controller,X. Ferreira,5000,352.22,352.22,0,0,0,0,0,0,0,0,0,0,0
ERP-001264,2025-02,2025-02-09 12:50:29,IT & Software,Marketing,Manual,U. Brennan,Senior Accountant,X. Ferreira,5000,665.62,665.62,0,0,0,0,0,0,0,1,0,0,0
ERP-001266,2025-02,2025-02-07 15:59:05,IT & Software,Operations,Manual,V. Adeyemi,Staff Accountant,U. Brennan,25000,2316.23,2316.23,0,0,0,0,0,0,0,0,0,0,0
ERP-001268,2025-02,2025-02-01 14:08:09,Accounts Payable,Finance,Manual,S. Kowalski,Assistant Controller,V. Adeyemi,10000,-5604.39,5604.39,0,0,0,0,0,0,0,1,0,0,0
ERP-001272,2025-02,2025-02-03 08:12:48,Service Revenue,IT,Manual,Y. Volkov,AR Specialist,S. Kowalski,100000,-4011.02,4011.02,0,0,0,0,0,0,0,0,0,0,0
ERP-001273,2025-02,2025-02-03 14:03:12,Accounts Payable,Sales,Manual,W. Lindgren,Staff Accountant,R. Almeida,250000,-1176.3,1176.3,0,0,0,0,0,0,0,0,0,0,0
ERP-001281,2025-02,2025-02-20 13:05:39,COGS - Materials,Marketing,Manual,U. Brennan,Senior Accountant,S. Kowalski,100000,2539.95,2539.95,0,0,0,0,0,0,0,0,0,0,0
ERP-001282,2025-02,2025-02-11 12:23:27,Salaries & Wages,Sales,Manual,S. Kowalski,Assistant Controller,X. Ferreira,5000,123.35,123.35,0,0,0,0,0,0,0,0,0,0,0
ERP-001284,2025-02,2025-02-11 13:24:35,Salaries & Wages,Finance,Manual,T. Nakamura,Senior Accountant,Y. Volkov,5000,1027.5,1027.5,0,0,0,0,0,0,0,0,0,0,0
ERP-001287,2025-02,2025-02-05 15:24:16,Service Revenue,Finance,Manual,Y. Volkov,AR Specialist,W. Lindgren,10000,-6324.57,6324.57,0,0,0,0,0,0,0,0,0,0,0
ERP-001301,2025-02,2025-02-16 09:54:01,Accounts Payable,Marketing,Manual,Y. Volkov,AR Specialist,S. Kowalski,100000,-1107.37,1107.37,0,0,0,0,0,0,0,1,0,0,0
ERP-001302,2025-02,2025-02-21 11:49:40,IT & Software,Finance,Manual,Z. Osei,FP&A Analyst,V. Adeyemi,10000,3436.53,3436.53,0,0,0,0,0,0,0,0,0,0,0
ERP-001306,2025-02,2025-02-02 17:29:08,Service Revenue,Finance,Manual,S. Kowalski,Assistant Controller,Y. Volkov,5000,-170.08,170.08,0,0,0,0,0,0,0,1,0,0,0
ERP-001316,2025-02,2025-02-13 09:35:19,COGS - Freight,IT,Manual,Z. Osei,FP&A Analyst,V. Adeyemi,10000,4615.5,4615.5,0,0,0,0,0,0,0,0,0,0,0
ERP-001322,2025-02,2025-02-09 08:39:35,Salaries & Wages,IT,Manual,U. Brennan,Senior Accountant,Y. Volkov,5000,1529.49,1529.49,0,0,0,0,0,0,0,1,0,0,0
ERP-001346,2025-02,2025-02-23 15:22:57,Salaries & Wages,Marketing,Manual,R. Almeida,Financial Controller,U. Brennan,25000,1805.17,1805.17,0,0,0,0,0,0,0,1,0,0,0
ERP-001347,2025-02,2025-02-20 15:50:06,Marketing,Sales,Manual,T. Nakamura,Senior Accountant,V. Adeyemi,10000,431.7,431.7,0,0,0,0,0,0,0,0,0,0,0
ERP-001352,2025-02,2025-02-03 08:42:01,Accounts Payable,Finance,Manual,Z. Osei,FP&A Analyst,R. Almeida,250000,-137.81,137.81,0,0,0,0,0,0,0,0,0,0,0
ERP-001359,2025-02,2025-02-16 14:28:23,COGS - Materials,Supply Chain,Manual,Z. Osei,FP&A Analyst,U. Brennan,25000,12174.28,12174.28,0,0,0,0,0,0,0,1,0,0,0
ERP-001363,2025-02,2025-02-23 13:58:03,Product Revenue,Supply Chain,Manual,X. Ferreira,AP Specialist,Y. Volkov,5000,-3749.64,3749.64,0,0,0,0,0,0,0,1,0,0,0
ERP-001375,2025-02,2025-02-11 11:54:05,Rent & Facilities,IT,Manual,R. Almeida,Financial Controller,X. Ferreira,5000,3699.93,3699.93,0,0,0,0,0,0,0,0,0,0,0
ERP-001378,2025-02,2025-02-20 12:36:13,Marketing,Supply Chain,Manual,U. Brennan,Senior Accountant,W. Lindgren,10000,1944.3,1944.3,0,0,0,0,0,0,0,0,0,0,0
ERP-001383,2025-02,2025-02-13 10:27:12,Accounts Receivable,Marketing,Manual,V. Adeyemi,Staff Accountant,R. Almeida,250000,1274.85,1274.85,0,0,0,0,0,0,0,0,0,0,0
ERP-001385,2025-02,2025-02-07 13:10:53,COGS - Freight,IT,Manual,R. Almeida,Financial Controller,W. Lindgren,10000,607.3,607.3,0,0,0,0,0,0,0,0,0,0,0
ERP-001390,2025-02,2025-02-03 13:08:38,Accounts Receivable,Finance,Manual,V. Adeyemi,Staff Accountant,Y. Volkov,5000,866.16,866.16,0,0,0,0,0,0,0,0,0,0,0
ERP-001391,2025-02,2025-02-15 11:14:34,Marketing,Supply Chain,Manual,W. Lindgren,Staff Accountant,X. Ferreira,5000,2205.19,2205.19,0,0,0,0,0,0,0,1,0,0,0
ERP-001399,2025-02,2025-02-18 16:33:19,COGS - Materials,Operations,Manual,S. Kowalski,Assistant Controller,X. Ferreira,5000,511.19,511.19,0,0,0,0,0,0,0,0,0,0,0
ERP-001418,2025-02,2025-02-23 13:56:14,Service Revenue,Sales,Manual,Z. Osei,FP&A Analyst,V. Adeyemi,10000,-3544.99,3544.99,0,0,0,0,0,0,0,1,0,0,0
ERP-001425,2025-02,2025-02-08 08:19:54,Service Revenue,Marketing,Manual,U. Brennan,Senior Accountant,X. Ferreira,5000,-603.96,603.96,0,0,0,0,0,0,0,1,0,0,0
ERP-001432,2025-02,2025-02-10 15:37:19,COGS - Materials,Finance,Manual,W. Lindgren,Staff Accountant,Y. Volkov,5000,1529.35,1529.35,0,0,0,0,0,0,0,0,0,0,0
ERP-001437,2025-02,2025-02-05 09:20:54,Service Revenue,Operations,Manual,S. Kowalski,Assistant Controller,W. Lindgren,10000,-3627.42,3627.42,0,0,0,0,0,0,0,0,0,0,0
ERP-001455,2025-02,2025-02-06 17:50:59,Marketing,IT,Manual,S. Kowalski,Assistant Controller,U. Brennan,25000,6276.55,6276.55,0,0,0,0,0,0,0,0,0,0,0
ERP-001457,2025-02,2025-02-13 08:53:56,Accounts Payable,Operations,Manual,Z. Osei,FP&A Analyst,X. Ferreira,5000,-1000.04,1000.04,0,0,0,0,0,0,0,0,0,0,0
ERP-001467,2025-02,2025-02-06 17:24:15,Rent & Facilities,Sales,Manual,V. Adeyemi,Staff Accountant,R. Almeida,250000,3885.68,3885.68,0,0,0,0,0,0,0,0,0,0,0
ERP-001472,2025-02,2025-02-13 15:21:00,Product Revenue,Finance,Manual,R. Almeida,Financial Controller,W. Lindgren,10000,-956.56,956.56,0,0,0,0,0,0,0,0,0,0,0
ERP-001492,2025-02,2025-02-03 17:49:52,IT & Software,Marketing,Manual,Z. Osei,FP&A Analyst,X. Ferreira,5000,2213.73,2213.73,0,0,0,0,0,0,0,0,0,0,0
ERP-001497,2025-02,2025-02-16 08:40:52,Accounts Receivable,IT,Manual,X. Ferreira,AP Specialist,U. Brennan,25000,1185.78,1185.78,0,0,0,0,0,0,0,1,0,0,0
ERP-001498,2025-02,2025-02-12 16:52:19,IT & Software,Finance,Manual,U. Brennan,Senior Accountant,V. Adeyemi,10000,290.73,290.73,0,0,0,0,0,0,0,0,0,0,0
ERP-001510,2025-02,2025-02-21 08:09:26,Marketing,Supply Chain,Manual,W. Lindgren,Staff Accountant,V. Adeyemi,10000,4522.52,4522.52,0,0,0,0,0,0,0,0,0,0,0
ERP-001511,2025-02,2025-02-15 14:26:43,Product Revenue,Finance,Manual,W. Lindgren,Staff Accountant,T. Nakamura,25000,-2063.05,2063.05,0,0,0,0,0,0,0,1,0,0,0
ERP-001512,2025-02,2025-02-11 12:37:39,Marketing,Marketing,Manual,V. Adeyemi,Staff Accountant,Y. Volkov,5000,1178.05,1178.05,0,0,0,0,0,0,0,0,0,0,0
ERP-001521,2025-02,2025-02-18 13:10:57,COGS - Materials,Finance,Manual,Z. Osei,FP&A Analyst,R. Almeida,250000,6233.1,6233.1,0,0,0,0,0,0,0,0,0,0,0
ERP-001523,2025-02,2025-02-23 16:23:42,Service Revenue,Operations,Manual,Y. Volkov,AR Specialist,R. Almeida,250000,-1359.06,1359.06,0,0,0,0,0,0,0,1,0,0,0
ERP-001527,2025-02,2025-02-14 14:20:45,COGS - Freight,Operations,Manual,S. Kowalski,Assistant Controller,Y. Volkov,5000,1091.93,1091.93,0,0,0,0,0,0,0,0,0,0,0
ERP-001530,2025-02,2025-02-09 14:28:12,Marketing,IT,Manual,Z. Osei,FP&A Analyst,V. Adeyemi,10000,828.57,828.57,0,0,0,0,0,0,0,1,0,0,0
ERP-001531,2025-02,2025-02-13 11:34:39,Accounts Payable,Supply Chain,Manual,R. Almeida,Financial Controller,V. Adeyemi,10000,-5413.14,5413.14,0,0,0,0,0,0,0,0,0,0,0
ERP-001535,2025-02,2025-02-03 16:41:59,Salaries & Wages,IT,Manual,Z. Osei,FP&A Analyst,W. Lindgren,10000,8023.45,8023.45,0,0,0,0,0,0,0,0,0,0,0
ERP-001537,2025-02,2025-02-21 16:14:01,Salaries & Wages,IT,Manual,W. Lindgren,Staff Accountant,S. Kowalski,100000,8719.75,8719.75,0,0,0,0,0,0,0,0,0,0,0
ERP-001539,2025-02,2025-02-17 09:08:36,Rent & Facilities,Sales,Manual,Y. Volkov,AR Specialist,V. Adeyemi,10000,248.98,248.98,0,0,0,0,0,0,0,0,0,0,0
ERP-001542,2025-02,2025-02-11 13:42:29,Accounts Payable,Supply Chain,Manual,Z. Osei,FP&A Analyst,T. Nakamura,25000,-1007.68,1007.68,0,0,0,0,0,0,0,0,0,0,0
ERP-001545,2025-02,2025-02-24 16:01:34,Product Revenue,Supply Chain,Manual,U. Brennan,Senior Accountant,V. Adeyemi,10000,-1226.33,1226.33,0,0,0,0,0,0,0,0,0,0,0
ERP-001546,2025-02,2025-02-24 11:29:19,COGS - Freight,Sales,Manual,V. Adeyemi,Staff Accountant,S. Kowalski,100000,300.22,300.22,0,0,0,0,0,0,0,0,0,0,0
ERP-001550,2025-02,2025-02-20 08:08:26,IT & Software,Operations,Manual,U. Brennan,Senior Accountant,Y. Volkov,5000,1454.74,1454.74,0,0,0,0,0,0,0,0,0,0,0
ERP-001551,2025-02,2025-02-17 08:34:24,Salaries & Wages,Sales,Manual,Y. Volkov,AR Specialist,S. Kowalski,100000,1814.86,1814.86,0,0,0,0,0,0,0,0,0,0,0
ERP-001555,2025-02,2025-02-08 15:14:00,IT & Software,Operations,Manual,S. Kowalski,Assistant Controller,Y. Volkov,5000,1704.21,1704.21,0,0,0,0,0,0,0,1,0,0,0
ERP-001561,2025-02,2025-02-22 11:12:36,Service Revenue,Marketing,Manual,R. Almeida,Financial Controller,U. Brennan,25000,-4318.36,4318.36,0,0,0,0,0,0,0,1,0,0,0
ERP-001579,2025-02,2025-02-02 09:17:47,Marketing,Marketing,Manual,W. Lindgren,Staff Accountant,U. Brennan,25000,386.9,386.9,0,0,0,0,0,0,0,1,0,0,0
ERP-001590,2025-02,2025-02-17 09:46:50,Salaries & Wages,Supply Chain,Manual,Z. Osei,FP&A Analyst,S. Kowalski,100000,761.65,761.65,0,0,0,0,0,0,0,0,0,0,0
ERP-001596,2025-02,2025-02-20 16:48:55,Salaries & Wages,IT,Manual,W. Lindgren,Staff Accountant,T. Nakamura,25000,1579.48,1579.48,0,0,0,0,0,0,0,0,0,0,0
ERP-001597,2025-02,2025-02-08 14:43:32,Accounts Payable,Sales,Manual,U. Brennan,Senior Accountant,W. Lindgren,10000,-1143.53,1143.53,0,0,0,0,0,0,0,1,0,0,0
ERP-001598,2025-02,2025-02-14 15:54:51,Marketing,Operations,Manual,Z. Osei,FP&A Analyst,Y. Volkov,5000,3960.53,3960.53,0,0,0,0,0,0,0,0,0,0,0
ERP-001631,2025-02,2025-02-16 10:48:18,Salaries & Wages,Finance,Manual,X. Ferreira,AP Specialist,T. Nakamura,25000,1974.02,1974.02,0,0,0,0,0,0,0,1,0,0,0
ERP-001639,2025-02,2025-02-16 12:20:19,Rent & Facilities,Supply Chain,Manual,S. Kowalski,Assistant Controller,W. Lindgren,10000,1162.93,1162.93,0,0,0,0,0,0,0,1,0,0,0
ERP-001657,2025-02,2025-02-18 14:33:19,Product Revenue,Marketing,Manual,V. Adeyemi,Staff Accountant,X. Ferreira,5000,-843.83,843.83,0,0,0,0,0,0,0,0,0,0,0
ERP-001662,2025-02,2025-02-08 12:00:35,Salaries & Wages,Supply Chain,Manual,R. Almeida,Financial Controller,W. Lindgren,10000,595.61,595.61,0,0,0,0,0,0,0,1,0,0,0
ERP-001676,2025-02,2025-02-15 10:07:22,Accounts Payable,Sales,Manual,W. Lindgren,Staff Accountant,S. Kowalski,100000,-716.68,716.68,0,0,0,0,0,0,0,1,0,0,0
ERP-001695,2025-02,2025-02-05 13:34:38,Accounts Receivable,Finance,Manual,S. Kowalski,Assistant Controller,R. Almeida,250000,665.19,665.19,0,0,0,0,0,0,0,0,0,0,0
ERP-001699,2025-02,2025-02-24 08:25:00,COGS - Freight,IT,Manual,X. Ferreira,AP Specialist,T. Nakamura,25000,901.16,901.16,0,0,0,0,0,0,0,0,0,0,0
ERP-001709,2025-02,2025-02-11 09:06:08,Service Revenue,Operations,Manual,V. Adeyemi,Staff Accountant,U. Brennan,25000,-5318.63,5318.63,0,0,0,0,0,0,0,0,0,0,0
ERP-001718,2025-02,2025-02-10 09:41:30,Product Revenue,Finance,Manual,T. Nakamura,Senior Accountant,W. Lindgren,10000,-2583.49,2583.49,0,0,0,0,0,0,0,0,0,0,0
ERP-001719,2025-02,2025-02-06 10:35:38,Marketing,IT,Manual,W. Lindgren,Staff Accountant,S. Kowalski,100000,1262.52,1262.52,0,0,0,0,0,0,0,0,0,0,0
ERP-001722,2025-02,2025-02-20 16:51:52,Product Revenue,Marketing,Manual,X. Ferreira,AP Specialist,T. Nakamura,25000,-1041.47,1041.47,0,0,0,0,0,0,0,0,0,0,0
ERP-001723,2025-02,2025-02-24 15:01:06,Service Revenue,Supply Chain,Manual,X. Ferreira,AP Specialist,T. Nakamura,25000,-229.23,229.23,0,0,0,0,0,0,0,0,0,0,0
ERP-001725,2025-02,2025-02-18 08:14:04,Marketing,Operations,Manual,W. Lindgren,Staff Accountant,R. Almeida,250000,986.56,986.56,0,0,0,0,0,0,0,0,0,0,0
ERP-001728,2025-02,2025-02-14 10:48:43,Product Revenue,Marketing,Manual,Y. Volkov,AR Specialist,U. Brennan,25000,-1516.28,1516.28,0,0,0,0,0,0,0,0,0,0,0
ERP-001741,2025-02,2025-02-06 15:50:48,COGS - Freight,IT,Manual,Y. Volkov,AR Specialist,W. Lindgren,10000,1756.17,1756.17,0,0,0,0,0,0,0,0,0,0,0
ERP-001743,2025-02,2025-02-20 14:10:42,COGS - Materials,Operations,Manual,X. Ferreira,AP Specialist,R. Almeida,250000,5125.49,5125.49,0,0,0,0,0,0,0,0,0,0,0
ERP-001747,2025-02,2025-02-01 16:56:37,COGS - Materials,Marketing,Manual,R. Almeida,Financial Controller,V. Adeyemi,10000,1276.26,1276.26,0,0,0,0,0,0,0,1,0,0,0
ERP-001748,2025-02,2025-02-05 09:17:26,Salaries & Wages,Supply Chain,Manual,R. Almeida,Financial Controller,S. Kowalski,100000,9365.28,9365.28,0,0,0,0,0,0,0,0,0,0,0
ERP-001751,2025-02,2025-02-05 15:55:21,Marketing,IT,Manual,S. Kowalski,Assistant Controller,R. Almeida,250000,1812.87,1812.87,0,0,0,0,0,0,0,0,0,0,0
ERP-001756,2025-02,2025-02-17 14:06:12,Marketing,Supply Chain,Manual,Y. Volkov,AR Specialist,W. Lindgren,10000,3210.67,3210.67,0,0,0,0,0,0,0,0,0,0,0
ERP-001760,2025-02,2025-02-12 16:55:59,COGS - Materials,IT,Manual,W. Lindgren,Staff Accountant,X. Ferreira,5000,1227.77,1227.77,0,0,0,0,0,0,0,0,0,0,0
ERP-001763,2025-02,2025-02-16 17:17:17,Accounts Receivable,Marketing,Manual,T. Nakamura,Senior Accountant,U. Brennan,25000,8384.97,8384.97,0,0,0,0,0,0,0,1,0,0,0
ERP-001770,2025-02,2025-02-19 15:40:37,Marketing,Operations,Manual,T. Nakamura,Senior Accountant,U. Brennan,25000,2069.61,2069.61,0,0,0,0,0,0,0,0,0,0,0
ERP-001772,2025-02,2025-02-05 13:02:16,COGS - Freight,Sales,Manual,W. Lindgren,Staff Accountant,R. Almeida,250000,1379.45,1379.45,0,0,0,0,0,0,0,0,0,0,0
ERP-001774,2025-02,2025-02-16 08:14:46,Salaries & Wages,Marketing,Manual,Z. Osei,FP&A Analyst,R. Almeida,250000,553.6,553.6,0,0,0,0,0,0,0,1,0,0,0
ERP-001775,2025-02,2025-02-08 08:01:38,Rent & Facilities,Supply Chain,Manual,U. Brennan,Senior Accountant,W. Lindgren,10000,951.59,951.59,0,0,0,0,0,0,0,1,0,0,0
ERP-001777,2025-02,2025-02-10 16:47:41,Salaries & Wages,Operations,Manual,Z. Osei,FP&A Analyst,X. Ferreira,5000,3391.18,3391.18,0,0,0,0,0,0,0,0,0,0,0
ERP-001811,2025-03,2025-03-20 09:30:34,Service Revenue,Marketing,Manual,X. Ferreira,AP Specialist,V. Adeyemi,10000,-4554.91,4554.91,0,0,0,0,0,0,0,0,0,0,0
ERP-001816,2025-03,2025-03-20 08:29:48,COGS - Freight,IT,Manual,W. Lindgren,Staff Accountant,T. Nakamura,25000,19358.51,19358.51,0,0,0,0,0,0,0,0,0,0,0
ERP-001819,2025-03,2025-03-14 10:47:46,COGS - Materials,IT,Manual,W. Lindgren,Staff Accountant,S. Kowalski,100000,2720.01,2720.01,0,0,0,0,0,0,0,0,0,0,0
ERP-001829,2025-03,2025-03-14 13:09:04,Salaries & Wages,Finance,Manual,Z. Osei,FP&A Analyst,S. Kowalski,100000,465.33,465.33,0,0,0,0,0,0,0,0,0,0,0
ERP-001833,2025-03,2025-03-10 11:25:40,Accounts Payable,Marketing,Manual,V. Adeyemi,Staff Accountant,R. Almeida,250000,-1911.24,1911.24,0,0,0,0,0,0,0,0,0,0,0
ERP-001848,2025-03,2025-03-24 11:38:48,Service Revenue,Operations,Manual,R. Almeida,Financial Controller,Y. Volkov,5000,-2249.4,2249.4,0,0,0,0,0,0,0,0,0,0,0
ERP-001851,2025-03,2025-03-16 14:55:24,Rent & Facilities,Sales,Manual,U. Brennan,Senior Accountant,W. Lindgren,10000,1098.4,1098.4,0,0,0,0,0,0,0,1,0,0,0
ERP-001853,2025-03,2025-03-22 10:40:09,Accounts Receivable,Sales,Manual,R. Almeida,Financial Controller,Y. Volkov,5000,1597.67,1597.67,0,0,0,0,0,0,0,1,0,0,0
ERP-001856,2025-03,2025-03-11 14:14:06,Marketing,Finance,Manual,S. Kowalski,Assistant Controller,U. Brennan,25000,2167.38,2167.38,0,0,0,0,0,0,0,0,0,0,0
ERP-001857,2025-03,2025-03-25 17:11:34,Marketing,Supply Chain,Manual,W. Lindgren,Staff Accountant,Y. Volkov,5000,388.79,388.79,0,0,0,0,0,0,0,0,0,0,0
ERP-001865,2025-03,2025-03-16 16:16:45,Marketing,Supply Chain,Manual,V. Adeyemi,Staff Accountant,Y. Volkov,5000,494.34,494.34,0,0,0,0,0,0,0,1,0,0,0
ERP-001874,2025-03,2025-03-22 14:50:30,Accounts Payable,Marketing,Manual,W. Lindgren,Staff Accountant,S. Kowalski,100000,-13857.41,13857.41,0,0,0,0,0,0,0,1,0,0,0
ERP-001876,2025-03,2025-03-19 12:18:08,Product Revenue,Finance,Manual,W. Lindgren,Staff Accountant,S. Kowalski,100000,-569.45,569.45,0,0,0,0,0,0,0,0,0,0,0
ERP-001878,2025-03,2025-03-10 10:29:45,Product Revenue,Operations,Manual,T. Nakamura,Senior Accountant,S. Kowalski,100000,-5168.4,5168.4,0,0,0,0,0,0,0,0,0,0,0
ERP-001887,2025-03,2025-03-18 14:45:40,COGS - Freight,Marketing,Manual,Y. Volkov,AR Specialist,X. Ferreira,5000,612.84,612.84,0,0,0,0,0,0,0,0,0,0,0
ERP-001906,2025-03,2025-03-23 09:25:18,Accounts Receivable,IT,Manual,W. Lindgren,Staff Accountant,X. Ferreira,5000,476.3,476.3,0,0,0,0,0,0,0,1,0,0,0
ERP-001918,2025-03,2025-03-23 08:02:44,IT & Software,IT,Manual,U. Brennan,Senior Accountant,Y. Volkov,5000,1512.55,1512.55,0,0,0,0,0,0,0,1,0,0,0
ERP-001919,2025-03,2025-03-04 09:21:44,IT & Software,Marketing,Manual,U. Brennan,Senior Accountant,S. Kowalski,100000,3321.69,3321.69,0,0,0,0,0,0,0,0,0,0,0
ERP-001929,2025-03,2025-03-22 16:24:00,Marketing,IT,Manual,U. Brennan,Senior Accountant,W. Lindgren,10000,458.04,458.04,0,0,0,0,0,0,0,1,0,0,0
ERP-001945,2025-03,2025-03-22 09:14:15,Product Revenue,Finance,Manual,Y. Volkov,AR Specialist,V. Adeyemi,10000,-3940.93,3940.93,0,0,0,0,0,0,0,1,0,0,0
ERP-001959,2025-03,2025-03-02 12:28:29,Rent & Facilities,Supply Chain,Manual,X. Ferreira,AP Specialist,V. Adeyemi,10000,686.76,686.76,0,0,0,0,0,0,0,1,0,0,0
ERP-001966,2025-03,2025-03-27 08:34:35,Accounts Receivable,Operations,Manual,Y. Volkov,AR Specialist,R. Almeida,250000,1018.73,1018.73,0,0,0,0,0,0,0,0,0,0,0
ERP-001974,2025-03,2025-03-06 10:11:00,Rent & Facilities,Marketing,Manual,S. Kowalski,Assistant Controller,R. Almeida,250000,1520.93,1520.93,0,0,0,0,0,0,0,0,0,0,0
ERP-001980,2025-03,2025-03-12 12:59:30,IT & Software,Supply Chain,Manual,R. Almeida,Financial Controller,U. Brennan,25000,555.65,555.65,0,0,0,0,0,0,0,0,0,0,0
ERP-001987,2025-03,2025-03-01 09:51:58,Salaries & Wages,Marketing,Manual,Z. Osei,FP&A Analyst,T. Nakamura,25000,2306.41,2306.41,0,0,0,0,0,0,0,1,0,0,0
ERP-001993,2025-03,2025-03-25 14:13:59,IT & Software,Operations,Manual,U. Brennan,Senior Accountant,V. Adeyemi,10000,176.29,176.29,0,0,0,0,0,0,0,0,0,0,0
ERP-001994,2025-03,2025-03-06 11:08:28,Accounts Payable,IT,Manual,T. Nakamura,Senior Accountant,X. Ferreira,5000,-939.97,939.97,0,0,0,0,0,0,0,0,0,0,0
ERP-001995,2025-03,2025-03-12 16:24:58,Service Revenue,IT,Manual,T. Nakamura,Senior Accountant,U. Brennan,25000,-287.04,287.04,0,0,0,0,0,0,0,0,0,0,0
ERP-001998,2025-03,2025-03-09 13:38:39,Marketing,Supply Chain,Manual,Z. Osei,FP&A Analyst,U. Brennan,25000,378.22,378.22,0,0,0,0,0,0,0,1,0,0,0
ERP-002005,2025-03,2025-03-23 13:25:47,COGS - Freight,Operations,Manual,R. Almeida,Financial Controller,Y. Volkov,5000,1754.58,1754.58,0,0,0,0,0,0,0,1,0,0,0
ERP-002009,2025-03,2025-03-07 10:24:08,Accounts Receivable,Marketing,Manual,W. Lindgren,Staff Accountant,R. Almeida,250000,959.82,959.82,0,0,0,0,0,0,0,0,0,0,0
ERP-002012,2025-03,2025-03-17 17:46:17,Accounts Payable,Marketing,Manual,U. Brennan,Senior Accountant,S. Kowalski,100000,-637.65,637.65,0,0,0,0,0,0,0,0,0,0,0
ERP-002014,2025-03,2025-03-26 12:34:15,COGS - Materials,Finance,Manual,U. Brennan,Senior Accountant,Y. Volkov,5000,929.4,929.4,0,0,0,0,0,0,0,0,0,0,0
ERP-002015,2025-03,2025-03-04 08:28:56,Service Revenue,Marketing,Manual,S. Kowalski,Assistant Controller,V. Adeyemi,10000,-1040.84,1040.84,0,0,0,0,0,0,0,0,0,0,0
ERP-002020,2025-03,2025-03-22 16:29:27,COGS - Freight,Marketing,Manual,R. Almeida,Financial Controller,V. Adeyemi,10000,1494.95,1494.95,0,0,0,0,0,0,0,1,0,0,0
ERP-002032,2025-03,2025-03-11 09:41:06,Rent & Facilities,IT,Manual,S. Kowalski,Assistant Controller,U. Brennan,25000,2237.95,2237.95,0,0,0,0,0,0,0,0,0,0,0
ERP-002066,2025-03,2025-03-24 15:50:12,Rent & Facilities,Finance,Manual,Z. Osei,FP&A Analyst,Y. Volkov,5000,2862.04,2862.04,0,0,0,0,0,0,0,0,0,0,0
ERP-002072,2025-03,2025-03-23 15:45:45,Accounts Payable,Sales,Manual,R. Almeida,Financial Controller,U. Brennan,25000,-435.56,435.56,0,0,0,0,0,0,0,1,0,0,0
ERP-002082,2025-03,2025-03-23 16:04:29,Product Revenue,Supply Chain,Manual,S. Kowalski,Assistant Controller,R. Almeida,250000,-2412.02,2412.02,0,0,0,0,0,0,0,1,0,0,0
ERP-002085,2025-03,2025-03-16 13:07:07,Service Revenue,Supply Chain,Manual,Z. Osei,FP&A Analyst,Y. Volkov,5000,-899.15,899.15,0,0,0,0,0,0,0,1,0,0,0
ERP-002089,2025-03,2025-03-06 17:58:03,Service Revenue,Marketing,Manual,Y. Volkov,AR Specialist,V. Adeyemi,10000,-1519.1,1519.1,0,0,0,0,0,0,0,0,0,0,0
ERP-002097,2025-03,2025-03-02 11:22:54,Accounts Receivable,Supply Chain,Manual,S. Kowalski,Assistant Controller,T. Nakamura,25000,2486.28,2486.28,0,0,0,0,0,0,0,1,0,0,0
ERP-002101,2025-03,2025-03-24 09:17:23,Marketing,Supply Chain,Manual,U. Brennan,Senior Accountant,X. Ferreira,5000,4538.88,4538.88,0,0,0,0,0,0,0,0,0,0,0
ERP-002103,2025-03,2025-03-06 12:58:29,Salaries & Wages,Supply Chain,Manual,U. Brennan,Senior Accountant,V. Adeyemi,10000,2587.28,2587.28,0,0,0,0,0,0,0,0,0,0,0
ERP-002122,2025-03,2025-03-26 08:13:44,COGS - Freight,Supply Chain,Manual,Y. Volkov,AR Specialist,V. Adeyemi,10000,845.17,845.17,0,0,0,0,0,0,0,0,0,0,0
ERP-002125,2025-03,2025-03-02 09:05:45,Accounts Payable,IT,Manual,X. Ferreira,AP Specialist,W. Lindgren,10000,-1310.43,1310.43,0,0,0,0,0,0,0,1,0,0,0
ERP-002127,2025-03,2025-03-08 14:27:18,Marketing,IT,Manual,X. Ferreira,AP Specialist,W. Lindgren,10000,1341.39,1341.39,0,0,0,0,0,0,0,1,0,0,0
ERP-002132,2025-03,2025-03-08 09:58:37,Accounts Payable,Finance,Manual,T. Nakamura,Senior Accountant,W. Lindgren,10000,-6725.53,6725.53,0,0,0,0,0,0,0,1,0,0,0
ERP-002164,2025-03,2025-03-17 16:40:32,Accounts Receivable,IT,Manual,R. Almeida,Financial Controller,T. Nakamura,25000,402.89,402.89,0,0,0,0,0,0,0,0,0,0,0
ERP-002165,2025-03,2025-03-03 17:59:43,Salaries & Wages,Operations,Manual,R. Almeida,Financial Controller,X. Ferreira,5000,886.79,886.79,0,0,0,0,0,0,0,0,0,0,0
ERP-002172,2025-03,2025-03-17 16:11:38,Rent & Facilities,Sales,Manual,U. Brennan,Senior Accountant,S. Kowalski,100000,1410.95,1410.95,0,0,0,0,0,0,0,0,0,0,0
ERP-002181,2025-03,2025-03-10 10:11:50,Accounts Payable,Sales,Manual,V. Adeyemi,Staff Accountant,S. Kowalski,100000,-344.69,344.69,0,0,0,0,0,0,0,0,0,0,0
ERP-002189,2025-03,2025-03-26 13:35:43,IT & Software,Supply Chain,Manual,W. Lindgren,Staff Accountant,T. Nakamura,25000,1849.61,1849.61,0,0,0,0,0,0,0,0,0,0,0
ERP-002191,2025-03,2025-03-27 14:08:51,COGS - Materials,Supply Chain,Manual,X. Ferreira,AP Specialist,R. Almeida,250000,1762.52,1762.52,0,0,0,0,0,0,0,0,0,0,0
ERP-002202,2025-03,2025-03-06 17:10:23,Salaries & Wages,Supply Chain,Manual,U. Brennan,Senior Accountant,T. Nakamura,25000,1050.86,1050.86,0,0,0,0,0,0,0,0,0,0,0
ERP-002208,2025-03,2025-03-14 14:07:33,Product Revenue,Finance,Manual,X. Ferreira,AP Specialist,U. Brennan,25000,-2281.37,2281.37,0,0,0,0,0,0,0,0,0,0,0
ERP-002209,2025-03,2025-03-26 17:33:23,Accounts Payable,Supply Chain,Manual,R. Almeida,Financial Controller,X. Ferreira,5000,-4507.3,4507.3,0,0,0,0,0,0,0,0,0,0,0
ERP-002217,2025-03,2025-03-07 10:42:10,Accounts Payable,Supply Chain,Manual,S. Kowalski,Assistant Controller,U. Brennan,25000,-1316.66,1316.66,0,0,0,0,0,0,0,0,0,0,0
ERP-002228,2025-03,2025-03-16 15:33:51,COGS - Freight,Operations,Manual,T. Nakamura,Senior Accountant,R. Almeida,250000,10432.88,10432.88,0,0,0,0,0,0,0,1,0,0,0
ERP-002230,2025-03,2025-03-21 10:20:27,Service Revenue,Sales,Manual,S. Kowalski,Assistant Controller,R. Almeida,250000,-557.54,557.54,0,0,0,0,0,0,0,0,0,0,0
ERP-002232,2025-03,2025-03-19 17:17:16,Product Revenue,Finance,Manual,X. Ferreira,AP Specialist,T. Nakamura,25000,-8565.83,8565.83,0,0,0,0,0,0,0,0,0,0,0
ERP-002240,2025-03,2025-03-21 13:12:01,Accounts Receivable,Supply Chain,Manual,W. Lindgren,Staff Accountant,Y. Volkov,5000,1124.41,1124.41,0,0,0,0,0,0,0,0,0,0,0
ERP-002243,2025-03,2025-03-13 12:48:06,Service Revenue,Operations,Manual,R. Almeida,Financial Controller,T. Nakamura,25000,-783.89,783.89,0,0,0,0,0,0,0,0,0,0,0
ERP-002250,2025-03,2025-03-18 15:41:57,Accounts Receivable,Supply Chain,Manual,W. Lindgren,Staff Accountant,Y. Volkov,5000,1877.65,1877.65,0,0,0,0,0,0,0,0,0,0,0
ERP-002262,2025-03,2025-03-11 13:03:30,COGS - Materials,Marketing,Manual,S. Kowalski,Assistant Controller,X. Ferreira,5000,1179.97,1179.97,0,0,0,0,0,0,0,0,0,0,0
ERP-002264,2025-03,2025-03-27 15:00:49,COGS - Freight,Operations,Manual,X. Ferreira,AP Specialist,R. Almeida,250000,2304.13,2304.13,0,0,0,0,0,0,0,0,0,0,0
ERP-002273,2025-03,2025-03-09 08:57:47,IT & Software,Supply Chain,Manual,Y. Volkov,AR Specialist,R. Almeida,250000,290.84,290.84,0,0,0,0,0,0,0,1,0,0,0
ERP-002283,2025-03,2025-03-26 12:35:31,COGS - Freight,Finance,Manual,R. Almeida,Financial Controller,V. Adeyemi,10000,4296.09,4296.09,0,0,0,0,0,0,0,0,0,0,0
ERP-002291,2025-03,2025-03-05 09:50:34,COGS - Freight,Marketing,Manual,Z. Osei,FP&A Analyst,S. Kowalski,100000,3904.21,3904.21,0,0,0,0,0,0,0,0,0,0,0
ERP-002309,2025-03,2025-03-20 15:35:30,Rent & Facilities,Operations,Manual,S. Kowalski,Assistant Controller,R. Almeida,250000,1650.97,1650.97,0,0,0,0,0,0,0,0,0,0,0
ERP-002320,2025-03,2025-03-11 11:56:23,Service Revenue,Sales,Manual,U. Brennan,Senior Accountant,T. Nakamura,25000,-2175.1,2175.1,0,0,0,0,0,0,0,0,0,0,0
ERP-002322,2025-03,2025-03-25 17:21:25,Product Revenue,Supply Chain,Manual,X. Ferreira,AP Specialist,V. Adeyemi,10000,-2036.03,2036.03,0,0,0,0,0,0,0,0,0,0,0
ERP-002323,2025-03,2025-03-12 15:54:06,Accounts Payable,IT,Manual,Y. Volkov,AR Specialist,U. Brennan,25000,-1153.83,1153.83,0,0,0,0,0,0,0,0,0,0,0
ERP-002332,2025-03,2025-03-16 14:07:26,Marketing,Supply Chain,Manual,U. Brennan,Senior Accountant,Y. Volkov,5000,1547.42,1547.42,0,0,0,0,0,0,0,1,0,0,0
ERP-002339,2025-03,2025-03-13 13:56:00,Marketing,Finance,Manual,V. Adeyemi,Staff Accountant,R. Almeida,250000,601.03,601.03,0,0,0,0,0,0,0,0,0,0,0
ERP-002341,2025-03,2025-03-04 09:47:31,COGS - Freight,IT,Manual,Z. Osei,FP&A Analyst,X. Ferreira,5000,3128.31,3128.31,0,0,0,0,0,0,0,0,0,0,0
ERP-002358,2025-03,2025-03-05 15:47:58,Accounts Receivable,IT,Manual,Z. Osei,FP&A Analyst,U. Brennan,25000,9087.01,9087.01,0,0,0,0,0,0,0,0,0,0,0
ERP-002365,2025-03,2025-03-22 13:24:08,COGS - Materials,Supply Chain,Manual,S. Kowalski,Assistant Controller,U. Brennan,25000,608.69,608.69,0,0,0,0,0,0,0,1,0,0,0
ERP-002369,2025-03,2025-03-06 10:20:38,IT & Software,Finance,Manual,V. Adeyemi,Staff Accountant,Y. Volkov,5000,1670.09,1670.09,0,0,0,0,0,0,0,0,0,0,0
ERP-002374,2025-03,2025-03-21 17:36:56,Accounts Receivable,Sales,Manual,W. Lindgren,Staff Accountant,T. Nakamura,25000,642.65,642.65,0,0,0,0,0,0,0,0,0,0,0
ERP-002379,2025-03,2025-03-07 14:36:13,Accounts Payable,Marketing,Manual,Z. Osei,FP&A Analyst,V. Adeyemi,10000,-968.94,968.94,0,0,0,0,0,0,0,0,0,0,0
ERP-002402,2025-03,2025-03-27 08:22:16,Accounts Receivable,IT,Manual,Z. Osei,FP&A Analyst,R. Almeida,250000,1010.22,1010.22,0,0,0,0,0,0,0,0,0,0,0
ERP-002404,2025-03,2025-03-20 13:00:08,COGS - Materials,Marketing,Manual,V. Adeyemi,Staff Accountant,X. Ferreira,5000,1748.52,1748.52,0,0,0,0,0,0,0,0,0,0,0
ERP-002430,2025-03,2025-03-27 09:01:49,COGS - Materials,Marketing,Manual,S. Kowalski,Assistant Controller,R. Almeida,250000,2885.87,2885.87,0,0,0,0,0,0,0,0,0,0,0
ERP-002436,2025-03,2025-03-07 11:46:24,Accounts Receivable,IT,Manual,Y. Volkov,AR Specialist,W. Lindgren,10000,5328.8,5328.8,0,0,0,0,0,0,0,0,0,0,0
ERP-002445,2025-03,2025-03-27 10:00:49,Accounts Receivable,IT,Manual,R. Almeida,Financial Controller,Y. Volkov,5000,1871.42,1871.42,0,0,0,0,0,0,0,0,0,0,0
ERP-002456,2025-03,2025-03-12 08:16:03,Product Revenue,IT,Manual,R. Almeida,Financial Controller,U. Brennan,25000,-856.22,856.22,0,0,0,0,0,0,0,0,0,0,0
ERP-002458,2025-03,2025-03-18 17:53:29,COGS - Materials,IT,Manual,Z. Osei,FP&A Analyst,U. Brennan,25000,1356.72,1356.72,0,0,0,0,0,0,0,0,0,0,0
ERP-002459,2025-03,2025-03-07 17:35:36,Rent & Facilities,Finance,Manual,V. Adeyemi,Staff Accountant,T. Nakamura,25000,2973.26,2973.26,0,0,0,0,0,0,0,0,0,0,0
ERP-002462,2025-03,2025-03-06 16:22:29,Service Revenue,IT,Manual,S. Kowalski,Assistant Controller,T. Nakamura,25000,-2670.1,2670.1,0,0,0,0,0,0,0,0,0,0,0
ERP-002463,2025-03,2025-03-03 08:21:10,Product Revenue,Marketing,Manual,Y. Volkov,AR Specialist,T. Nakamura,25000,-1560.37,1560.37,0,0,0,0,0,0,0,0,0,0,0
ERP-002478,2025-03,2025-03-02 08:01:05,Rent & Facilities,Marketing,Manual,S. Kowalski,Assistant Controller,W. Lindgren,10000,5165.27,5165.27,0,0,0,0,0,0,0,1,0,0,0
ERP-002489,2025-03,2025-03-18 16:43:18,Product Revenue,IT,Manual,Y. Volkov,AR Specialist,T. Nakamura,25000,-4344.64,4344.64,0,0,0,0,0,0,0,0,0,0,0
ERP-002495,2025-03,2025-03-23 09:31:40,IT & Software,Finance,Manual,V. Adeyemi,Staff Accountant,U. Brennan,25000,2808.68,2808.68,0,0,0,0,0,0,0,1,0,0,0
ERP-002499,2025-03,2025-03-01 17:21:23,COGS - Materials,Finance,Manual,Z. Osei,FP&A Analyst,W. Lindgren,10000,1145.72,1145.72,0,0,0,0,0,0,0,1,0,0,0
ERP-002501,2025-03,2025-03-20 08:39:34,Salaries & Wages,Finance,Manual,Z. Osei,FP&A Analyst,W. Lindgren,10000,6511.06,6511.06,0,0,0,0,0,0,0,0,0,0,0
ERP-002504,2025-03,2025-03-08 08:15:26,Accounts Payable,IT,Manual,R. Almeida,Financial Controller,U. Brennan,25000,-3362.18,3362.18,0,0,0,0,0,0,0,1,0,0,0
ERP-002516,2025-03,2025-03-03 17:59:52,COGS - Freight,Marketing,Manual,Y. Volkov,AR Specialist,T. Nakamura,25000,1052.2,1052.2,0,0,0,0,0,0,0,0,0,0,0
ERP-002521,2025-03,2025-03-15 09:03:39,Service Revenue,Operations,Manual,V. Adeyemi,Staff Accountant,S. Kowalski,100000,-658.85,658.85,0,0,0,0,0,0,0,1,0,0,0
ERP-002527,2025-03,2025-03-05 14:36:30,COGS - Materials,Marketing,Manual,W. Lindgren,Staff Accountant,X. Ferreira,5000,291.62,291.62,0,0,0,0,0,0,0,0,0,0,0
ERP-002528,2025-03,2025-03-16 16:07:33,COGS - Materials,Operations,Manual,Z. Osei,FP&A Analyst,W. Lindgren,10000,2653.44,2653.44,0,0,0,0,0,0,0,1,0,0,0
ERP-002534,2025-03,2025-03-25 14:35:30,Rent & Facilities,IT,Manual,W. Lindgren,Staff Accountant,X. Ferreira,5000,854.06,854.06,0,0,0,0,0,0,0,0,0,0,0
ERP-002538,2025-03,2025-03-27 10:04:03,COGS - Materials,Sales,Manual,W. Lindgren,Staff Accountant,X. Ferreira,5000,2683.22,2683.22,0,0,0,0,0,0,0,0,0,0,0
ERP-002541,2025-03,2025-03-22 10:06:22,COGS - Freight,Supply Chain,Manual,Z. Osei,FP&A Analyst,T. Nakamura,25000,1384.51,1384.51,0,0,0,0,0,0,0,1,0,0,0
ERP-002543,2025-03,2025-03-08 16:18:33,COGS - Freight,Finance,Manual,W. Lindgren,Staff Accountant,X. Ferreira,5000,1087.82,1087.82,0,0,0,0,0,0,0,1,0,0,0
ERP-002545,2025-03,2025-03-03 16:14:51,Accounts Payable,IT,Manual,X. Ferreira,AP Specialist,U. Brennan,25000,-425.79,425.79,0,0,0,0,0,0,0,0,0,0,0
ERP-002551,2025-03,2025-03-11 12:55:29,Accounts Payable,Supply Chain,Manual,R. Almeida,Financial Controller,T. Nakamura,25000,-4205.11,4205.11,0,0,0,0,0,0,0,0,0,0,0
ERP-002560,2025-03,2025-03-10 12:24:39,COGS - Materials,IT,Manual,W. Lindgren,Staff Accountant,R. Almeida,250000,7490.71,7490.71,0,0,0,0,0,0,0,0,0,0,0
ERP-002567,2025-03,2025-03-11 15:36:30,Service Revenue,Marketing,Manual,S. Kowalski,Assistant Controller,T. Nakamura,25000,-1808.56,1808.56,0,0,0,0,0,0,0,0,0,0,0
ERP-002603,2025-03,2025-03-14 12:53:11,COGS - Freight,Operations,Manual,R. Almeida,Financial Controller,Y. Volkov,5000,784.8,784.8,0,0,0,0,0,0,0,0,0,0,0
ERP-002609,2025-03,2025-03-25 08:20:23,IT & Software,Marketing,Manual,T. Nakamura,Senior Accountant,Y. Volkov,5000,545.75,545.75,0,0,0,0,0,0,0,0,0,0,0
ERP-002622,2025-03,2025-03-11 11:36:15,IT & Software,Operations,Manual,Y. Volkov,AR Specialist,R. Almeida,250000,386.08,386.08,0,0,0,0,0,0,0,0,0,0,0
ERP-002626,2025-03,2025-03-05 15:26:48,Marketing,Supply Chain,Manual,V. Adeyemi,Staff Accountant,W. Lindgren,10000,8383.22,8383.22,0,0,0,0,0,0,0,0,0,0,0
ERP-002630,2025-03,2025-03-08 10:04:42,COGS - Freight,Finance,Manual,V. Adeyemi,Staff Accountant,S. Kowalski,100000,784.52,784.52,0,0,0,0,0,0,0,1,0,0,0
ERP-002638,2025-03,2025-03-02 16:41:11,COGS - Freight,Marketing,Manual,Z. Osei,FP&A Analyst,W. Lindgren,10000,244.82,244.82,0,0,0,0,0,0,0,1,0,0,0
ERP-002640,2025-03,2025-03-10 17:32:13,IT & Software,Operations,Manual,S. Kowalski,Assistant Controller,V. Adeyemi,10000,1232.65,1232.65,0,0,0,0,0,0,0,0,0,0,0
ERP-002647,2025-03,2025-03-21 17:56:47,COGS - Freight,Marketing,Manual,S. Kowalski,Assistant Controller,Y. Volkov,5000,1612.42,1612.42,0,0,0,0,0,0,0,0,0,0,0
ERP-002648,2025-03,2025-03-01 08:22:18,COGS - Materials,Marketing,Manual,V. Adeyemi,Staff Accountant,U. Brennan,25000,1489.91,1489.91,0,0,0,0,0,0,0,1,0,0,0
ERP-002651,2025-03,2025-03-17 14:32:26,Service Revenue,Operations,Manual,V. Adeyemi,Staff Accountant,U. Brennan,25000,-1623.61,1623.61,0,0,0,0,0,0,0,0,0,0,0
ERP-002663,2025-03,2025-03-23 11:04:04,IT & Software,Supply Chain,Manual,R. Almeida,Financial Controller,X. Ferreira,5000,2794.87,2794.87,0,0,0,0,0,0,0,1,0,0,0
ERP-002673,2025-03,2025-03-17 09:00:23,Service Revenue,Finance,Manual,X. Ferreira,AP Specialist,U. Brennan,25000,-2321.13,2321.13,0,0,0,0,0,0,0,0,0,0,0
ERP-002693,2025-03,2025-03-09 17:42:53,Product Revenue,Operations,Manual,Y. Volkov,AR Specialist,V. Adeyemi,10000,-908.63,908.63,0,0,0,0,0,0,0,1,0,0,0
ERP-002697,2025-03,2025-03-20 14:50:28,Salaries & Wages,Operations,Manual,U. Brennan,Senior Accountant,W. Lindgren,10000,434.4,434.4,0,0,0,0,0,0,0,0,0,0,0
ERP-002703,2025-04,2025-04-15 15:06:42,Service Revenue,IT,Manual,Z. Osei,FP&A Analyst,V. Adeyemi,10000,-2258.29,2258.29,0,0,0,0,0,0,0,0,0,0,0
ERP-002707,2025-04,2025-04-13 15:08:21,Accounts Payable,IT,Manual,T. Nakamura,Senior Accountant,W. Lindgren,10000,-1460.79,1460.79,0,0,0,0,0,0,0,1,0,0,0
ERP-002710,2025-04,2025-04-13 11:20:10,Salaries & Wages,Marketing,Manual,W. Lindgren,Staff Accountant,T. Nakamura,25000,13778.25,13778.25,0,0,0,0,0,0,0,1,0,0,0
ERP-002714,2025-04,2025-04-12 10:08:07,COGS - Freight,IT,Manual,V. Adeyemi,Staff Accountant,Y. Volkov,5000,1420.79,1420.79,0,0,0,0,0,0,0,1,0,0,0
ERP-002739,2025-04,2025-04-04 16:01:34,Rent & Facilities,Finance,Manual,U. Brennan,Senior Accountant,T. Nakamura,25000,2171.22,2171.22,0,0,0,0,0,0,0,0,0,0,0
ERP-002754,2025-04,2025-04-24 12:59:32,Product Revenue,Supply Chain,Manual,S. Kowalski,Assistant Controller,X. Ferreira,5000,-1671.76,1671.76,0,0,0,0,0,0,0,0,0,0,0
ERP-002756,2025-04,2025-04-15 16:45:06,COGS - Freight,Operations,Manual,W. Lindgren,Staff Accountant,V. Adeyemi,10000,567.26,567.26,0,0,0,0,0,0,0,0,0,0,0
ERP-002766,2025-04,2025-04-11 13:40:00,Accounts Payable,Finance,Manual,X. Ferreira,AP Specialist,W. Lindgren,10000,-900.76,900.76,0,0,0,0,0,0,0,0,0,0,0
ERP-002773,2025-04,2025-04-04 13:08:06,IT & Software,Finance,Manual,R. Almeida,Financial Controller,U. Brennan,25000,743.57,743.57,0,0,0,0,0,0,0,0,0,0,0
ERP-002774,2025-04,2025-04-10 13:48:58,Accounts Receivable,Finance,Manual,R. Almeida,Financial Controller,S. Kowalski,100000,4068.61,4068.61,0,0,0,0,0,0,0,0,0,0,0
ERP-002785,2025-04,2025-04-13 11:11:32,COGS - Freight,Marketing,Manual,S. Kowalski,Assistant Controller,Y. Volkov,5000,851.9,851.9,0,0,0,0,0,0,0,1,0,0,0
ERP-002788,2025-04,2025-04-07 09:13:35,COGS - Materials,Supply Chain,Manual,T. Nakamura,Senior Accountant,Y. Volkov,5000,2165.24,2165.24,0,0,0,0,0,0,0,0,0,0,0
ERP-002794,2025-04,2025-04-26 17:54:37,COGS - Materials,IT,Manual,Y. Volkov,AR Specialist,R. Almeida,250000,1487.18,1487.18,0,0,0,0,0,0,0,1,0,0,0
ERP-002795,2025-04,2025-04-22 17:10:46,Salaries & Wages,Supply Chain,Manual,V. Adeyemi,Staff Accountant,X. Ferreira,5000,1203.19,1203.19,0,0,0,0,0,0,0,0,0,0,0
ERP-002796,2025-04,2025-04-05 11:22:56,Marketing,IT,Manual,Y. Volkov,AR Specialist,W. Lindgren,10000,5908.34,5908.34,0,0,0,0,0,0,0,1,0,0,0
ERP-002798,2025-04,2025-04-08 11:23:29,Marketing,Supply Chain,Manual,T. Nakamura,Senior Accountant,W. Lindgren,10000,1026.01,1026.01,0,0,0,0,0,0,0,0,0,0,0
ERP-002801,2025-04,2025-04-15 17:30:11,COGS - Materials,Sales,Manual,U. Brennan,Senior Accountant,W. Lindgren,10000,308.56,308.56,0,0,0,0,0,0,0,0,0,0,0
ERP-002803,2025-04,2025-04-16 14:44:25,IT & Software,Supply Chain,Manual,X. Ferreira,AP Specialist,W. Lindgren,10000,4698.1,4698.1,0,0,0,0,0,0,0,0,0,0,0
ERP-002807,2025-04,2025-04-09 13:11:20,Accounts Payable,IT,Manual,S. Kowalski,Assistant Controller,R. Almeida,250000,-416.35,416.35,0,0,0,0,0,0,0,0,0,0,0
ERP-002811,2025-04,2025-04-07 16:05:48,COGS - Materials,Marketing,Manual,Z. Osei,FP&A Analyst,X. Ferreira,5000,785.32,785.32,0,0,0,0,0,0,0,0,0,0,0
ERP-002812,2025-04,2025-04-15 14:52:40,Product Revenue,IT,Manual,S. Kowalski,Assistant Controller,T. Nakamura,25000,-1519.91,1519.91,0,0,0,0,0,0,0,0,0,0,0
ERP-002818,2025-04,2025-04-06 17:28:43,COGS - Materials,Sales,Manual,W. Lindgren,Staff Accountant,Y. Volkov,5000,1014.73,1014.73,0,0,0,0,0,0,0,1,0,0,0
ERP-002827,2025-04,2025-04-18 15:14:00,Salaries & Wages,IT,Manual,W. Lindgren,Staff Accountant,T. Nakamura,25000,3032.32,3032.32,0,0,0,0,0,0,0,0,0,0,0
ERP-002829,2025-04,2025-04-04 16:31:12,IT & Software,Supply Chain,Manual,S. Kowalski,Assistant Controller,T. Nakamura,25000,2945.11,2945.11,0,0,0,0,0,0,0,0,0,0,0
ERP-002831,2025-04,2025-04-08 10:50:48,Rent & Facilities,Supply Chain,Manual,V. Adeyemi,Staff Accountant,R. Almeida,250000,436.88,436.88,0,0,0,0,0,0,0,0,0,0,0
ERP-002838,2025-04,2025-04-18 17:46:30,Accounts Receivable,Marketing,Manual,S. Kowalski,Assistant Controller,X. Ferreira,5000,3785.06,3785.06,0,0,0,0,0,0,0,0,0,0,0
ERP-002849,2025-04,2025-04-07 11:26:30,IT & Software,Supply Chain,Manual,X. Ferreira,AP Specialist,R. Almeida,250000,12802.32,12802.32,0,0,0,0,0,0,0,0,0,0,0
ERP-002856,2025-04,2025-04-17 12:36:43,COGS - Freight,Sales,Manual,Y. Volkov,AR Specialist,W. Lindgren,10000,1434.34,1434.34,0,0,0,0,0,0,0,0,0,0,0
ERP-002868,2025-04,2025-04-16 13:47:28,Salaries & Wages,IT,Manual,U. Brennan,Senior Accountant,Y. Volkov,5000,1973.62,1973.62,0,0,0,0,0,0,0,0,0,0,0
ERP-002871,2025-04,2025-04-06 16:26:47,Marketing,Supply Chain,Manual,T. Nakamura,Senior Accountant,Y. Volkov,5000,3290.49,3290.49,0,0,0,0,0,0,0,1,0,0,0
ERP-002873,2025-04,2025-04-14 09:09:45,Salaries & Wages,Operations,Manual,W. Lindgren,Staff Accountant,Y. Volkov,5000,445.88,445.88,0,0,0,0,0,0,0,0,0,0,0
ERP-002885,2025-04,2025-04-04 11:37:28,Marketing,Marketing,Manual,R. Almeida,Financial Controller,X. Ferreira,5000,621.53,621.53,0,0,0,0,0,0,0,0,0,0,0
ERP-002886,2025-04,2025-04-23 09:02:42,Rent & Facilities,Supply Chain,Manual,V. Adeyemi,Staff Accountant,Y. Volkov,5000,3362.0,3362.0,0,0,0,0,0,0,0,0,0,0,0
ERP-002890,2025-04,2025-04-21 12:17:02,COGS - Materials,Marketing,Manual,S. Kowalski,Assistant Controller,Y. Volkov,5000,603.78,603.78,0,0,0,0,0,0,0,0,0,0,0
ERP-002891,2025-04,2025-04-03 15:01:34,Accounts Payable,IT,Manual,S. Kowalski,Assistant Controller,T. Nakamura,25000,-1607.39,1607.39,0,0,0,0,0,0,0,0,0,0,0
ERP-002892,2025-04,2025-04-11 13:41:58,Service Revenue,Operations,Manual,V. Adeyemi,Staff Accountant,W. Lindgren,10000,-1322.34,1322.34,0,0,0,0,0,0,0,0,0,0,0
ERP-002894,2025-04,2025-04-23 10:08:21,COGS - Materials,Supply Chain,Manual,V. Adeyemi,Staff Accountant,R. Almeida,250000,1202.24,1202.24,0,0,0,0,0,0,0,0,0,0,0
ERP-002897,2025-04,2025-04-26 17:43:24,COGS - Freight,Finance,Manual,Z. Osei,FP&A Analyst,U. Brennan,25000,1999.94,1999.94,0,0,0,0,0,0,0,1,0,0,0
ERP-002906,2025-04,2025-04-16 14:48:46,Marketing,Operations,Manual,X. Ferreira,AP Specialist,U. Brennan,25000,3349.15,3349.15,0,0,0,0,0,0,0,0,0,0,0
ERP-002908,2025-04,2025-04-03 15:25:41,Accounts Payable,Marketing,Manual,X. Ferreira,AP Specialist,R. Almeida,250000,-211.17,211.17,0,0,0,0,0,0,0,0,0,0,0
ERP-002914,2025-04,2025-04-17 12:12:22,Rent & Facilities,Operations,Manual,V. Adeyemi,Staff Accountant,T. Nakamura,25000,8544.91,8544.91,0,0,0,0,0,0,0,0,0,0,0
ERP-002915,2025-04,2025-04-21 10:21:08,Product Revenue,Supply Chain,Manual,T. Nakamura,Senior Accountant,V. Adeyemi,10000,-1323.94,1323.94,0,0,0,0,0,0,0,0,0,0,0
ERP-002939,2025-04,2025-04-04 09:42:10,Accounts Payable,IT,Manual,U. Brennan,Senior Accountant,T. Nakamura,25000,-729.17,729.17,0,0,0,0,0,0,0,0,0,0,0
ERP-002949,2025-04,2025-04-16 13:43:20,IT & Software,Finance,Manual,W. Lindgren,Staff Accountant,V. Adeyemi,10000,2913.23,2913.23,0,0,0,0,0,0,0,0,0,0,0
ERP-002957,2025-04,2025-04-17 15:22:25,COGS - Materials,Operations,Manual,Z. Osei,FP&A Analyst,X. Ferreira,5000,999.31,999.31,0,0,0,0,0,0,0,0,0,0,0
ERP-002967,2025-04,2025-04-21 17:28:54,Marketing,IT,Manual,X. Ferreira,AP Specialist,V. Adeyemi,10000,3629.37,3629.37,0,0,0,0,0,0,0,0,0,0,0
ERP-002972,2025-04,2025-04-12 09:50:45,Service Revenue,Supply Chain,Manual,U. Brennan,Senior Accountant,Y. Volkov,5000,-3152.42,3152.42,0,0,0,0,0,0,0,1,0,0,0
ERP-002977,2025-04,2025-04-26 17:46:23,Marketing,Operations,Manual,W. Lindgren,Staff Accountant,T. Nakamura,25000,487.88,487.88,0,0,0,0,0,0,0,1,0,0,0
ERP-002981,2025-04,2025-04-08 09:49:16,Product Revenue,Marketing,Manual,U. Brennan,Senior Accountant,S. Kowalski,100000,-717.31,717.31,0,0,0,0,0,0,0,0,0,0,0
ERP-002982,2025-04,2025-04-03 11:37:10,Rent & Facilities,Sales,Manual,U. Brennan,Senior Accountant,T. Nakamura,25000,201.62,201.62,0,0,0,0,0,0,0,0,0,0,0
ERP-002983,2025-04,2025-04-25 11:32:03,IT & Software,Sales,Manual,X. Ferreira,AP Specialist,U. Brennan,25000,2160.6,2160.6,0,0,0,0,0,0,0,0,0,0,0
ERP-002986,2025-04,2025-04-09 16:30:28,Product Revenue,IT,Manual,U. Brennan,Senior Accountant,Y. Volkov,5000,-683.68,683.68,0,0,0,0,0,0,0,0,0,0,0
ERP-002999,2025-04,2025-04-14 10:27:09,Accounts Payable,IT,Manual,R. Almeida,Financial Controller,X. Ferreira,5000,-2250.82,2250.82,0,0,0,0,0,0,0,0,0,0,0
ERP-003001,2025-04,2025-04-16 09:53:50,Rent & Facilities,Operations,Manual,Y. Volkov,AR Specialist,T. Nakamura,25000,6082.93,6082.93,0,0,0,0,0,0,0,0,0,0,0
ERP-003012,2025-04,2025-04-05 11:05:28,Rent & Facilities,Finance,Manual,R. Almeida,Financial Controller,T. Nakamura,25000,539.06,539.06,0,0,0,0,0,0,0,1,0,0,0
ERP-003017,2025-04,2025-04-15 11:30:22,Service Revenue,Marketing,Manual,T. Nakamura,Senior Accountant,U. Brennan,25000,-424.87,424.87,0,0,0,0,0,0,0,0,0,0,0
ERP-003023,2025-04,2025-04-25 13:39:56,Service Revenue,Operations,Manual,Y. Volkov,AR Specialist,S. Kowalski,100000,-173.3,173.3,0,0,0,0,0,0,0,0,0,0,0
ERP-003026,2025-04,2025-04-04 10:09:56,Marketing,Supply Chain,Manual,W. Lindgren,Staff Accountant,T. Nakamura,25000,608.34,608.34,0,0,0,0,0,0,0,0,0,0,0
ERP-003028,2025-04,2025-04-05 09:21:57,COGS - Materials,Supply Chain,Manual,R. Almeida,Financial Controller,S. Kowalski,100000,189.9,189.9,0,0,0,0,0,0,0,1,0,0,0
ERP-003038,2025-04,2025-04-23 16:17:38,IT & Software,Marketing,Manual,S. Kowalski,Assistant Controller,V. Adeyemi,10000,3259.49,3259.49,0,0,0,0,0,0,0,0,0,0,0
ERP-003040,2025-04,2025-04-01 12:10:02,Accounts Receivable,IT,Manual,U. Brennan,Senior Accountant,T. Nakamura,25000,2948.8,2948.8,0,0,0,0,0,0,0,0,0,0,0
ERP-003042,2025-04,2025-04-25 10:01:22,COGS - Materials,Finance,Manual,Y. Volkov,AR Specialist,U. Brennan,25000,558.04,558.04,0,0,0,0,0,0,0,0,0,0,0
ERP-003044,2025-04,2025-04-24 08:09:40,Accounts Payable,Supply Chain,Manual,R. Almeida,Financial Controller,Y. Volkov,5000,-1915.75,1915.75,0,0,0,0,0,0,0,0,0,0,0
ERP-003048,2025-04,2025-04-02 15:04:02,COGS - Materials,Operations,Manual,W. Lindgren,Staff Accountant,V. Adeyemi,10000,5929.19,5929.19,0,0,0,0,0,0,0,0,0,0,0
ERP-003052,2025-04,2025-04-14 15:50:04,Accounts Payable,IT,Manual,W. Lindgren,Staff Accountant,V. Adeyemi,10000,-2817.94,2817.94,0,0,0,0,0,0,0,0,0,0,0
ERP-003068,2025-04,2025-04-09 15:48:25,COGS - Materials,Marketing,Manual,Z. Osei,FP&A Analyst,U. Brennan,25000,3042.62,3042.62,0,0,0,0,0,0,0,0,0,0,0
ERP-003070,2025-04,2025-04-25 10:58:16,COGS - Freight,Operations,Manual,W. Lindgren,Staff Accountant,Y. Volkov,5000,2420.69,2420.69,0,0,0,0,0,0,0,0,0,0,0
ERP-003083,2025-04,2025-04-07 17:54:28,Salaries & Wages,Finance,Manual,U. Brennan,Senior Accountant,R. Almeida,250000,441.5,441.5,0,0,0,0,0,0,0,0,0,0,0
ERP-003087,2025-04,2025-04-26 08:29:18,Rent & Facilities,Finance,Manual,V. Adeyemi,Staff Accountant,X. Ferreira,5000,1134.17,1134.17,0,0,0,0,0,0,0,1,0,0,0
ERP-003094,2025-04,2025-04-20 10:20:38,Accounts Payable,Sales,Manual,V. Adeyemi,Staff Accountant,X. Ferreira,5000,-608.31,608.31,0,0,0,0,0,0,0,1,0,0,0
ERP-003105,2025-04,2025-04-21 17:55:31,COGS - Materials,Finance,Manual,R. Almeida,Financial Controller,Y. Volkov,5000,423.13,423.13,0,0,0,0,0,0,0,0,0,0,0
ERP-003121,2025-04,2025-04-17 14:37:04,COGS - Materials,IT,Manual,R. Almeida,Financial Controller,Y. Volkov,5000,1119.35,1119.35,0,0,0,0,0,0,0,0,0,0,0
ERP-003123,2025-04,2025-04-08 12:19:21,Accounts Payable,Operations,Manual,S. Kowalski,Assistant Controller,W. Lindgren,10000,-5850.59,5850.59,0,0,0,0,0,0,0,0,0,0,0
ERP-003125,2025-04,2025-04-10 15:07:47,Salaries & Wages,IT,Manual,U. Brennan,Senior Accountant,R. Almeida,250000,12014.61,12014.61,0,0,0,0,0,0,0,0,0,0,0
ERP-003134,2025-04,2025-04-01 16:08:59,Accounts Receivable,IT,Manual,T. Nakamura,Senior Accountant,V. Adeyemi,10000,6447.34,6447.34,0,0,0,0,0,0,0,0,0,0,0
ERP-003140,2025-04,2025-04-13 16:27:03,Service Revenue,Sales,Manual,W. Lindgren,Staff Accountant,R. Almeida,250000,-2563.18,2563.18,0,0,0,0,0,0,0,1,0,0,0
ERP-003142,2025-04,2025-04-19 10:36:46,Rent & Facilities,Operations,Manual,U. Brennan,Senior Accountant,W. Lindgren,10000,6334.62,6334.62,0,0,0,0,0,0,0,1,0,0,0
ERP-003154,2025-04,2025-04-26 17:00:13,Product Revenue,IT,Manual,S. Kowalski,Assistant Controller,Y. Volkov,5000,-2255.0,2255.0,0,0,0,0,0,0,0,1,0,0,0
ERP-003172,2025-04,2025-04-11 14:14:06,COGS - Materials,IT,Manual,W. Lindgren,Staff Accountant,V. Adeyemi,10000,1583.53,1583.53,0,0,0,0,0,0,0,0,0,0,0
ERP-003173,2025-04,2025-04-19 14:00:23,Rent & Facilities,Supply Chain,Manual,S. Kowalski,Assistant Controller,X. Ferreira,5000,1907.85,1907.85,0,0,0,0,0,0,0,1,0,0,0
ERP-003178,2025-04,2025-04-17 12:16:39,Rent & Facilities,Finance,Manual,S. Kowalski,Assistant Controller,W. Lindgren,10000,799.91,799.91,0,0,0,0,0,0,0,0,0,0,0
ERP-003208,2025-04,2025-04-05 15:57:36,Accounts Receivable,Finance,Manual,Y. Volkov,AR Specialist,S. Kowalski,100000,20108.38,20108.38,0,0,0,0,0,0,0,1,0,0,0
ERP-003216,2025-04,2025-04-06 10:48:11,Marketing,Marketing,Manual,X. Ferreira,AP Specialist,R. Almeida,250000,4588.98,4588.98,0,0,0,0,0,0,0,1,0,0,0
ERP-003219,2025-04,2025-04-22 16:16:12,COGS - Freight,Marketing,Manual,W. Lindgren,Staff Accountant,Y. Volkov,5000,813.03,813.03,0,0,0,0,0,0,0,0,0,0,0
ERP-003229,2025-04,2025-04-25 13:22:39,Rent & Facilities,Marketing,Manual,R. Almeida,Financial Controller,W. Lindgren,10000,497.61,497.61,0,0,0,0,0,0,0,0,0,0,0
ERP-003234,2025-04,2025-04-11 08:10:25,Service Revenue,Marketing,Manual,X. Ferreira,AP Specialist,R. Almeida,250000,-1116.12,1116.12,0,0,0,0,0,0,0,0,0,0,0
ERP-003242,2025-04,2025-04-17 09:50:03,Accounts Receivable,Sales,Manual,Z. Osei,FP&A Analyst,Y. Volkov,5000,2915.73,2915.73,0,0,0,0,0,0,0,0,0,0,0
ERP-003243,2025-04,2025-04-23 09:30:51,IT & Software,Operations,Manual,U. Brennan,Senior Accountant,R. Almeida,250000,652.65,652.65,0,0,0,0,0,0,0,0,0,0,0
ERP-003252,2025-04,2025-04-16 08:14:02,COGS - Materials,Finance,Manual,Z. Osei,FP&A Analyst,W. Lindgren,10000,2357.49,2357.49,0,0,0,0,0,0,0,0,0,0,0
ERP-003263,2025-04,2025-04-14 16:36:03,Product Revenue,IT,Manual,R. Almeida,Financial Controller,V. Adeyemi,10000,-1015.95,1015.95,0,0,0,0,0,0,0,0,0,0,0
ERP-003264,2025-04,2025-04-12 09:04:50,COGS - Freight,IT,Manual,S. Kowalski,Assistant Controller,Y. Volkov,5000,4654.64,4654.64,0,0,0,0,0,0,0,1,0,0,0
ERP-003273,2025-04,2025-04-12 17:17:30,Marketing,Supply Chain,Manual,Z. Osei,FP&A Analyst,S. Kowalski,100000,961.88,961.88,0,0,0,0,0,0,0,1,0,0,0
ERP-003274,2025-04,2025-04-19 15:54:37,Service Revenue,Sales,Manual,Y. Volkov,AR Specialist,V. Adeyemi,10000,-2352.06,2352.06,0,0,0,0,0,0,0,1,0,0,0
ERP-003277,2025-04,2025-04-12 14:36:08,Accounts Receivable,Supply Chain,Manual,V. Adeyemi,Staff Accountant,U. Brennan,25000,1699.44,1699.44,0,0,0,0,0,0,0,1,0,0,0
ERP-003281,2025-04,2025-04-24 14:20:45,Accounts Receivable,Finance,Manual,Z. Osei,FP&A Analyst,X. Ferreira,5000,811.1,811.1,0,0,0,0,0,0,0,0,0,0,0
ERP-003288,2025-04,2025-04-02 12:24:33,COGS - Materials,IT,Manual,T. Nakamura,Senior Accountant,X. Ferreira,5000,347.75,347.75,0,0,0,0,0,0,0,0,0,0,0
ERP-003292,2025-04,2025-04-23 08:37:54,COGS - Freight,IT,Manual,Y. Volkov,AR Specialist,W. Lindgren,10000,472.75,472.75,0,0,0,0,0,0,0,0,0,0,0
ERP-003304,2025-04,2025-04-01 12:34:17,Product Revenue,Marketing,Manual,W. Lindgren,Staff Accountant,Y. Volkov,5000,-2290.46,2290.46,0,0,0,0,0,0,0,0,0,0,0
ERP-003305,2025-04,2025-04-21 10:43:08,COGS - Materials,Finance,Manual,U. Brennan,Senior Accountant,S. Kowalski,100000,4257.95,4257.95,0,0,0,0,0,0,0,0,0,0,0
ERP-003307,2025-04,2025-04-21 15:24:03,IT & Software,Marketing,Manual,Z. Osei,FP&A Analyst,Y. Volkov,5000,434.04,434.04,0,0,0,0,0,0,0,0,0,0,0
ERP-003314,2025-04,2025-04-19 12:44:29,Accounts Receivable,IT,Manual,U. Brennan,Senior Accountant,V. Adeyemi,10000,642.92,642.92,0,0,0,0,0,0,0,1,0,0,0
ERP-003325,2025-04,2025-04-16 14:18:42,COGS - Freight,Supply Chain,Manual,S. Kowalski,Assistant Controller,Y. Volkov,5000,2844.34,2844.34,0,0,0,0,0,0,0,0,0,0,0
ERP-003328,2025-04,2025-04-09 14:54:10,COGS - Freight,Marketing,Manual,X. Ferreira,AP Specialist,U. Brennan,25000,5034.49,5034.49,0,0,0,0,0,0,0,0,0,0,0
ERP-003338,2025-04,2025-04-05 09:01:22,IT & Software,Finance,Manual,R. Almeida,Financial Controller,V. Adeyemi,10000,2247.44,2247.44,0,0,0,0,0,0,0,1,0,0,0
ERP-003346,2025-04,2025-04-22 12:06:33,Accounts Receivable,Sales,Manual,Z. Osei,FP&A Analyst,V. Adeyemi,10000,2317.66,2317.66,0,0,0,0,0,0,0,0,0,0,0
ERP-003378,2025-04,2025-04-09 11:18:01,Marketing,Marketing,Manual,T. Nakamura,Senior Accountant,Y. Volkov,5000,602.02,602.02,0,0,0,0,0,0,0,0,0,0,0
ERP-003403,2025-04,2025-04-18 10:29:21,Salaries & Wages,Marketing,Manual,X. Ferreira,AP Specialist,W. Lindgren,10000,1461.21,1461.21,0,0,0,0,0,0,0,0,0,0,0
ERP-003406,2025-04,2025-04-21 14:33:21,COGS - Freight,Finance,Manual,Y. Volkov,AR Specialist,U. Brennan,25000,5501.68,5501.68,0,0,0,0,0,0,0,0,0,0,0
ERP-003427,2025-04,2025-04-23 08:05:53,COGS - Materials,Finance,Manual,S. Kowalski,Assistant Controller,T. Nakamura,25000,7565.4,7565.4,0,0,0,0,0,0,0,0,0,0,0
ERP-003435,2025-04,2025-04-06 11:20:46,Accounts Receivable,IT,Manual,V. Adeyemi,Staff Accountant,W. Lindgren,10000,3011.2,3011.2,0,0,0,0,0,0,0,1,0,0,0
ERP-003436,2025-04,2025-04-16 15:04:53,Product Revenue,Operations,Manual,V. Adeyemi,Staff Accountant,R. Almeida,250000,-1124.35,1124.35,0,0,0,0,0,0,0,0,0,0,0
ERP-003438,2025-04,2025-04-12 12:45:48,COGS - Freight,Finance,Manual,U. Brennan,Senior Accountant,X. Ferreira,5000,801.89,801.89,0,0,0,0,0,0,0,1,0,0,0
ERP-003442,2025-04,2025-04-06 13:55:15,COGS - Materials,IT,Manual,V. Adeyemi,Staff Accountant,W. Lindgren,10000,168.14,168.14,0,0,0,0,0,0,0,1,0,0,0
ERP-003448,2025-04,2025-04-16 11:53:56,Salaries & Wages,Finance,Manual,W. Lindgren,Staff Accountant,S. Kowalski,100000,6767.16,6767.16,0,0,0,0,0,0,0,0,0,0,0
ERP-003450,2025-04,2025-04-05 09:53:28,Salaries & Wages,Supply Chain,Manual,R. Almeida,Financial Controller,T. Nakamura,25000,3914.5,3914.5,0,0,0,0,0,0,0,1,0,0,0
ERP-003451,2025-04,2025-04-17 09:19:10,COGS - Freight,Sales,Manual,X. Ferreira,AP Specialist,W. Lindgren,10000,2458.25,2458.25,0,0,0,0,0,0,0,0,0,0,0
ERP-003457,2025-04,2025-04-15 12:50:21,Salaries & Wages,Finance,Manual,W. Lindgren,Staff Accountant,Y. Volkov,5000,309.07,309.07,0,0,0,0,0,0,0,0,0,0,0
ERP-003463,2025-04,2025-04-14 12:52:37,Accounts Payable,Supply Chain,Manual,Z. Osei,FP&A Analyst,T. Nakamura,25000,-957.14,957.14,0,0,0,0,0,0,0,0,0,0,0
ERP-003469,2025-04,2025-04-23 09:16:54,Accounts Receivable,Finance,Manual,X. Ferreira,AP Specialist,V. Adeyemi,10000,3360.43,3360.43,0,0,0,0,0,0,0,0,0,0,0
ERP-003472,2025-04,2025-04-19 16:36:06,Salaries & Wages,Sales,Manual,Z. Osei,FP&A Analyst,R. Almeida,250000,1216.56,1216.56,0,0,0,0,0,0,0,1,0,0,0
ERP-003474,2025-04,2025-04-12 13:30:04,COGS - Freight,IT,Manual,Z. Osei,FP&A Analyst,T. Nakamura,25000,4013.79,4013.79,0,0,0,0,0,0,0,1,0,0,0
ERP-003475,2025-04,2025-04-22 16:31:15,IT & Software,Sales,Manual,V. Adeyemi,Staff Accountant,Y. Volkov,5000,2072.7,2072.7,0,0,0,0,0,0,0,0,0,0,0
ERP-003478,2025-04,2025-04-11 14:23:46,Marketing,Marketing,Manual,R. Almeida,Financial Controller,X. Ferreira,5000,4567.56,4567.56,0,0,0,0,0,0,0,0,0,0,0
ERP-003486,2025-04,2025-04-18 13:35:12,Service Revenue,Marketing,Manual,Z. Osei,FP&A Analyst,Y. Volkov,5000,-380.28,380.28,0,0,0,0,0,0,0,0,0,0,0
ERP-003488,2025-04,2025-04-22 08:34:03,IT & Software,Operations,Manual,W. Lindgren,Staff Accountant,R. Almeida,250000,271.9,271.9,0,0,0,0,0,0,0,0,0,0,0
ERP-003490,2025-04,2025-04-26 10:28:42,COGS - Freight,IT,Manual,V. Adeyemi,Staff Accountant,T. Nakamura,25000,297.65,297.65,0,0,0,0,0,0,0,1,0,0,0
ERP-003492,2025-04,2025-04-01 17:09:17,Salaries & Wages,Sales,Manual,T. Nakamura,Senior Accountant,X. Ferreira,5000,1720.55,1720.55,0,0,0,0,0,0,0,0,0,0,0
ERP-003495,2025-04,2025-04-14 08:23:50,IT & Software,Sales,Manual,U. Brennan,Senior Accountant,V. Adeyemi,10000,755.18,755.18,0,0,0,0,0,0,0,0,0,0,0
ERP-003497,2025-04,2025-04-19 17:02:54,Marketing,Marketing,Manual,Y. Volkov,AR Specialist,S. Kowalski,100000,1206.73,1206.73,0,0,0,0,0,0,0,1,0,0,0
ERP-003510,2025-04,2025-04-08 10:04:08,Salaries & Wages,Supply Chain,Manual,Z. Osei,FP&A Analyst,W. Lindgren,10000,405.35,405.35,0,0,0,0,0,0,0,0,0,0,0
ERP-003519,2025-04,2025-04-15 11:29:03,Accounts Payable,IT,Manual,U. Brennan,Senior Accountant,S. Kowalski,100000,-2886.49,2886.49,0,0,0,0,0,0,0,0,0,0,0
ERP-003523,2025-04,2025-04-05 16:04:27,Accounts Receivable,Marketing,Manual,Z. Osei,FP&A Analyst,R. Almeida,250000,551.44,551.44,0,0,0,0,0,0,0,1,0,0,0
ERP-003530,2025-04,2025-04-12 10:24:04,COGS - Freight,Sales,Manual,V. Adeyemi,Staff Accountant,T. Nakamura,25000,4184.66,4184.66,0,0,0,0,0,0,0,1,0,0,0
ERP-003537,2025-04,2025-04-05 12:58:51,Accounts Receivable,IT,Manual,W. Lindgren,Staff Accountant,U. Brennan,25000,103.39,103.39,0,0,0,0,0,0,0,1,0,0,0
ERP-003538,2025-04,2025-04-20 13:08:56,Marketing,Marketing,Manual,Y. Volkov,AR Specialist,U. Brennan,25000,1445.17,1445.17,0,0,0,0,0,0,0,1,0,0,0
ERP-003544,2025-04,2025-04-05 12:00:37,Salaries & Wages,Supply Chain,Manual,V. Adeyemi,Staff Accountant,W. Lindgren,10000,288.07,288.07,0,0,0,0,0,0,0,1,0,0,0
ERP-003547,2025-04,2025-04-04 14:23:54,Service Revenue,Operations,Manual,Y. Volkov,AR Specialist,W. Lindgren,10000,-1809.93,1809.93,0,0,0,0,0,0,0,0,0,0,0
ERP-003553,2025-04,2025-04-04 16:06:23,Accounts Payable,Supply Chain,Manual,W. Lindgren,Staff Accountant,R. Almeida,250000,-198.94,198.94,0,0,0,0,0,0,0,0,0,0,0
ERP-003554,2025-04,2025-04-02 12:21:06,Accounts Payable,Supply Chain,Manual,T. Nakamura,Senior Accountant,W. Lindgren,10000,-3357.55,3357.55,0,0,0,0,0,0,0,0,0,0,0
ERP-003558,2025-04,2025-04-12 14:28:49,COGS - Materials,Marketing,Manual,W. Lindgren,Staff Accountant,V. Adeyemi,10000,925.7,925.7,0,0,0,0,0,0,0,1,0,0,0
ERP-003562,2025-04,2025-04-09 10:46:58,COGS - Freight,Supply Chain,Manual,X. Ferreira,AP Specialist,W. Lindgren,10000,386.27,386.27,0,0,0,0,0,0,0,0,0,0,0
ERP-003578,2025-04,2025-04-01 10:51:26,COGS - Materials,IT,Manual,W. Lindgren,Staff Accountant,S. Kowalski,100000,2680.1,2680.1,0,0,0,0,0,0,0,0,0,0,0
ERP-003579,2025-04,2025-04-09 12:11:30,Marketing,Finance,Manual,S. Kowalski,Assistant Controller,V. Adeyemi,10000,951.25,951.25,0,0,0,0,0,0,0,0,0,0,0
ERP-003591,2025-04,2025-04-12 16:08:00,Service Revenue,Supply Chain,Manual,T. Nakamura,Senior Accountant,R. Almeida,250000,-2299.98,2299.98,0,0,0,0,0,0,0,1,0,0,0
ERP-003597,2025-04,2025-04-20 10:18:45,COGS - Materials,Marketing,Manual,Y. Volkov,AR Specialist,S. Kowalski,100000,3692.83,3692.83,0,0,0,0,0,0,0,1,0,0,0
ERP-003598,2025-04,2025-04-10 10:04:37,Rent & Facilities,Finance,Manual,V. Adeyemi,Staff Accountant,T. Nakamura,25000,1421.51,1421.51,0,0,0,0,0,0,0,0,0,0,0
ERP-003601,2025-05,2025-05-25 16:22:44,COGS - Freight,Sales,Manual,W. Lindgren,Staff Accountant,X. Ferreira,5000,782.87,782.87,0,0,0,0,0,0,0,1,0,0,0
ERP-003621,2025-05,2025-05-08 08:20:25,Accounts Receivable,IT,Manual,S. Kowalski,Assistant Controller,R. Almeida,250000,466.64,466.64,0,0,0,0,0,0,0,0,0,0,0
ERP-003625,2025-05,2025-05-16 08:49:11,COGS - Freight,Operations,Manual,X. Ferreira,AP Specialist,Y. Volkov,5000,1066.73,1066.73,0,0,0,0,0,0,0,0,0,0,0
ERP-003626,2025-05,2025-05-18 12:26:04,Accounts Receivable,IT,Manual,T. Nakamura,Senior Accountant,Y. Volkov,5000,1093.88,1093.88,0,0,0,0,0,0,0,1,0,0,0
ERP-003641,2025-05,2025-05-05 12:46:55,COGS - Freight,Operations,Manual,Y. Volkov,AR Specialist,U. Brennan,25000,1383.01,1383.01,0,0,0,0,0,0,0,0,0,0,0
ERP-003645,2025-05,2025-05-21 13:34:53,COGS - Materials,IT,Manual,X. Ferreira,AP Specialist,V. Adeyemi,10000,2285.78,2285.78,0,0,0,0,0,0,0,0,0,0,0
ERP-003653,2025-05,2025-05-04 14:17:09,COGS - Freight,Supply Chain,Manual,Z. Osei,FP&A Analyst,R. Almeida,250000,1112.89,1112.89,0,0,0,0,0,0,0,1,0,0,0
ERP-003655,2025-05,2025-05-21 12:57:26,COGS - Materials,Sales,Manual,T. Nakamura,Senior Accountant,W. Lindgren,10000,6015.55,6015.55,0,0,0,0,0,0,0,0,0,0,0
ERP-003674,2025-05,2025-05-02 17:49:14,IT & Software,Operations,Manual,S. Kowalski,Assistant Controller,T. Nakamura,25000,380.08,380.08,0,0,0,0,0,0,0,0,0,0,0
ERP-003675,2025-05,2025-05-17 09:11:20,Accounts Receivable,Operations,Manual,R. Almeida,Financial Controller,X. Ferreira,5000,2037.93,2037.93,0,0,0,0,0,0,0,1,0,0,0
ERP-003680,2025-05,2025-05-22 13:41:06,Service Revenue,IT,Manual,V. Adeyemi,Staff Accountant,S. Kowalski,100000,-890.8,890.8,0,0,0,0,0,0,0,0,0,0,0
ERP-003684,2025-05,2025-05-24 14:42:31,Accounts Payable,Sales,Manual,V. Adeyemi,Staff Accountant,T. Nakamura,25000,-1016.78,1016.78,0,0,0,0,0,0,0,1,0,0,0
ERP-003702,2025-05,2025-05-13 08:00:24,Salaries & Wages,Supply Chain,Manual,T. Nakamura,Senior Accountant,W. Lindgren,10000,618.82,618.82,0,0,0,0,0,0,0,0,0,0,0
ERP-003704,2025-05,2025-05-17 12:53:50,IT & Software,IT,Manual,Z. Osei,FP&A Analyst,W. Lindgren,10000,149.45,149.45,0,0,0,0,0,0,0,1,0,0,0
ERP-003706,2025-05,2025-05-03 09:50:11,IT & Software,Operations,Manual,U. Brennan,Senior Accountant,W. Lindgren,10000,4212.13,4212.13,0,0,0,0,0,0,0,1,0,0,0
ERP-003716,2025-05,2025-05-20 11:46:21,Marketing,Operations,Manual,V. Adeyemi,Staff Accountant,X. Ferreira,5000,2906.82,2906.82,0,0,0,0,0,0,0,0,0,0,0
ERP-003720,2025-05,2025-05-05 10:27:04,Accounts Receivable,Operations,Manual,R. Almeida,Financial Controller,W. Lindgren,10000,770.47,770.47,0,0,0,0,0,0,0,0,0,0,0
ERP-003730,2025-05,2025-05-22 13:27:46,COGS - Freight,IT,Manual,R. Almeida,Financial Controller,V. Adeyemi,10000,3073.22,3073.22,0,0,0,0,0,0,0,0,0,0,0
ERP-003738,2025-05,2025-05-24 09:05:08,Rent & Facilities,Supply Chain,Manual,Z. Osei,FP&A Analyst,U. Brennan,25000,3822.26,3822.26,0,0,0,0,0,0,0,1,0,0,0
ERP-003743,2025-05,2025-05-19 11:37:07,Service Revenue,Supply Chain,Manual,Z. Osei,FP&A Analyst,T. Nakamura,25000,-6615.76,6615.76,0,0,0,0,0,0,0,0,0,0,0
ERP-003753,2025-05,2025-05-16 17:11:35,Marketing,Finance,Manual,S. Kowalski,Assistant Controller,Y. Volkov,5000,3030.59,3030.59,0,0,0,0,0,0,0,0,0,0,0
ERP-003754,2025-05,2025-05-11 16:08:06,Accounts Receivable,Finance,Manual,T. Nakamura,Senior Accountant,S. Kowalski,100000,2922.48,2922.48,0,0,0,0,0,0,0,1,0,0,0
ERP-003760,2025-05,2025-05-17 12:24:58,Accounts Payable,Sales,Manual,X. Ferreira,AP Specialist,U. Brennan,25000,-1277.42,1277.42,0,0,0,0,0,0,0,1,0,0,0
ERP-003761,2025-05,2025-05-09 13:18:03,Product Revenue,Sales,Manual,V. Adeyemi,Staff Accountant,W. Lindgren,10000,-2878.88,2878.88,0,0,0,0,0,0,0,0,0,0,0
ERP-003768,2025-05,2025-05-12 14:12:42,Salaries & Wages,Supply Chain,Manual,R. Almeida,Financial Controller,T. Nakamura,25000,598.67,598.67,0,0,0,0,0,0,0,0,0,0,0
ERP-003771,2025-05,2025-05-21 13:45:32,Product Revenue,IT,Manual,R. Almeida,Financial Controller,V. Adeyemi,10000,-1300.8,1300.8,0,0,0,0,0,0,0,0,0,0,0
ERP-003773,2025-05,2025-05-02 14:49:25,Rent & Facilities,Marketing,Manual,S. Kowalski,Assistant Controller,R. Almeida,250000,64.8,64.8,0,0,0,0,0,0,0,0,0,0,0
ERP-003774,2025-05,2025-05-20 08:21:40,Accounts Payable,Supply Chain,Manual,V. Adeyemi,Staff Accountant,S. Kowalski,100000,-2128.24,2128.24,0,0,0,0,0,0,0,0,0,0,0
ERP-003777,2025-05,2025-05-27 11:09:06,Accounts Payable,Sales,Manual,W. Lindgren,Staff Accountant,S. Kowalski,100000,-11562.1,11562.1,0,0,0,0,0,0,0,0,0,0,0
ERP-003778,2025-05,2025-05-27 14:45:21,IT & Software,Operations,Manual,S. Kowalski,Assistant Controller,T. Nakamura,25000,887.16,887.16,0,0,0,0,0,0,0,0,0,0,0
ERP-003779,2025-05,2025-05-23 13:11:20,COGS - Freight,Marketing,Manual,Y. Volkov,AR Specialist,V. Adeyemi,10000,2794.85,2794.85,0,0,0,0,0,0,0,0,0,0,0
ERP-003781,2025-05,2025-05-18 10:46:48,Service Revenue,Supply Chain,Manual,U. Brennan,Senior Accountant,S. Kowalski,100000,-253.24,253.24,0,0,0,0,0,0,0,1,0,0,0
ERP-003789,2025-05,2025-05-04 09:07:27,Accounts Receivable,Marketing,Manual,Y. Volkov,AR Specialist,T. Nakamura,25000,565.11,565.11,0,0,0,0,0,0,0,1,0,0,0
ERP-003791,2025-05,2025-05-17 16:28:08,Service Revenue,IT,Manual,R. Almeida,Financial Controller,T. Nakamura,25000,-823.1,823.1,0,0,0,0,0,0,0,1,0,0,0
ERP-003795,2025-05,2025-05-05 17:13:31,COGS - Materials,Operations,Manual,W. Lindgren,Staff Accountant,U. Brennan,25000,690.9,690.9,0,0,0,0,0,0,0,0,0,0,0
ERP-003802,2025-05,2025-05-11 10:02:48,COGS - Materials,Operations,Manual,Z. Osei,FP&A Analyst,Y. Volkov,5000,1127.19,1127.19,0,0,0,0,0,0,0,1,0,0,0
ERP-003803,2025-05,2025-05-09 16:41:35,Product Revenue,Operations,Manual,X. Ferreira,AP Specialist,S. Kowalski,100000,-571.25,571.25,0,0,0,0,0,0,0,0,0,0,0
ERP-003811,2025-05,2025-05-04 11:52:49,Rent & Facilities,Sales,Manual,R. Almeida,Financial Controller,U. Brennan,25000,11947.17,11947.17,0,0,0,0,0,0,0,1,0,0,0
ERP-003814,2025-05,2025-05-24 08:01:17,Rent & Facilities,Operations,Manual,Z. Osei,FP&A Analyst,X. Ferreira,5000,1750.36,1750.36,0,0,0,0,0,0,0,1,0,0,0
ERP-003825,2025-05,2025-05-24 10:42:01,COGS - Freight,Finance,Manual,W. Lindgren,Staff Accountant,T. Nakamura,25000,1918.26,1918.26,0,0,0,0,0,0,0,1,0,0,0
ERP-003833,2025-05,2025-05-25 08:19:43,Service Revenue,Sales,Manual,Z. Osei,FP&A Analyst,R. Almeida,250000,-1152.46,1152.46,0,0,0,0,0,0,0,1,0,0,0
ERP-003839,2025-05,2025-05-06 13:03:34,Service Revenue,Supply Chain,Manual,U. Brennan,Senior Accountant,T. Nakamura,25000,-17019.42,17019.42,0,0,0,0,0,0,0,0,0,0,0
ERP-003841,2025-05,2025-05-08 17:35:44,COGS - Freight,Supply Chain,Manual,U. Brennan,Senior Accountant,R. Almeida,250000,1918.03,1918.03,0,0,0,0,0,0,0,0,0,0,0
ERP-003847,2025-05,2025-05-26 16:18:31,Rent & Facilities,Finance,Manual,Y. Volkov,AR Specialist,W. Lindgren,10000,659.45,659.45,0,0,0,0,0,0,0,0,0,0,0
ERP-003848,2025-05,2025-05-15 13:36:11,Salaries & Wages,Sales,Manual,X. Ferreira,AP Specialist,S. Kowalski,100000,581.74,581.74,0,0,0,0,0,0,0,0,0,0,0
ERP-003852,2025-05,2025-05-01 16:18:24,COGS - Materials,Operations,Manual,Y. Volkov,AR Specialist,T. Nakamura,25000,1315.38,1315.38,0,0,0,0,0,0,0,0,0,0,0
ERP-003856,2025-05,2025-05-05 09:56:09,COGS - Materials,Sales,Manual,S. Kowalski,Assistant Controller,R. Almeida,250000,4103.68,4103.68,0,0,0,0,0,0,0,0,0,0,0
ERP-003861,2025-05,2025-05-24 11:04:39,Accounts Payable,Marketing,Manual,X. Ferreira,AP Specialist,R. Almeida,250000,-3848.58,3848.58,0,0,0,0,0,0,0,1,0,0,0
ERP-003866,2025-05,2025-05-25 08:31:21,Product Revenue,Marketing,Manual,W. Lindgren,Staff Accountant,Y. Volkov,5000,-1731.44,1731.44,0,0,0,0,0,0,0,1,0,0,0
ERP-003882,2025-05,2025-05-11 11:59:00,COGS - Freight,Finance,Manual,Z. Osei,FP&A Analyst,X. Ferreira,5000,2257.73,2257.73,0,0,0,0,0,0,0,1,0,0,0
ERP-003891,2025-05,2025-05-20 16:34:28,Marketing,Marketing,Manual,Z. Osei,FP&A Analyst,V. Adeyemi,10000,575.21,575.21,0,0,0,0,0,0,0,0,0,0,0
ERP-003905,2025-05,2025-05-18 15:32:17,Rent & Facilities,Supply Chain,Manual,R. Almeida,Financial Controller,W. Lindgren,10000,3873.33,3873.33,0,0,0,0,0,0,0,1,0,0,0
ERP-003911,2025-05,2025-05-13 08:14:23,IT & Software,Sales,Manual,S. Kowalski,Assistant Controller,W. Lindgren,10000,3045.74,3045.74,0,0,0,0,0,0,0,0,0,0,0
ERP-003919,2025-05,2025-05-13 10:48:27,COGS - Freight,Supply Chain,Manual,X. Ferreira,AP Specialist,S. Kowalski,100000,1171.51,1171.51,0,0,0,0,0,0,0,0,0,0,0
ERP-003922,2025-05,2025-05-16 09:17:36,Accounts Payable,Sales,Manual,R. Almeida,Financial Controller,X. Ferreira,5000,-1001.88,1001.88,0,0,0,0,0,0,0,0,0,0,0
ERP-003923,2025-05,2025-05-21 09:21:25,Marketing,Marketing,Manual,T. Nakamura,Senior Accountant,U. Brennan,25000,4580.38,4580.38,0,0,0,0,0,0,0,0,0,0,0
ERP-003927,2025-05,2025-05-16 15:34:17,Accounts Receivable,IT,Manual,X. Ferreira,AP Specialist,U. Brennan,25000,287.22,287.22,0,0,0,0,0,0,0,0,0,0,0
ERP-003929,2025-05,2025-05-06 08:23:54,COGS - Materials,Finance,Manual,U. Brennan,Senior Accountant,R. Almeida,250000,426.93,426.93,0,0,0,0,0,0,0,0,0,0,0
ERP-003930,2025-05,2025-05-13 15:12:22,Salaries & Wages,IT,Manual,V. Adeyemi,Staff Accountant,S. Kowalski,100000,1208.99,1208.99,0,0,0,0,0,0,0,0,0,0,0
ERP-003933,2025-05,2025-05-05 14:30:33,Product Revenue,Operations,Manual,R. Almeida,Financial Controller,T. Nakamura,25000,-12212.43,12212.43,0,0,0,0,0,0,0,0,0,0,0
ERP-003935,2025-05,2025-05-25 14:43:08,COGS - Materials,Marketing,Manual,V. Adeyemi,Staff Accountant,R. Almeida,250000,5249.04,5249.04,0,0,0,0,0,0,0,1,0,0,0
ERP-003939,2025-05,2025-05-15 16:58:40,Rent & Facilities,Marketing,Manual,X. Ferreira,AP Specialist,S. Kowalski,100000,578.83,578.83,0,0,0,0,0,0,0,0,0,0,0
ERP-003945,2025-05,2025-05-22 09:28:32,Marketing,Sales,Manual,S. Kowalski,Assistant Controller,V. Adeyemi,10000,1394.06,1394.06,0,0,0,0,0,0,0,0,0,0,0
ERP-003952,2025-05,2025-05-01 15:04:28,Rent & Facilities,Finance,Manual,Z. Osei,FP&A Analyst,W. Lindgren,10000,650.36,650.36,0,0,0,0,0,0,0,0,0,0,0
ERP-003953,2025-05,2025-05-25 10:28:16,Accounts Payable,Marketing,Manual,R. Almeida,Financial Controller,Y. Volkov,5000,-2509.91,2509.91,0,0,0,0,0,0,0,1,0,0,0
ERP-003955,2025-05,2025-05-26 10:15:10,Rent & Facilities,Sales,Manual,V. Adeyemi,Staff Accountant,S. Kowalski,100000,581.13,581.13,0,0,0,0,0,0,0,0,0,0,0
ERP-003956,2025-05,2025-05-21 17:14:41,Salaries & Wages,Operations,Manual,Y. Volkov,AR Specialist,V. Adeyemi,10000,3957.59,3957.59,0,0,0,0,0,0,0,0,0,0,0
ERP-003965,2025-05,2025-05-17 09:53:15,COGS - Freight,Sales,Manual,S. Kowalski,Assistant Controller,U. Brennan,25000,3971.42,3971.42,0,0,0,0,0,0,0,1,0,0,0
ERP-003977,2025-05,2025-05-01 13:31:13,COGS - Materials,Supply Chain,Manual,R. Almeida,Financial Controller,Y. Volkov,5000,533.9,533.9,0,0,0,0,0,0,0,0,0,0,0
ERP-003980,2025-05,2025-05-26 14:30:21,COGS - Freight,Supply Chain,Manual,Y. Volkov,AR Specialist,X. Ferreira,5000,1757.31,1757.31,0,0,0,0,0,0,0,0,0,0,0
ERP-003984,2025-05,2025-05-12 16:56:22,Rent & Facilities,Supply Chain,Manual,Z. Osei,FP&A Analyst,S. Kowalski,100000,4048.76,4048.76,0,0,0,0,0,0,0,0,0,0,0
ERP-003986,2025-05,2025-05-11 15:41:54,Product Revenue,Finance,Manual,Y. Volkov,AR Specialist,U. Brennan,25000,-5929.8,5929.8,0,0,0,0,0,0,0,1,0,0,0
ERP-003997,2025-05,2025-05-25 10:34:20,Salaries & Wages,IT,Manual,U. Brennan,Senior Accountant,X. Ferreira,5000,847.99,847.99,0,0,0,0,0,0,0,1,0,0,0
ERP-003999,2025-05,2025-05-10 11:57:37,Service Revenue,Supply Chain,Manual,Z. Osei,FP&A Analyst,R. Almeida,250000,-393.74,393.74,0,0,0,0,0,0,0,1,0,0,0
ERP-004007,2025-05,2025-05-16 14:30:40,Accounts Payable,Operations,Manual,S. Kowalski,Assistant Controller,X. Ferreira,5000,-213.71,213.71,0,0,0,0,0,0,0,0,0,0,0
ERP-004011,2025-05,2025-05-16 09:32:48,IT & Software,Supply Chain,Manual,T. Nakamura,Senior Accountant,R. Almeida,250000,3490.08,3490.08,0,0,0,0,0,0,0,0,0,0,0
ERP-004016,2025-05,2025-05-16 15:23:47,Rent & Facilities,IT,Manual,W. Lindgren,Staff Accountant,Y. Volkov,5000,1626.83,1626.83,0,0,0,0,0,0,0,0,0,0,0
ERP-004017,2025-05,2025-05-09 16:08:35,Marketing,Marketing,Manual,W. Lindgren,Staff Accountant,U. Brennan,25000,1551.85,1551.85,0,0,0,0,0,0,0,0,0,0,0
ERP-004020,2025-05,2025-05-27 14:47:50,IT & Software,Finance,Manual,X. Ferreira,AP Specialist,S. Kowalski,100000,112.34,112.34,0,0,0,0,0,0,0,0,0,0,0
ERP-004027,2025-05,2025-05-27 13:35:20,Marketing,Finance,Manual,R. Almeida,Financial Controller,W. Lindgren,10000,8501.45,8501.45,0,0,0,0,0,0,0,0,0,0,0
ERP-004036,2025-05,2025-05-04 15:20:31,Service Revenue,IT,Manual,V. Adeyemi,Staff Accountant,S. Kowalski,100000,-1160.92,1160.92,0,0,0,0,0,0,0,1,0,0,0
ERP-004040,2025-05,2025-05-04 14:36:02,IT & Software,Supply Chain,Manual,T. Nakamura,Senior Accountant,S. Kowalski,100000,359.25,359.25,0,0,0,0,0,0,0,1,0,0,0
ERP-004046,2025-05,2025-05-03 11:08:47,Accounts Receivable,Operations,Manual,Y. Volkov,AR Specialist,S. Kowalski,100000,764.22,764.22,0,0,0,0,0,0,0,1,0,0,0
ERP-004047,2025-05,2025-05-23 13:29:46,Accounts Payable,Marketing,Manual,R. Almeida,Financial Controller,X. Ferreira,5000,-1602.56,1602.56,0,0,0,0,0,0,0,0,0,0,0
ERP-004048,2025-05,2025-05-02 15:01:36,Salaries & Wages,Operations,Manual,T. Nakamura,Senior Accountant,U. Brennan,25000,1064.2,1064.2,0,0,0,0,0,0,0,0,0,0,0
ERP-004056,2025-05,2025-05-03 13:08:00,COGS - Freight,Operations,Manual,Y. Volkov,AR Specialist,S. Kowalski,100000,35192.61,35192.61,0,0,0,0,0,0,0,1,0,0,0
ERP-004057,2025-05,2025-05-17 10:56:22,Product Revenue,Supply Chain,Manual,X. Ferreira,AP Specialist,Y. Volkov,5000,-656.44,656.44,0,0,0,0,0,0,0,1,0,0,0
ERP-004059,2025-05,2025-05-09 11:38:53,Salaries & Wages,Operations,Manual,Z. Osei,FP&A Analyst,V. Adeyemi,10000,1793.98,1793.98,0,0,0,0,0,0,0,0,0,0,0
ERP-004067,2025-05,2025-05-16 11:36:33,Service Revenue,Marketing,Manual,W. Lindgren,Staff Accountant,R. Almeida,250000,-355.11,355.11,0,0,0,0,0,0,0,0,0,0,0
ERP-004070,2025-05,2025-05-15 09:20:16,IT & Software,Operations,Manual,S. Kowalski,Assistant Controller,R. Almeida,250000,2441.55,2441.55,0,0,0,0,0,0,0,0,0,0,0
ERP-004071,2025-05,2025-05-16 12:11:12,Accounts Payable,Operations,Manual,V. Adeyemi,Staff Accountant,R. Almeida,250000,-4173.95,4173.95,0,0,0,0,0,0,0,0,0,0,0
ERP-004078,2025-05,2025-05-13 12:29:04,Service Revenue,Marketing,Manual,Z. Osei,FP&A Analyst,U. Brennan,25000,-2395.56,2395.56,0,0,0,0,0,0,0,0,0,0,0
ERP-004088,2025-05,2025-05-10 12:24:42,Accounts Receivable,Finance,Manual,V. Adeyemi,Staff Accountant,U. Brennan,25000,967.74,967.74,0,0,0,0,0,0,0,1,0,0,0
ERP-004090,2025-05,2025-05-17 10:35:56,Accounts Payable,Operations,Manual,S. Kowalski,Assistant Controller,U. Brennan,25000,-5225.14,5225.14,0,0,0,0,0,0,0,1,0,0,0
ERP-004091,2025-05,2025-05-02 15:08:24,COGS - Freight,Marketing,Manual,S. Kowalski,Assistant Controller,W. Lindgren,10000,3145.9,3145.9,0,0,0,0,0,0,0,0,0,0,0
ERP-004092,2025-05,2025-05-14 13:53:43,Product Revenue,Sales,Manual,Y. Volkov,AR Specialist,U. Brennan,25000,-1206.09,1206.09,0,0,0,0,0,0,0,0,0,0,0
ERP-004107,2025-05,2025-05-15 12:51:14,IT & Software,Finance,Manual,S. Kowalski,Assistant Controller,T. Nakamura,25000,999.08,999.08,0,0,0,0,0,0,0,0,0,0,0
ERP-004109,2025-05,2025-05-12 13:40:37,IT & Software,Supply Chain,Manual,Y. Volkov,AR Specialist,R. Almeida,250000,1353.09,1353.09,0,0,0,0,0,0,0,0,0,0,0
ERP-004112,2025-05,2025-05-14 15:07:08,IT & Software,Operations,Manual,S. Kowalski,Assistant Controller,T. Nakamura,25000,3759.02,3759.02,0,0,0,0,0,0,0,0,0,0,0
ERP-004133,2025-05,2025-05-12 16:33:12,Service Revenue,Supply Chain,Manual,S. Kowalski,Assistant Controller,R. Almeida,250000,-256.86,256.86,0,0,0,0,0,0,0,0,0,0,0
ERP-004135,2025-05,2025-05-08 14:18:01,COGS - Materials,Operations,Manual,X. Ferreira,AP Specialist,U. Brennan,25000,1033.19,1033.19,0,0,0,0,0,0,0,0,0,0,0
ERP-004143,2025-05,2025-05-10 17:27:03,Marketing,Marketing,Manual,V. Adeyemi,Staff Accountant,T. Nakamura,25000,2788.57,2788.57,0,0,0,0,0,0,0,1,0,0,0
ERP-004156,2025-05,2025-05-26 15:38:56,COGS - Freight,Finance,Manual,Z. Osei,FP&A Analyst,W. Lindgren,10000,644.29,644.29,0,0,0,0,0,0,0,0,0,0,0
ERP-004157,2025-05,2025-05-18 14:04:01,Marketing,Operations,Manual,Y. Volkov,AR Specialist,V. Adeyemi,10000,6691.41,6691.41,0,0,0,0,0,0,0,1,0,0,0
ERP-004162,2025-05,2025-05-18 09:49:14,Accounts Payable,Marketing,Manual,U. Brennan,Senior Accountant,W. Lindgren,10000,-4644.47,4644.47,0,0,0,0,0,0,0,1,0,0,0
ERP-004172,2025-05,2025-05-27 13:19:06,Marketing,Operations,Manual,V. Adeyemi,Staff Accountant,S. Kowalski,100000,297.36,297.36,0,0,0,0,0,0,0,0,0,0,0
ERP-004177,2025-05,2025-05-02 13:04:54,Accounts Payable,Sales,Manual,Y. Volkov,AR Specialist,T. Nakamura,25000,-6812.86,6812.86,0,0,0,0,0,0,0,0,0,0,0
ERP-004188,2025-05,2025-05-24 15:42:09,Accounts Receivable,Supply Chain,Manual,U. Brennan,Senior Accountant,W. Lindgren,10000,3602.83,3602.83,0,0,0,0,0,0,0,1,0,0,0
ERP-004197,2025-05,2025-05-01 09:38:57,Product Revenue,Supply Chain,Manual,W. Lindgren,Staff Accountant,S. Kowalski,100000,-7127.36,7127.36,0,0,0,0,0,0,0,0,0,0,0
ERP-004200,2025-05,2025-05-13 14:12:44,Marketing,Marketing,Manual,V. Adeyemi,Staff Accountant,W. Lindgren,10000,249.71,249.71,0,0,0,0,0,0,0,0,0,0,0
ERP-004214,2025-05,2025-05-15 13:34:23,Accounts Receivable,Supply Chain,Manual,S. Kowalski,Assistant Controller,U. Brennan,25000,1608.33,1608.33,0,0,0,0,0,0,0,0,0,0,0
ERP-004215,2025-05,2025-05-11 09:46:28,Accounts Payable,IT,Manual,S. Kowalski,Assistant Controller,Y. Volkov,5000,-267.5,267.5,0,0,0,0,0,0,0,1,0,0,0
ERP-004218,2025-05,2025-05-13 13:00:03,Service Revenue,Supply Chain,Manual,S. Kowalski,Assistant Controller,W. Lindgren,10000,-1491.98,1491.98,0,0,0,0,0,0,0,0,0,0,0
ERP-004229,2025-05,2025-05-24 09:36:39,Salaries & Wages,Operations,Manual,X. Ferreira,AP Specialist,V. Adeyemi,10000,160.49,160.49,0,0,0,0,0,0,0,1,0,0,0
ERP-004236,2025-05,2025-05-24 17:23:00,IT & Software,Supply Chain,Manual,W. Lindgren,Staff Accountant,S. Kowalski,100000,3701.17,3701.17,0,0,0,0,0,0,0,1,0,0,0
ERP-004246,2025-05,2025-05-20 09:23:28,Marketing,IT,Manual,Y. Volkov,AR Specialist,S. Kowalski,100000,6118.83,6118.83,0,0,0,0,0,0,0,0,0,0,0
ERP-004249,2025-05,2025-05-06 17:12:13,Product Revenue,Marketing,Manual,U. Brennan,Senior Accountant,S. Kowalski,100000,-621.58,621.58,0,0,0,0,0,0,0,0,0,0,0
ERP-004257,2025-05,2025-05-10 15:48:52,Product Revenue,Operations,Manual,Y. Volkov,AR Specialist,V. Adeyemi,10000,-715.08,715.08,0,0,0,0,0,0,0,1,0,0,0
ERP-004262,2025-05,2025-05-24 17:30:37,Accounts Receivable,Sales,Manual,Z. Osei,FP&A Analyst,T. Nakamura,25000,1134.64,1134.64,0,0,0,0,0,0,0,1,0,0,0
ERP-004269,2025-05,2025-05-12 13:39:19,Product Revenue,IT,Manual,U. Brennan,Senior Accountant,Y. Volkov,5000,-1245.15,1245.15,0,0,0,0,0,0,0,0,0,0,0
ERP-004281,2025-05,2025-05-10 16:32:13,COGS - Freight,Supply Chain,Manual,Y. Volkov,AR Specialist,T. Nakamura,25000,4333.11,4333.11,0,0,0,0,0,0,0,1,0,0,0
ERP-004291,2025-05,2025-05-05 13:24:27,Marketing,Operations,Manual,Y. Volkov,AR Specialist,V. Adeyemi,10000,499.32,499.32,0,0,0,0,0,0,0,0,0,0,0
ERP-004327,2025-05,2025-05-07 09:00:27,Accounts Receivable,IT,Manual,Y. Volkov,AR Specialist,V. Adeyemi,10000,1421.55,1421.55,0,0,0,0,0,0,0,0,0,0,0
ERP-004331,2025-05,2025-05-17 13:55:45,Product Revenue,Finance,Manual,T. Nakamura,Senior Accountant,V. Adeyemi,10000,-1604.41,1604.41,0,0,0,0,0,0,0,1,0,0,0
ERP-004336,2025-05,2025-05-21 17:09:17,Service Revenue,Finance,Manual,Z. Osei,FP&A Analyst,X. Ferreira,5000,-2398.41,2398.41,0,0,0,0,0,0,0,0,0,0,0
ERP-004346,2025-05,2025-05-27 17:06:17,Marketing,Sales,Manual,W. Lindgren,Staff Accountant,U. Brennan,25000,12575.47,12575.47,0,0,0,0,0,0,0,0,0,0,0
ERP-004350,2025-05,2025-05-06 15:42:55,IT & Software,Operations,Manual,W. Lindgren,Staff Accountant,T. Nakamura,25000,1952.25,1952.25,0,0,0,0,0,0,0,0,0,0,0
ERP-004352,2025-05,2025-05-20 12:47:57,Product Revenue,Supply Chain,Manual,T. Nakamura,Senior Accountant,U. Brennan,25000,-1415.01,1415.01,0,0,0,0,0,0,0,0,0,0,0
ERP-004372,2025-05,2025-05-26 12:13:39,COGS - Freight,IT,Manual,T. Nakamura,Senior Accountant,W. Lindgren,10000,5058.9,5058.9,0,0,0,0,0,0,0,0,0,0,0
ERP-004405,2025-05,2025-05-24 12:00:25,COGS - Materials,Finance,Manual,U. Brennan,Senior Accountant,W. Lindgren,10000,1514.36,1514.36,0,0,0,0,0,0,0,1,0,0,0
ERP-004412,2025-05,2025-05-07 09:02:32,Service Revenue,Operations,Manual,T. Nakamura,Senior Accountant,R. Almeida,250000,-270.89,270.89,0,0,0,0,0,0,0,0,0,0,0
ERP-004416,2025-05,2025-05-11 08:47:17,COGS - Materials,Finance,Manual,Z. Osei,FP&A Analyst,W. Lindgren,10000,3820.57,3820.57,0,0,0,0,0,0,0,1,0,0,0
ERP-004417,2025-05,2025-05-06 09:26:02,Marketing,Finance,Manual,Y. Volkov,AR Specialist,U. Brennan,25000,1639.02,1639.02,0,0,0,0,0,0,0,0,0,0,0
ERP-004419,2025-05,2025-05-21 11:32:55,Accounts Payable,IT,Manual,W. Lindgren,Staff Accountant,Y. Volkov,5000,-627.91,627.91,0,0,0,0,0,0,0,0,0,0,0
ERP-004422,2025-05,2025-05-23 16:43:41,COGS - Freight,Finance,Manual,S. Kowalski,Assistant Controller,V. Adeyemi,10000,775.29,775.29,0,0,0,0,0,0,0,0,0,0,0
ERP-004424,2025-05,2025-05-22 15:32:16,COGS - Materials,Sales,Manual,W. Lindgren,Staff Accountant,V. Adeyemi,10000,1677.03,1677.03,0,0,0,0,0,0,0,0,0,0,0
ERP-004434,2025-05,2025-05-19 16:05:27,Salaries & Wages,Sales,Manual,V. Adeyemi,Staff Accountant,S. Kowalski,100000,1682.99,1682.99,0,0,0,0,0,0,0,0,0,0,0
ERP-004447,2025-05,2025-05-20 17:03:31,Rent & Facilities,Finance,Manual,V. Adeyemi,Staff Accountant,T. Nakamura,25000,959.92,959.92,0,0,0,0,0,0,0,0,0,0,0
ERP-004449,2025-05,2025-05-18 12:23:08,Marketing,Marketing,Manual,R. Almeida,Financial Controller,Y. Volkov,5000,578.92,578.92,0,0,0,0,0,0,0,1,0,0,0
ERP-004460,2025-05,2025-05-15 10:45:30,Accounts Receivable,Sales,Manual,V. Adeyemi,Staff Accountant,R. Almeida,250000,949.51,949.51,0,0,0,0,0,0,0,0,0,0,0
ERP-004462,2025-05,2025-05-12 12:19:02,IT & Software,Finance,Manual,Y. Volkov,AR Specialist,R. Almeida,250000,1683.2,1683.2,0,0,0,0,0,0,0,0,0,0,0
ERP-004465,2025-05,2025-05-13 13:40:29,Salaries & Wages,Marketing,Manual,U. Brennan,Senior Accountant,R. Almeida,250000,1553.34,1553.34,0,0,0,0,0,0,0,0,0,0,0
ERP-004469,2025-05,2025-05-08 08:45:52,Product Revenue,Sales,Manual,V. Adeyemi,Staff Accountant,T. Nakamura,25000,-409.82,409.82,0,0,0,0,0,0,0,0,0,0,0
ERP-004480,2025-05,2025-05-05 15:19:08,Salaries & Wages,Operations,Manual,Z. Osei,FP&A Analyst,S. Kowalski,100000,2263.76,2263.76,0,0,0,0,0,0,0,0,0,0,0
ERP-004485,2025-05,2025-05-11 13:04:55,Accounts Receivable,IT,Manual,Y. Volkov,AR Specialist,S. Kowalski,100000,10853.1,10853.1,0,0,0,0,0,0,0,1,0,0,0
ERP-004493,2025-05,2025-05-08 11:46:29,Product Revenue,IT,Manual,Y. Volkov,AR Specialist,X. Ferreira,5000,-779.99,779.99,0,0,0,0,0,0,0,0,0,0,0
ERP-004494,2025-05,2025-05-12 10:00:09,Salaries & Wages,IT,Manual,Z. Osei,FP&A Analyst,S. Kowalski,100000,1974.53,1974.53,0,0,0,0,0,0,0,0,0,0,0
ERP-004504,2025-06,2025-06-22 13:55:26,Marketing,IT,Manual,W. Lindgren,Staff Accountant,R. Almeida,250000,3446.6,3446.6,0,0,0,0,0,0,0,1,0,0,0
ERP-004506,2025-06,2025-06-21 16:05:21,Accounts Payable,Supply Chain,Manual,Y. Volkov,AR Specialist,X. Ferreira,5000,-3843.22,3843.22,0,0,0,0,0,0,0,1,0,0,0
ERP-004508,2025-06,2025-06-17 08:52:37,Product Revenue,Finance,Manual,T. Nakamura,Senior Accountant,X. Ferreira,5000,-863.78,863.78,0,0,0,0,0,0,0,0,0,0,0
ERP-004510,2025-06,2025-06-11 08:31:14,Salaries & Wages,Marketing,Manual,Z. Osei,FP&A Analyst,Y. Volkov,5000,4052.54,4052.54,0,0,0,0,0,0,0,0,0,0,0
ERP-004511,2025-06,2025-06-14 15:08:04,Accounts Payable,Operations,Manual,V. Adeyemi,Staff Accountant,S. Kowalski,100000,-5483.67,5483.67,0,0,0,0,0,0,0,1,0,0,0
ERP-004514,2025-06,2025-06-24 13:26:21,Rent & Facilities,Finance,Manual,T. Nakamura,Senior Accountant,V. Adeyemi,10000,724.59,724.59,0,0,0,0,0,0,0,0,0,0,0
ERP-004515,2025-06,2025-06-12 11:56:08,Salaries & Wages,Operations,Manual,R. Almeida,Financial Controller,X. Ferreira,5000,247.69,247.69,0,0,0,0,0,0,0,0,0,0,0
ERP-004522,2025-06,2025-06-10 15:54:47,Accounts Receivable,Sales,Manual,W. Lindgren,Staff Accountant,X. Ferreira,5000,1983.51,1983.51,0,0,0,0,0,0,0,0,0,0,0
ERP-004524,2025-06,2025-06-03 09:42:04,Salaries & Wages,Operations,Manual,Y. Volkov,AR Specialist,V. Adeyemi,10000,3194.76,3194.76,0,0,0,0,0,0,0,0,0,0,0
ERP-004536,2025-06,2025-06-23 08:31:30,Product Revenue,IT,Manual,Z. Osei,FP&A Analyst,R. Almeida,250000,-262.55,262.55,0,0,0,0,0,0,0,0,0,0,0
ERP-004538,2025-06,2025-06-18 14:10:05,Accounts Receivable,Sales,Manual,Z. Osei,FP&A Analyst,Y. Volkov,5000,1550.93,1550.93,0,0,0,0,0,0,0,0,0,0,0
ERP-004542,2025-06,2025-06-12 13:22:17,Rent & Facilities,Supply Chain,Manual,Y. Volkov,AR Specialist,V. Adeyemi,10000,574.04,574.04,0,0,0,0,0,0,0,0,0,0,0
ERP-004543,2025-06,2025-06-08 10:38:19,Product Revenue,Operations,Manual,T. Nakamura,Senior Accountant,S. Kowalski,100000,-13397.86,13397.86,0,0,0,0,0,0,0,1,0,0,0
ERP-004559,2025-06,2025-06-08 12:00:16,Accounts Payable,IT,Manual,Y. Volkov,AR Specialist,T. Nakamura,25000,-1765.13,1765.13,0,0,0,0,0,0,0,1,0,0,0
ERP-004561,2025-06,2025-06-22 10:32:47,Marketing,Marketing,Manual,U. Brennan,Senior Accountant,S. Kowalski,100000,4044.65,4044.65,0,0,0,0,0,0,0,1,0,0,0
ERP-004563,2025-06,2025-06-21 15:52:33,Accounts Receivable,Finance,Manual,R. Almeida,Financial Controller,S. Kowalski,100000,1212.76,1212.76,0,0,0,0,0,0,0,1,0,0,0
ERP-004564,2025-06,2025-06-19 16:05:29,Product Revenue,Operations,Manual,Y. Volkov,AR Specialist,R. Almeida,250000,-479.7,479.7,0,0,0,0,0,0,0,0,0,0,0
ERP-004568,2025-06,2025-06-08 16:56:10,Marketing,Supply Chain,Manual,V. Adeyemi,Staff Accountant,U. Brennan,25000,4579.23,4579.23,0,0,0,0,0,0,0,1,0,0,0
ERP-004576,2025-06,2025-06-08 16:42:08,COGS - Freight,Finance,Manual,U. Brennan,Senior Accountant,T. Nakamura,25000,2006.17,2006.17,0,0,0,0,0,0,0,1,0,0,0
ERP-004577,2025-06,2025-06-06 09:00:34,Accounts Receivable,Finance,Manual,T. Nakamura,Senior Accountant,Y. Volkov,5000,2954.76,2954.76,0,0,0,0,0,0,0,0,0,0,0
ERP-004586,2025-06,2025-06-21 14:46:43,Rent & Facilities,Marketing,Manual,S. Kowalski,Assistant Controller,T. Nakamura,25000,2502.2,2502.2,0,0,0,0,0,0,0,1,0,0,0
ERP-004587,2025-06,2025-06-17 15:01:47,Accounts Payable,Finance,Manual,T. Nakamura,Senior Accountant,S. Kowalski,100000,-1551.88,1551.88,0,0,0,0,0,0,0,0,0,0,0
ERP-004594,2025-06,2025-06-10 15:47:56,Marketing,Finance,Manual,V. Adeyemi,Staff Accountant,T. Nakamura,25000,11917.29,11917.29,0,0,0,0,0,0,0,0,0,0,0
ERP-004604,2025-06,2025-06-18 09:40:22,Product Revenue,Marketing,Manual,Z. Osei,FP&A Analyst,R. Almeida,250000,-2271.51,2271.51,0,0,0,0,0,0,0,0,0,0,0
ERP-004609,2025-06,2025-06-23 16:01:31,Service Revenue,Marketing,Manual,Z. Osei,FP&A Analyst,V. Adeyemi,10000,-2272.44,2272.44,0,0,0,0,0,0,0,0,0,0,0
ERP-004614,2025-06,2025-06-09 17:54:14,Product Revenue,Operations,Manual,S. Kowalski,Assistant Controller,R. Almeida,250000,-196.58,196.58,0,0,0,0,0,0,0,0,0,0,0
ERP-004615,2025-06,2025-06-07 08:01:39,Marketing,Sales,Manual,T. Nakamura,Senior Accountant,W. Lindgren,10000,739.31,739.31,0,0,0,0,0,0,0,1,0,0,0
ERP-004616,2025-06,2025-06-22 13:11:21,COGS - Materials,Supply Chain,Manual,Y. Volkov,AR Specialist,R. Almeida,250000,2483.32,2483.32,0,0,0,0,0,0,0,1,0,0,0
ERP-004621,2025-06,2025-06-05 08:56:24,Service Revenue,Finance,Manual,X. Ferreira,AP Specialist,S. Kowalski,100000,-5189.64,5189.64,0,0,0,0,0,0,0,0,0,0,0
ERP-004628,2025-06,2025-06-17 12:25:15,COGS - Freight,Operations,Manual,U. Brennan,Senior Accountant,R. Almeida,250000,3428.89,3428.89,0,0,0,0,0,0,0,0,0,0,0
ERP-004635,2025-06,2025-06-08 11:52:04,Product Revenue,Marketing,Manual,W. Lindgren,Staff Accountant,T. Nakamura,25000,-1419.43,1419.43,0,0,0,0,0,0,0,1,0,0,0
ERP-004637,2025-06,2025-06-11 12:57:02,Product Revenue,IT,Manual,V. Adeyemi,Staff Accountant,Y. Volkov,5000,-248.87,248.87,0,0,0,0,0,0,0,0,0,0,0
ERP-004656,2025-06,2025-06-16 08:12:13,Accounts Receivable,Supply Chain,Manual,V. Adeyemi,Staff Accountant,T. Nakamura,25000,702.75,702.75,0,0,0,0,0,0,0,0,0,0,0
ERP-004657,2025-06,2025-06-05 13:51:43,COGS - Freight,Sales,Manual,U. Brennan,Senior Accountant,W. Lindgren,10000,422.95,422.95,0,0,0,0,0,0,0,0,0,0,0
ERP-004670,2025-06,2025-06-07 16:19:43,COGS - Freight,Operations,Manual,U. Brennan,Senior Accountant,Y. Volkov,5000,2298.01,2298.01,0,0,0,0,0,0,0,1,0,0,0
ERP-004692,2025-06,2025-06-02 15:19:32,Accounts Receivable,IT,Manual,Z. Osei,FP&A Analyst,R. Almeida,250000,647.09,647.09,0,0,0,0,0,0,0,0,0,0,0
ERP-004700,2025-06,2025-06-10 08:28:30,Marketing,Operations,Manual,Z. Osei,FP&A Analyst,T. Nakamura,25000,273.76,273.76,0,0,0,0,0,0,0,0,0,0,0
ERP-004706,2025-06,2025-06-02 11:52:33,Accounts Payable,Operations,Manual,V. Adeyemi,Staff Accountant,W. Lindgren,10000,-1062.79,1062.79,0,0,0,0,0,0,0,0,0,0,0
ERP-004725,2025-06,2025-06-25 08:21:35,Accounts Receivable,Marketing,Manual,V. Adeyemi,Staff Accountant,R. Almeida,250000,1126.2,1126.2,0,0,0,0,0,0,0,0,0,0,0
ERP-004730,2025-06,2025-06-04 11:13:51,Accounts Receivable,Marketing,Manual,U. Brennan,Senior Accountant,T. Nakamura,25000,270.59,270.59,0,0,0,0,0,0,0,0,0,0,0
ERP-004733,2025-06,2025-06-10 13:17:28,Product Revenue,Marketing,Manual,S. Kowalski,Assistant Controller,X. Ferreira,5000,-763.12,763.12,0,0,0,0,0,0,0,0,0,0,0
ERP-004739,2025-06,2025-06-25 08:19:52,COGS - Materials,Operations,Manual,T. Nakamura,Senior Accountant,V. Adeyemi,10000,7561.36,7561.36,0,0,0,0,0,0,0,0,0,0,0
ERP-004740,2025-06,2025-06-07 16:58:00,Product Revenue,Sales,Manual,Z. Osei,FP&A Analyst,X. Ferreira,5000,-701.52,701.52,0,0,0,0,0,0,0,1,0,0,0
ERP-004744,2025-06,2025-06-25 12:59:54,Rent & Facilities,Operations,Manual,V. Adeyemi,Staff Accountant,R. Almeida,250000,253.75,253.75,0,0,0,0,0,0,0,0,0,0,0
ERP-004746,2025-06,2025-06-07 11:23:00,Rent & Facilities,Finance,Manual,V. Adeyemi,Staff Accountant,S. Kowalski,100000,736.74,736.74,0,0,0,0,0,0,0,1,0,0,0
ERP-004750,2025-06,2025-06-18 14:46:02,Salaries & Wages,Supply Chain,Manual,V. Adeyemi,Staff Accountant,W. Lindgren,10000,7981.42,7981.42,0,0,0,0,0,0,0,0,0,0,0
ERP-004753,2025-06,2025-06-13 15:55:48,Product Revenue,Marketing,Manual,Z. Osei,FP&A Analyst,U. Brennan,25000,-371.6,371.6,0,0,0,0,0,0,0,0,0,0,0
ERP-004758,2025-06,2025-06-17 16:56:47,Service Revenue,Supply Chain,Manual,Y. Volkov,AR Specialist,S. Kowalski,100000,-2737.48,2737.48,0,0,0,0,0,0,0,0,0,0,0
ERP-004760,2025-06,2025-06-08 16:21:18,Rent & Facilities,Marketing,Manual,Y. Volkov,AR Specialist,R. Almeida,250000,1865.9,1865.9,0,0,0,0,0,0,0,1,0,0,0
ERP-004766,2025-06,2025-06-25 09:50:14,COGS - Materials,Marketing,Manual,R. Almeida,Financial Controller,T. Nakamura,25000,2552.97,2552.97,0,0,0,0,0,0,0,0,0,0,0
ERP-004769,2025-06,2025-06-23 15:45:12,IT & Software,Supply Chain,Manual,S. Kowalski,Assistant Controller,V. Adeyemi,10000,3049.21,3049.21,0,0,0,0,0,0,0,0,0,0,0
ERP-004773,2025-06,2025-06-01 14:10:21,Accounts Payable,Marketing,Manual,Z. Osei,FP&A Analyst,V. Adeyemi,10000,-955.4,955.4,0,0,0,0,0,0,0,1,0,0,0
ERP-004781,2025-06,2025-06-08 12:13:34,COGS - Materials,Finance,Manual,U. Brennan,Senior Accountant,S. Kowalski,100000,3134.12,3134.12,0,0,0,0,0,0,0,1,0,0,0
ERP-004786,2025-06,2025-06-17 08:10:21,Product Revenue,Sales,Manual,Y. Volkov,AR Specialist,S. Kowalski,100000,-5336.79,5336.79,0,0,0,0,0,0,0,0,0,0,0
ERP-004802,2025-06,2025-06-20 17:36:35,COGS - Materials,Supply Chain,Manual,V. Adeyemi,Staff Accountant,W. Lindgren,10000,2386.95,2386.95,0,0,0,0,0,0,0,0,0,0,0
ERP-004818,2025-06,2025-06-26 08:49:01,Service Revenue,IT,Manual,S. Kowalski,Assistant Controller,T. Nakamura,25000,-7386.31,7386.31,0,0,0,0,0,0,0,0,0,0,0
ERP-004821,2025-06,2025-06-26 12:51:04,Marketing,Operations,Manual,S. Kowalski,Assistant Controller,X. Ferreira,5000,2009.58,2009.58,0,0,0,0,0,0,0,0,0,0,0
ERP-004827,2025-06,2025-06-09 12:56:23,Salaries & Wages,Operations,Manual,R. Almeida,Financial Controller,T. Nakamura,25000,6215.7,6215.7,0,0,0,0,0,0,0,0,0,0,0
ERP-004849,2025-06,2025-06-13 14:35:33,Accounts Receivable,Operations,Manual,X. Ferreira,AP Specialist,U. Brennan,25000,1037.11,1037.11,0,0,0,0,0,0,0,0,0,0,0
ERP-004866,2025-06,2025-06-04 15:47:48,Accounts Receivable,Sales,Manual,V. Adeyemi,Staff Accountant,W. Lindgren,10000,1335.93,1335.93,0,0,0,0,0,0,0,0,0,0,0
ERP-004890,2025-06,2025-06-22 17:12:37,COGS - Materials,IT,Manual,W. Lindgren,Staff Accountant,V. Adeyemi,10000,860.55,860.55,0,0,0,0,0,0,0,1,0,0,0
ERP-004892,2025-06,2025-06-17 10:15:08,Salaries & Wages,Sales,Manual,T. Nakamura,Senior Accountant,W. Lindgren,10000,795.31,795.31,0,0,0,0,0,0,0,0,0,0,0
ERP-004899,2025-06,2025-06-17 12:47:15,Accounts Payable,Sales,Manual,W. Lindgren,Staff Accountant,X. Ferreira,5000,-1498.65,1498.65,0,0,0,0,0,0,0,0,0,0,0
ERP-004900,2025-06,2025-06-22 17:47:16,Accounts Payable,Supply Chain,Manual,U. Brennan,Senior Accountant,T. Nakamura,25000,-4281.98,4281.98,0,0,0,0,0,0,0,1,0,0,0
ERP-004904,2025-06,2025-06-05 11:16:00,Accounts Receivable,Supply Chain,Manual,Z. Osei,FP&A Analyst,V. Adeyemi,10000,1142.16,1142.16,0,0,0,0,0,0,0,0,0,0,0
ERP-004911,2025-06,2025-06-07 09:22:18,Product Revenue,Finance,Manual,R. Almeida,Financial Controller,V. Adeyemi,10000,-2087.67,2087.67,0,0,0,0,0,0,0,1,0,0,0
ERP-004914,2025-06,2025-06-02 09:49:16,Service Revenue,Operations,Manual,Z. Osei,FP&A Analyst,X. Ferreira,5000,-486.4,486.4,0,0,0,0,0,0,0,0,0,0,0
ERP-004916,2025-06,2025-06-09 13:39:25,Accounts Receivable,Finance,Manual,Y. Volkov,AR Specialist,W. Lindgren,10000,1429.82,1429.82,0,0,0,0,0,0,0,0,0,0,0
ERP-004918,2025-06,2025-06-23 16:25:16,Product Revenue,Marketing,Manual,W. Lindgren,Staff Accountant,U. Brennan,25000,-5306.43,5306.43,0,0,0,0,0,0,0,0,0,0,0
ERP-004919,2025-06,2025-06-23 14:34:44,IT & Software,Finance,Manual,T. Nakamura,Senior Accountant,V. Adeyemi,10000,279.12,279.12,0,0,0,0,0,0,0,0,0,0,0
ERP-004920,2025-06,2025-06-16 08:31:21,Salaries & Wages,Finance,Manual,X. Ferreira,AP Specialist,S. Kowalski,100000,2512.73,2512.73,0,0,0,0,0,0,0,0,0,0,0
ERP-004922,2025-06,2025-06-09 12:41:09,Accounts Payable,Operations,Manual,Z. Osei,FP&A Analyst,R. Almeida,250000,-8796.04,8796.04,0,0,0,0,0,0,0,0,0,0,0
ERP-004932,2025-06,2025-06-18 08:46:51,Product Revenue,Sales,Manual,W. Lindgren,Staff Accountant,X. Ferreira,5000,-310.27,310.27,0,0,0,0,0,0,0,0,0,0,0
ERP-004940,2025-06,2025-06-11 14:35:08,COGS - Materials,Operations,Manual,T. Nakamura,Senior Accountant,Y. Volkov,5000,1037.62,1037.62,0,0,0,0,0,0,0,0,0,0,0
ERP-004941,2025-06,2025-06-04 14:05:43,COGS - Materials,IT,Manual,W. Lindgren,Staff Accountant,V. Adeyemi,10000,2485.27,2485.27,0,0,0,0,0,0,0,0,0,0,0
ERP-004943,2025-06,2025-06-07 15:24:10,IT & Software,IT,Manual,X. Ferreira,AP Specialist,U. Brennan,25000,2736.97,2736.97,0,0,0,0,0,0,0,1,0,0,0
ERP-004947,2025-06,2025-06-23 16:39:41,Accounts Payable,Operations,Manual,Y. Volkov,AR Specialist,V. Adeyemi,10000,-1570.01,1570.01,0,0,0,0,0,0,0,0,0,0,0
ERP-004948,2025-06,2025-06-23 11:23:45,COGS - Freight,Sales,Manual,S. Kowalski,Assistant Controller,X. Ferreira,5000,1508.16,1508.16,0,0,0,0,0,0,0,0,0,0,0
ERP-004950,2025-06,2025-06-17 15:02:03,Product Revenue,Operations,Manual,R. Almeida,Financial Controller,Y. Volkov,5000,-1555.09,1555.09,0,0,0,0,0,0,0,0,0,0,0
ERP-004954,2025-06,2025-06-17 08:47:10,COGS - Materials,Finance,Manual,U. Brennan,Senior Accountant,Y. Volkov,5000,2519.43,2519.43,0,0,0,0,0,0,0,0,0,0,0
ERP-004956,2025-06,2025-06-14 08:44:56,Service Revenue,Finance,Manual,S. Kowalski,Assistant Controller,Y. Volkov,5000,-744.25,744.25,0,0,0,0,0,0,0,1,0,0,0
ERP-004962,2025-06,2025-06-01 10:22:54,Accounts Payable,Marketing,Manual,S. Kowalski,Assistant Controller,V. Adeyemi,10000,-756.62,756.62,0,0,0,0,0,0,0,1,0,0,0
ERP-004967,2025-06,2025-06-15 15:33:16,Accounts Payable,Marketing,Manual,Z. Osei,FP&A Analyst,R. Almeida,250000,-1982.27,1982.27,0,0,0,0,0,0,0,1,0,0,0
ERP-004979,2025-06,2025-06-08 17:21:51,IT & Software,Operations,Manual,Z. Osei,FP&A Analyst,S. Kowalski,100000,76.31,76.31,0,0,0,0,0,0,0,1,0,0,0
ERP-004983,2025-06,2025-06-19 12:54:18,Marketing,Marketing,Manual,Z. Osei,FP&A Analyst,T. Nakamura,25000,453.13,453.13,0,0,0,0,0,0,0,0,0,0,0
ERP-004985,2025-06,2025-06-13 12:01:46,Product Revenue,Finance,Manual,R. Almeida,Financial Controller,W. Lindgren,10000,-782.24,782.24,0,0,0,0,0,0,0,0,0,0,0
ERP-004994,2025-06,2025-06-03 11:56:21,Salaries & Wages,Finance,Manual,Y. Volkov,AR Specialist,X. Ferreira,5000,828.6,828.6,0,0,0,0,0,0,0,0,0,0,0
ERP-005002,2025-06,2025-06-19 13:02:10,Product Revenue,Sales,Manual,Z. Osei,FP&A Analyst,Y. Volkov,5000,-869.63,869.63,0,0,0,0,0,0,0,0,0,0,0
ERP-005007,2025-06,2025-06-08 15:45:59,Product Revenue,Finance,Manual,S. Kowalski,Assistant Controller,U. Brennan,25000,-2936.43,2936.43,0,0,0,0,0,0,0,1,0,0,0
ERP-005010,2025-06,2025-06-11 09:39:48,Service Revenue,Supply Chain,Manual,U. Brennan,Senior Accountant,X. Ferreira,5000,-746.0,746.0,0,0,0,0,0,0,0,0,0,0,0
ERP-005015,2025-06,2025-06-25 09:57:14,Product Revenue,IT,Manual,V. Adeyemi,Staff Accountant,Y. Volkov,5000,-1307.2,1307.2,0,0,0,0,0,0,0,0,0,0,0
ERP-005033,2025-06,2025-06-26 16:24:14,Accounts Receivable,Sales,Manual,X. Ferreira,AP Specialist,T. Nakamura,25000,2376.05,2376.05,0,0,0,0,0,0,0,0,0,0,0
ERP-005035,2025-06,2025-06-02 11:45:44,Accounts Receivable,Marketing,Manual,X. Ferreira,AP Specialist,S. Kowalski,100000,605.26,605.26,0,0,0,0,0,0,0,0,0,0,0
ERP-005041,2025-06,2025-06-13 15:12:57,Salaries & Wages,Supply Chain,Manual,V. Adeyemi,Staff Accountant,W. Lindgren,10000,8980.36,8980.36,0,0,0,0,0,0,0,0,0,0,0
ERP-005044,2025-06,2025-06-17 08:57:18,Salaries & Wages,Marketing,Manual,X. Ferreira,AP Specialist,U. Brennan,25000,537.3,537.3,0,0,0,0,0,0,0,0,0,0,0
ERP-005045,2025-06,2025-06-13 14:09:59,COGS - Materials,Finance,Manual,V. Adeyemi,Staff Accountant,S. Kowalski,100000,1596.64,1596.64,0,0,0,0,0,0,0,0,0,0,0
ERP-005049,2025-06,2025-06-12 16:26:05,Accounts Payable,Supply Chain,Manual,V. Adeyemi,Staff Accountant,S. Kowalski,100000,-5678.43,5678.43,0,0,0,0,0,0,0,0,0,0,0
ERP-005053,2025-06,2025-06-08 15:05:10,Rent & Facilities,Operations,Manual,V. Adeyemi,Staff Accountant,T. Nakamura,25000,1368.24,1368.24,0,0,0,0,0,0,0,1,0,0,0
ERP-005055,2025-06,2025-06-06 14:02:35,COGS - Freight,Marketing,Manual,V. Adeyemi,Staff Accountant,Y. Volkov,5000,3973.22,3973.22,0,0,0,0,0,0,0,0,0,0,0
ERP-005061,2025-06,2025-06-08 08:14:29,Salaries & Wages,Sales,Manual,V. Adeyemi,Staff Accountant,S. Kowalski,100000,685.27,685.27,0,0,0,0,0,0,0,1,0,0,0
ERP-005065,2025-06,2025-06-20 14:18:09,Product Revenue,Sales,Manual,W. Lindgren,Staff Accountant,R. Almeida,250000,-6099.17,6099.17,0,0,0,0,0,0,0,0,0,0,0
ERP-005077,2025-06,2025-06-15 14:34:55,Marketing,Operations,Manual,S. Kowalski,Assistant Controller,X. Ferreira,5000,3836.92,3836.92,0,0,0,0,0,0,0,1,0,0,0
ERP-005081,2025-06,2025-06-02 15:44:23,COGS - Materials,Marketing,Manual,R. Almeida,Financial Controller,U. Brennan,25000,684.14,684.14,0,0,0,0,0,0,0,0,0,0,0
ERP-005084,2025-06,2025-06-22 17:12:06,Accounts Receivable,Sales,Manual,W. Lindgren,Staff Accountant,R. Almeida,250000,3734.81,3734.81,0,0,0,0,0,0,0,1,0,0,0
ERP-005088,2025-06,2025-06-23 17:17:30,COGS - Freight,Supply Chain,Manual,V. Adeyemi,Staff Accountant,X. Ferreira,5000,4052.92,4052.92,0,0,0,0,0,0,0,0,0,0,0
ERP-005094,2025-06,2025-06-08 08:42:13,Accounts Receivable,Sales,Manual,T. Nakamura,Senior Accountant,V. Adeyemi,10000,2946.3,2946.3,0,0,0,0,0,0,0,1,0,0,0
ERP-005101,2025-06,2025-06-23 15:51:38,Service Revenue,Sales,Manual,X. Ferreira,AP Specialist,S. Kowalski,100000,-2483.42,2483.42,0,0,0,0,0,0,0,0,0,0,0
ERP-005104,2025-06,2025-06-08 16:37:52,COGS - Materials,Marketing,Manual,W. Lindgren,Staff Accountant,X. Ferreira,5000,4252.18,4252.18,0,0,0,0,0,0,0,1,0,0,0
ERP-005112,2025-06,2025-06-11 16:06:09,Product Revenue,Operations,Manual,U. Brennan,Senior Accountant,V. Adeyemi,10000,-3324.35,3324.35,0,0,0,0,0,0,0,0,0,0,0
ERP-005117,2025-06,2025-06-11 08:48:41,Accounts Receivable,Operations,Manual,X. Ferreira,AP Specialist,U. Brennan,25000,1730.38,1730.38,0,0,0,0,0,0,0,0,0,0,0
ERP-005118,2025-06,2025-06-10 17:23:54,Product Revenue,Operations,Manual,S. Kowalski,Assistant Controller,V. Adeyemi,10000,-1482.09,1482.09,0,0,0,0,0,0,0,0,0,0,0
ERP-005122,2025-06,2025-06-16 14:17:00,Service Revenue,Operations,Manual,U. Brennan,Senior Accountant,V. Adeyemi,10000,-1528.0,1528.0,0,0,0,0,0,0,0,0,0,0,0
ERP-005128,2025-06,2025-06-26 16:57:30,IT & Software,Finance,Manual,U. Brennan,Senior Accountant,S. Kowalski,100000,2994.57,2994.57,0,0,0,0,0,0,0,0,0,0,0
ERP-005143,2025-06,2025-06-03 15:29:01,COGS - Materials,Finance,Manual,R. Almeida,Financial Controller,T. Nakamura,25000,2672.98,2672.98,0,0,0,0,0,0,0,0,0,0,0
ERP-005145,2025-06,2025-06-23 14:17:18,Salaries & Wages,Sales,Manual,T. Nakamura,Senior Accountant,X. Ferreira,5000,1228.52,1228.52,0,0,0,0,0,0,0,0,0,0,0
ERP-005149,2025-06,2025-06-17 11:01:34,Accounts Receivable,IT,Manual,V. Adeyemi,Staff Accountant,U. Brennan,25000,801.52,801.52,0,0,0,0,0,0,0,0,0,0,0
ERP-005157,2025-06,2025-06-09 14:15:32,Marketing,Operations,Manual,X. Ferreira,AP Specialist,W. Lindgren,10000,8411.41,8411.41,0,0,0,0,0,0,0,0,0,0,0
ERP-005161,2025-06,2025-06-22 15:13:00,Marketing,Supply Chain,Manual,X. Ferreira,AP Specialist,R. Almeida,250000,234.83,234.83,0,0,0,0,0,0,0,1,0,0,0
ERP-005165,2025-06,2025-06-23 16:43:26,COGS - Materials,Sales,Manual,S. Kowalski,Assistant Controller,R. Almeida,250000,2190.42,2190.42,0,0,0,0,0,0,0,0,0,0,0
ERP-005168,2025-06,2025-06-18 11:44:53,Marketing,Finance,Manual,V. Adeyemi,Staff Accountant,R. Almeida,250000,480.93,480.93,0,0,0,0,0,0,0,0,0,0,0
ERP-005172,2025-06,2025-06-12 14:59:19,COGS - Freight,Supply Chain,Manual,V. Adeyemi,Staff Accountant,T. Nakamura,25000,624.58,624.58,0,0,0,0,0,0,0,0,0,0,0
ERP-005187,2025-06,2025-06-10 09:26:07,Product Revenue,Finance,Manual,W. Lindgren,Staff Accountant,U. Brennan,25000,-1064.5,1064.5,0,0,0,0,0,0,0,0,0,0,0
ERP-005188,2025-06,2025-06-21 11:35:43,Product Revenue,Sales,Manual,U. Brennan,Senior Accountant,W. Lindgren,10000,-653.08,653.08,0,0,0,0,0,0,0,1,0,0,0
ERP-005199,2025-06,2025-06-03 09:20:08,Service Revenue,Marketing,Manual,U. Brennan,Senior Accountant,Y. Volkov,5000,-2791.84,2791.84,0,0,0,0,0,0,0,0,0,0,0
ERP-005219,2025-06,2025-06-16 14:48:09,Accounts Payable,Sales,Manual,U. Brennan,Senior Accountant,T. Nakamura,25000,-431.86,431.86,0,0,0,0,0,0,0,0,0,0,0
ERP-005227,2025-06,2025-06-22 08:14:32,Service Revenue,IT,Manual,S. Kowalski,Assistant Controller,Y. Volkov,5000,-1740.02,1740.02,0,0,0,0,0,0,0,1,0,0,0
ERP-005232,2025-06,2025-06-23 12:53:51,Service Revenue,Operations,Manual,T. Nakamura,Senior Accountant,R. Almeida,250000,-694.16,694.16,0,0,0,0,0,0,0,0,0,0,0
ERP-005233,2025-06,2025-06-10 11:19:33,Accounts Payable,IT,Manual,U. Brennan,Senior Accountant,W. Lindgren,10000,-819.01,819.01,0,0,0,0,0,0,0,0,0,0,0
ERP-005234,2025-06,2025-06-06 17:08:44,Accounts Payable,Finance,Manual,X. Ferreira,AP Specialist,V. Adeyemi,10000,-305.46,305.46,0,0,0,0,0,0,0,0,0,0,0
ERP-005238,2025-06,2025-06-05 11:43:00,Accounts Receivable,Sales,Manual,V. Adeyemi,Staff Accountant,T. Nakamura,25000,789.35,789.35,0,0,0,0,0,0,0,0,0,0,0
ERP-005239,2025-06,2025-06-08 11:52:06,Salaries & Wages,Finance,Manual,Z. Osei,FP&A Analyst,W. Lindgren,10000,2409.61,2409.61,0,0,0,0,0,0,0,1,0,0,0
ERP-005240,2025-06,2025-06-12 08:28:52,Product Revenue,IT,Manual,S. Kowalski,Assistant Controller,Y. Volkov,5000,-2276.56,2276.56,0,0,0,0,0,0,0,0,0,0,0
ERP-005254,2025-06,2025-06-17 13:32:37,COGS - Freight,Operations,Manual,W. Lindgren,Staff Accountant,V. Adeyemi,10000,3142.01,3142.01,0,0,0,0,0,0,0,0,0,0,0
ERP-005260,2025-06,2025-06-17 09:01:04,Marketing,Supply Chain,Manual,S. Kowalski,Assistant Controller,Y. Volkov,5000,1537.23,1537.23,0,0,0,0,0,0,0,0,0,0,0
ERP-005265,2025-06,2025-06-09 17:12:36,Marketing,IT,Manual,X. Ferreira,AP Specialist,U. Brennan,25000,893.94,893.94,0,0,0,0,0,0,0,0,0,0,0
ERP-005268,2025-06,2025-06-11 15:35:35,Accounts Payable,Finance,Manual,Z. Osei,FP&A Analyst,X. Ferreira,5000,-3017.55,3017.55,0,0,0,0,0,0,0,0,0,0,0
ERP-005270,2025-06,2025-06-18 16:57:01,Product Revenue,IT,Manual,R. Almeida,Financial Controller,V. Adeyemi,10000,-6904.15,6904.15,0,0,0,0,0,0,0,0,0,0,0
ERP-005273,2025-06,2025-06-04 17:06:24,COGS - Materials,Sales,Manual,U. Brennan,Senior Accountant,W. Lindgren,10000,1468.36,1468.36,0,0,0,0,0,0,0,0,0,0,0
ERP-005274,2025-06,2025-06-06 11:36:05,Accounts Receivable,Supply Chain,Manual,R. Almeida,Financial Controller,U. Brennan,25000,988.88,988.88,0,0,0,0,0,0,0,0,0,0,0
ERP-005277,2025-06,2025-06-12 09:56:24,COGS - Materials,Sales,Manual,R. Almeida,Financial Controller,S. Kowalski,100000,3212.48,3212.48,0,0,0,0,0,0,0,0,0,0,0
ERP-005284,2025-06,2025-06-25 10:14:26,IT & Software,Operations,Manual,Y. Volkov,AR Specialist,V. Adeyemi,10000,1104.93,1104.93,0,0,0,0,0,0,0,0,0,0,0
ERP-005293,2025-06,2025-06-12 16:59:04,COGS - Freight,Marketing,Manual,Z. Osei,FP&A Analyst,U. Brennan,25000,4467.99,4467.99,0,0,0,0,0,0,0,0,0,0,0
ERP-005295,2025-06,2025-06-13 14:19:49,Accounts Receivable,Marketing,Manual,Y. Volkov,AR Specialist,W. Lindgren,10000,1063.34,1063.34,0,0,0,0,0,0,0,0,0,0,0
ERP-005302,2025-06,2025-06-08 17:20:56,COGS - Freight,Supply Chain,Manual,T. Nakamura,Senior Accountant,S. Kowalski,100000,1441.23,1441.23,0,0,0,0,0,0,0,1,0,0,0
ERP-005308,2025-06,2025-06-24 17:08:26,COGS - Materials,IT,Manual,U. Brennan,Senior Accountant,W. Lindgren,10000,2677.98,2677.98,0,0,0,0,0,0,0,0,0,0,0
ERP-005317,2025-06,2025-06-01 08:33:57,COGS - Freight,Finance,Manual,T. Nakamura,Senior Accountant,R. Almeida,250000,440.5,440.5,0,0,0,0,0,0,0,1,0,0,0
ERP-005341,2025-06,2025-06-13 14:15:11,IT & Software,Sales,Manual,W. Lindgren,Staff Accountant,R. Almeida,250000,3098.26,3098.26,0,0,0,0,0,0,0,0,0,0,0
ERP-005350,2025-06,2025-06-24 14:01:37,Accounts Receivable,IT,Manual,R. Almeida,Financial Controller,T. Nakamura,25000,1750.02,1750.02,0,0,0,0,0,0,0,0,0,0,0
ERP-005356,2025-06,2025-06-11 12:58:56,Product Revenue,Marketing,Manual,R. Almeida,Financial Controller,T. Nakamura,25000,-1718.06,1718.06,0,0,0,0,0,0,0,0,0,0,0
ERP-005360,2025-06,2025-06-09 13:39:00,Rent & Facilities,Supply Chain,Manual,W. Lindgren,Staff Accountant,S. Kowalski,100000,2381.65,2381.65,0,0,0,0,0,0,0,0,0,0,0
ERP-005370,2025-06,2025-06-23 10:33:15,IT & Software,IT,Manual,V. Adeyemi,Staff Accountant,S. Kowalski,100000,3449.26,3449.26,0,0,0,0,0,0,0,0,0,0,0
ERP-005400,2025-06,2025-06-07 17:06:00,IT & Software,Supply Chain,Manual,U. Brennan,Senior Accountant,Y. Volkov,5000,3209.3,3209.3,0,0,0,0,0,0,0,1,0,0,0
