transaction_id,period,journal_source,posted_by,approved_by,posted_timestamp,posting_hour,is_weekend,days_from_period_end,control_amount,is_reversal
ERP-000001,2025-01,Manual,U006,U008,2025-01-16 01:42:58,1,0,-15,1188.92,0
ERP-000002,2025-01,Manual,U009,U008,2025-01-03 22:07:37,22,0,-28,4509.42,0
ERP-000003,2025-01,Interface,U010,U001,2025-01-29 02:26:48,2,0,-2,-25243.73,0
ERP-000004,2025-01,Manual,U007,U003,2025-01-05 10:54:37,10,1,-26,1208.84,0
ERP-000005,2025-01,Interface,U010,U001,2025-01-12 23:11:11,23,1,-19,-1885.11,1
ERP-000006,2025-01,Recurring,U011,U001,2025-01-28 02:35:13,2,0,-3,-219.81,0
ERP-000007,2025-01,Interface,U010,U001,2025-01-31 23:42:34,23,0,0,16097.21,0
ERP-000008,2025-01,Interface,U010,U001,2025-01-29 03:53:48,3,0,-2,-884.2,0
ERP-000009,2025-01,Manual,U005,U006,2025-01-03 15:51:33,15,0,-28,-2667.63,0
ERP-000010,2025-01,Interface,U010,U001,2025-01-21 22:05:20,22,0,-10,2390.85,0
ERP-000011,2025-01,Interface,U010,U001,2025-01-15 22:01:44,22,0,-16,3306.41,0
ERP-000012,2025-01,Recurring,U011,U001,2025-01-29 22:47:35,22,0,-2,-3805.84,0
ERP-000013,2025-01,Interface,U010,U001,2025-01-05 04:09:45,4,1,-26,1881.55,0
ERP-000014,2025-01,Manual,U009,U001,2025-01-03 12:47:32,12,0,-28,1023.26,0
ERP-000015,2025-01,Manual,U006,U001,2025-01-26 11:48:18,11,1,-5,2672.72,0
ERP-000016,2025-01,Interface,U010,U001,2025-01-29 04:04:34,4,0,-2,5105.78,0
ERP-000017,2025-01,Manual,U001,U004,2025-01-15 11:20:07,11,0,-16,5221.92,0
ERP-000018,2025-01,Recurring,U011,U001,2025-01-04 02:28:29,2,1,-27,2470.07,0
ERP-000019,2025-01,Interface,U010,U001,2025-01-25 04:10:39,4,1,-6,9066.01,0
ERP-000020,2025-01,Interface,U010,U001,2025-01-14 02:19:34,2,0,-17,1582.33,0
ERP-000021,2025-01,Manual,U008,U003,2025-01-25 13:58:22,13,1,-6,565.81,0
ERP-000022,2025-01,Recurring,U011,U001,2025-01-08 23:40:22,23,0,-23,2593.75,0
ERP-000023,2025-01,Interface,U010,U001,2025-01-02 02:04:08,2,0,-29,-2516.81,0
ERP-000024,2025-01,Manual,U003,U003,2025-01-28 17:38:23,17,0,-3,6913.63,0
ERP-000025,2025-01,Recurring,U011,U001,2025-01-17 03:28:35,3,0,-14,1662.17,0
ERP-000026,2025-01,Interface,U010,U001,2025-01-23 23:44:38,23,0,-8,1890.42,0
ERP-000027,2025-01,Interface,U010,U001,2025-01-24 04:48:55,4,0,-7,1049.13,0
ERP-000028,2025-01,Interface,U010,U001,2025-01-16 23:55:24,23,0,-15,723.36,0
ERP-000029,2025-01,Interface,U010,U001,2025-01-19 22:14:34,22,1,-12,1844.88,0
ERP-000030,2025-01,Interface,U010,U001,2025-01-23 04:12:31,4,0,-8,673.78,0
ERP-000031,2025-01,Manual,U005,U001,2025-01-06 13:46:33,13,0,-25,-2595.86,0
ERP-000032,2025-01,Interface,U010,U001,2025-01-14 23:00:56,23,0,-17,879.32,0
ERP-000033,2025-01,Interface,U010,U001,2025-01-19 03:57:13,3,1,-12,-1041.7,0
ERP-000034,2025-01,Interface,U010,U001,2025-01-09 22:55:56,22,0,-22,9734.48,0
ERP-000035,2025-01,Recurring,U011,U001,2025-01-14 02:11:39,2,0,-17,-1024.9,0
ERP-000036,2025-01,Interface,U010,U001,2025-01-27 04:33:05,4,0,-4,2540.4,0
ERP-000037,2025-01,Recurring,U011,U001,2025-01-19 03:01:59,3,1,-12,1477.38,0
ERP-000038,2025-01,Manual,U003,U001,2025-01-09 12:22:32,12,0,-22,788.11,0
ERP-000039,2025-01,Manual,U005,U003,2025-01-12 10:37:44,10,1,-19,-1817.13,0
ERP-000040,2025-01,Interface,U010,U001,2025-01-09 02:13:26,2,0,-22,-1642.7,0
ERP-000041,2025-01,Manual,U005,U001,2025-01-08 17:38:43,17,0,-23,-4942.95,0
ERP-000042,2025-01,Interface,U010,U001,2025-01-28 23:19:13,23,0,-3,-295.95,0
ERP-000043,2025-01,Manual,U002,U008,2025-01-30 12:01:24,12,0,-1,-1037.05,0
ERP-000044,2025-01,Manual,U009,U005,2025-01-28 12:18:25,12,0,-3,1440.5,0
ERP-000045,2025-01,Interface,U010,U001,2025-01-20 02:11:45,2,0,-11,-1445.37,0
ERP-000046,2025-01,Interface,U010,U001,2025-01-20 03:27:19,3,0,-11,145.39,0
ERP-000047,2025-01,Interface,U010,U001,2025-01-11 23:00:34,23,1,-20,-1893.45,0
ERP-000048,2025-01,Recurring,U011,U001,2025-01-17 22:02:12,22,0,-14,-825.16,0
ERP-000049,2025-01,Interface,U010,U001,2025-01-01 22:37:31,22,0,-30,1774.65,0
ERP-000050,2025-01,Manual,U001,U006,2025-01-05 17:23:43,17,1,-26,-3273.82,0
ERP-000051,2025-01,Recurring,U011,U001,2025-01-11 23:34:12,23,1,-20,682.97,0
ERP-000052,2025-01,Interface,U010,U001,2025-01-31 04:59:06,4,0,0,1318.34,0
ERP-000053,2025-01,Interface,U010,U001,2025-01-18 03:33:00,3,1,-13,-576.68,0
ERP-000054,2025-01,Recurring,U011,U001,2025-01-24 23:46:54,23,0,-7,209.87,1
ERP-000055,2025-01,Manual,U002,U007,2025-01-16 01:39:43,1,0,-15,-1564.7,0
ERP-000056,2025-01,Interface,U010,U001,2025-01-17 02:05:11,2,0,-14,4599.98,0
ERP-000057,2025-01,Interface,U010,U001,2025-01-08 04:45:06,4,0,-23,529.19,0
ERP-000058,2025-01,Manual,U006,U003,2025-01-26 15:58:52,15,1,-5,1290.8,0
ERP-000059,2025-01,Recurring,U011,U001,2025-01-02 23:27:57,23,0,-29,-1605.54,0
ERP-000060,2025-01,Interface,U010,U001,2025-01-05 03:57:06,3,1,-26,-815.46,0
ERP-000061,2025-01,Interface,U010,U001,2025-01-18 22:06:14,22,1,-13,4815.19,0
ERP-000062,2025-01,Interface,U010,U001,2025-01-11 03:37:03,3,1,-20,11161.25,0
ERP-000063,2025-01,Interface,U010,U001,2025-01-11 02:55:11,2,1,-20,757.44,0
ERP-000064,2025-01,Manual,U004,U006,2025-01-20 16:06:36,16,0,-11,466.89,0
ERP-000065,2025-01,Manual,U007,U008,2025-01-26 12:16:29,12,1,-5,2517.39,0
ERP-000066,2025-01,Interface,U010,U001,2025-01-02 03:35:16,3,0,-29,682.79,0
ERP-000067,2025-01,Recurring,U011,U001,2025-01-13 04:10:30,4,0,-18,1000.22,0
ERP-000068,2025-01,Recurring,U011,U001,2025-01-17 23:10:18,23,0,-14,-3660.04,0
ERP-000069,2025-01,Interface,U010,U001,2025-01-05 03:21:13,3,1,-26,1034.8,0
ERP-000070,2025-01,Interface,U010,U001,2025-01-17 04:12:42,4,0,-14,1564.99,0
ERP-000071,2025-01,Interface,U010,U001,2025-01-30 02:39:43,2,0,-1,-901.69,0
ERP-000072,2025-01,Recurring,U011,U001,2025-01-17 23:17:39,23,0,-14,3516.95,0
ERP-000073,2025-01,Recurring,U011,U001,2025-01-06 22:22:21,22,0,-25,-7319.73,0
ERP-000074,2025-01,Interface,U010,U001,2025-01-24 04:50:12,4,0,-7,-213.4,0
ERP-000075,2025-01,Recurring,U011,U001,2025-01-31 23:24:49,23,0,0,824.64,0
ERP-000076,2025-01,Interface,U010,U001,2025-01-23 22:36:22,22,0,-8,-5188.64,0
ERP-000077,2025-01,Interface,U010,U001,2025-01-09 22:14:32,22,0,-22,-11984.82,0
ERP-000078,2025-01,Interface,U010,U001,2025-01-29 22:36:15,22,0,-2,261.69,0
ERP-000079,2025-01,Interface,U010,U001,2025-01-08 02:36:17,2,0,-23,1497.99,0
ERP-000080,2025-01,Interface,U010,U001,2025-01-18 23:50:34,23,1,-13,7739.12,0
ERP-000081,2025-01,Manual,U008,U002,2025-01-01 15:18:13,15,0,-30,1728.48,0
ERP-000082,2025-01,Interface,U010,U001,2025-01-07 03:06:18,3,0,-24,2217.75,0
ERP-000083,2025-01,Manual,U001,U003,2025-01-02 05:01:23,5,0,-29,-2119.79,0
ERP-000084,2025-01,Manual,U001,U003,2025-01-25 23:34:46,23,1,-6,-4129.57,0
ERP-000085,2025-01,Manual,U004,U005,2025-01-27 16:23:41,16,0,-4,1712.93,0
ERP-000086,2025-01,Interface,U010,U001,2025-01-18 02:55:32,2,1,-13,3612.13,0
ERP-000087,2025-01,Interface,U010,U001,2025-01-29 04:33:18,4,0,-2,-1123.93,0
ERP-000088,2025-01,Manual,U003,U007,2025-01-07 10:47:28,10,0,-24,6083.47,0
ERP-000089,2025-01,Interface,U010,U001,2025-01-25 04:22:51,4,1,-6,-102.51,0
ERP-000090,2025-01,Interface,U010,U001,2025-01-30 23:12:39,23,0,-1,2156.81,0
ERP-000091,2025-01,Manual,U006,U003,2025-01-07 15:31:51,15,0,-24,634.74,0
ERP-000092,2025-01,Recurring,U011,U001,2025-01-03 03:45:57,3,0,-28,-1736.96,0
ERP-000093,2025-01,Recurring,U011,U001,2025-01-28 02:37:09,2,0,-3,-4892.39,0
ERP-000094,2025-01,Interface,U010,U001,2025-01-14 02:59:47,2,0,-17,-2278.57,0
ERP-000095,2025-01,Manual,U002,U001,2025-01-22 15:57:29,15,0,-9,-657.39,0
ERP-000096,2025-01,Interface,U010,U001,2025-01-22 03:14:59,3,0,-9,436.81,0
ERP-000097,2025-01,Manual,U004,U001,2025-01-22 15:24:14,15,0,-9,2981.53,0
ERP-000098,2025-01,Manual,U005,U006,2025-01-13 12:38:30,12,0,-18,6251.25,0
ERP-000099,2025-01,Interface,U010,U001,2025-01-10 03:39:32,3,0,-21,1800.82,0
ERP-000100,2025-01,Recurring,U011,U001,2025-01-21 03:59:48,3,0,-10,1799.55,0
ERP-000101,2025-01,Manual,U008,U002,2025-01-16 15:42:02,15,0,-15,-3091.43,0
ERP-000102,2025-01,Interface,U010,U001,2025-01-04 03:22:38,3,1,-27,236.71,0
ERP-000103,2025-01,Interface,U010,U001,2025-01-08 03:24:32,3,0,-23,2328.62,1
ERP-000104,2025-01,Manual,U008,U001,2025-01-13 08:32:53,8,0,-18,1138.62,0
ERP-000105,2025-01,Interface,U010,U001,2025-01-11 22:26:49,22,1,-20,2972.7,0
ERP-000106,2025-01,Manual,U008,U005,2025-01-24 10:39:23,10,0,-7,1694.04,0
ERP-000107,2025-01,Interface,U010,U001,2025-01-21 02:46:36,2,0,-10,495.32,0
ERP-000108,2025-01,Interface,U010,U001,2025-01-21 22:11:44,22,0,-10,-389.23,0
ERP-000109,2025-01,Manual,U001,U004,2025-01-05 12:41:41,12,1,-26,5929.7,0
ERP-000110,2025-01,Recurring,U011,U001,2025-01-17 04:40:59,4,0,-14,461.94,1
ERP-000111,2025-01,Interface,U010,U001,2025-01-01 02:52:31,2,0,-30,7193.24,0
ERP-000112,2025-01,Interface,U010,U001,2025-01-31 03:38:57,3,0,0,572.1,0
ERP-000113,2025-01,Interface,U010,U001,2025-01-12 22:54:45,22,1,-19,-3244.6,0
ERP-000114,2025-01,Interface,U010,U001,2025-01-13 22:36:59,22,0,-18,1525.19,0
ERP-000115,2025-01,Interface,U010,U001,2025-01-14 04:42:04,4,0,-17,4013.85,0
ERP-000116,2025-01,Manual,U002,U001,2025-01-13 16:09:16,16,0,-18,2378.88,0
ERP-000117,2025-01,Manual,U002,U004,2025-01-25 08:23:34,8,1,-6,1764.34,0
ERP-000118,2025-01,Interface,U010,U001,2025-01-05 04:36:06,4,1,-26,3466.54,0
ERP-000119,2025-01,Interface,U010,U001,2025-01-21 04:54:58,4,0,-10,545.69,0
ERP-000120,2025-01,Interface,U010,U001,2025-01-01 22:39:05,22,0,-30,-278.39,0
ERP-000121,2025-01,Recurring,U011,U001,2025-01-05 23:25:31,23,1,-26,5495.01,0
ERP-000122,2025-01,Interface,U010,U001,2025-01-13 03:38:02,3,0,-18,-1532.42,0
ERP-000123,2025-01,Manual,U006,U005,2025-01-01 13:08:57,13,0,-30,14234.62,0
ERP-000124,2025-01,Recurring,U011,U001,2025-01-31 22:02:02,22,0,0,1818.34,0
ERP-000125,2025-01,Manual,U002,U001,2025-01-12 14:48:59,14,1,-19,-4766.55,1
ERP-000126,2025-01,Manual,U008,U001,2025-01-03 10:42:13,10,0,-28,685.71,0
ERP-000127,2025-01,Interface,U010,U001,2025-01-31 23:38:28,23,0,0,-1495.14,0
ERP-000128,2025-01,Manual,U007,U007,2025-01-22 11:58:13,11,0,-9,-4601.8,0
ERP-000129,2025-01,Recurring,U011,U001,2025-01-17 23:58:28,23,0,-14,4241.81,0
ERP-000130,2025-01,Interface,U010,U001,2025-01-02 22:21:35,22,0,-29,772.49,0
ERP-000131,2025-01,Recurring,U011,U001,2025-01-27 04:46:05,4,0,-4,-609.58,0
ERP-000132,2025-01,Interface,U010,U001,2025-01-22 23:45:27,23,0,-9,-4198.66,0
ERP-000133,2025-01,Manual,U005,U002,2025-01-25 14:23:38,14,1,-6,-12886.55,0
ERP-000134,2025-01,Interface,U010,U001,2025-01-15 04:49:15,4,0,-16,-956.72,0
ERP-000135,2025-01,Interface,U010,U001,2025-01-17 04:52:29,4,0,-14,765.56,0
ERP-000136,2025-01,Interface,U010,U001,2025-01-17 22:00:03,22,0,-14,-1833.17,0
ERP-000137,2025-01,Recurring,U011,U001,2025-01-04 03:40:47,3,1,-27,2426.62,0
ERP-000138,2025-01,Interface,U010,U001,2025-01-08 04:31:23,4,0,-23,312.47,0
ERP-000139,2025-01,Recurring,U011,U001,2025-01-19 02:27:55,2,1,-12,1108.98,0
ERP-000140,2025-01,Recurring,U011,U001,2025-01-12 23:23:19,23,1,-19,-2624.67,0
ERP-000141,2025-01,Manual,U006,U005,2025-01-23 17:38:18,17,0,-8,-4531.95,0
ERP-000142,2025-01,Manual,U002,U005,2025-01-22 09:44:37,9,0,-9,-984.79,0
ERP-000143,2025-01,Interface,U010,U001,2025-01-16 22:37:56,22,0,-15,359.57,0
ERP-000144,2025-01,Interface,U010,U001,2025-01-02 22:26:17,22,0,-29,-388.83,0
ERP-000145,2025-01,Interface,U010,U001,2025-01-18 22:04:26,22,1,-13,-1421.86,0
ERP-000146,2025-01,Interface,U010,U001,2025-01-19 04:12:25,4,1,-12,-2234.34,0
ERP-000147,2025-01,Interface,U010,U001,2025-01-25 04:14:22,4,1,-6,8408.47,0
ERP-000148,2025-01,Interface,U010,U001,2025-01-25 02:29:06,2,1,-6,1636.97,0
ERP-000149,2025-01,Interface,U010,U001,2025-01-13 23:44:00,23,0,-18,327.61,0
ERP-000150,2025-01,Manual,U001,U003,2025-01-20 10:18:21,10,0,-11,5236.02,0
ERP-000151,2025-01,Interface,U010,U001,2025-01-02 02:08:17,2,0,-29,-13971.4,0
ERP-000152,2025-01,Interface,U010,U001,2025-01-12 22:25:06,22,1,-19,2655.85,0
ERP-000153,2025-01,Recurring,U011,U001,2025-01-29 23:30:02,23,0,-2,3973.1,0
ERP-000154,2025-01,Manual,U008,U004,2025-01-08 11:08:35,11,0,-23,3714.84,0
ERP-000155,2025-01,Manual,U003,U003,2025-01-25 10:15:07,10,1,-6,1197.97,0
ERP-000156,2025-01,Recurring,U011,U001,2025-01-07 04:49:44,4,0,-24,-9083.16,0
ERP-000157,2025-01,Interface,U010,U001,2025-01-29 03:21:56,3,0,-2,4320.47,0
ERP-000158,2025-01,Manual,U001,U006,2025-01-02 08:13:51,8,0,-29,12509.9,0
ERP-000159,2025-01,Interface,U010,U001,2025-01-18 03:50:26,3,1,-13,-682.93,0
ERP-000160,2025-01,Interface,U010,U001,2025-01-28 02:10:56,2,0,-3,-1308.96,0
ERP-000161,2025-01,Manual,U006,U008,2025-01-26 14:08:06,14,1,-5,9920.24,0
ERP-000162,2025-01,Manual,U006,U004,2025-01-13 17:48:59,17,0,-18,431.78,0
ERP-000163,2025-01,Manual,U004,U002,2025-01-25 17:25:58,17,1,-6,2159.12,0
ERP-000164,2025-01,Interface,U010,U001,2025-01-26 02:29:06,2,1,-5,1961.27,0
ERP-000165,2025-01,Recurring,U011,U001,2025-01-04 03:58:17,3,1,-27,-2412.12,0
ERP-000166,2025-01,Manual,U003,U003,2025-01-10 17:13:32,17,0,-21,-792.61,0
ERP-000167,2025-01,Interface,U010,U001,2025-01-19 02:02:34,2,1,-12,6095.49,0
ERP-000168,2025-01,Interface,U010,U001,2025-01-14 22:43:34,22,0,-17,403.57,0
ERP-000169,2025-01,Interface,U010,U001,2025-01-31 02:10:02,2,0,0,3783.01,0
ERP-000170,2025-01,Interface,U010,U001,2025-01-30 03:56:24,3,0,-1,-28252.84,0
ERP-000171,2025-01,Interface,U010,U001,2025-01-15 02:53:53,2,0,-16,464.5,0
ERP-000172,2025-01,Interface,U010,U001,2025-01-24 04:43:25,4,0,-7,-1466.1,0
ERP-000173,2025-01,Manual,U002,U004,2025-01-05 15:56:12,15,1,-26,529.52,0
ERP-000174,2025-01,Manual,U001,U008,2025-01-24 09:47:15,9,0,-7,9526.07,0
ERP-000175,2025-01,Recurring,U011,U001,2025-01-23 22:04:35,22,0,-8,639.39,0
ERP-000176,2025-01,Interface,U010,U001,2025-01-10 04:39:52,4,0,-21,-6124.69,0
ERP-000177,2025-01,Interface,U010,U001,2025-01-01 23:30:51,23,0,-30,6868.23,0
ERP-000178,2025-01,Interface,U010,U001,2025-01-25 04:02:50,4,1,-6,345.17,0
ERP-000179,2025-01,Recurring,U011,U001,2025-01-11 03:36:11,3,1,-20,3785.89,0
ERP-000180,2025-01,Manual,U002,U008,2025-01-29 15:42:44,15,0,-2,2135.77,0
ERP-000181,2025-01,Recurring,U011,U001,2025-01-13 02:05:58,2,0,-18,-990.55,0
ERP-000182,2025-01,Manual,U002,U003,2025-01-31 22:53:30,22,0,0,722.47,0
ERP-000183,2025-01,Interface,U010,U001,2025-01-18 04:19:03,4,1,-13,227.22,0
ERP-000184,2025-01,Interface,U010,U001,2025-01-20 23:58:21,23,0,-11,388.42,0
ERP-000185,2025-01,Manual,U002,U003,2025-01-24 17:42:28,17,0,-7,-2213.59,0
ERP-000186,2025-01,Interface,U010,U001,2025-01-15 02:24:04,2,0,-16,-1786.38,0
ERP-000187,2025-01,Interface,U010,U001,2025-01-17 23:43:53,23,0,-14,233.69,0
ERP-000188,2025-01,Interface,U010,U001,2025-01-17 22:54:15,22,0,-14,3307.73,0
ERP-000189,2025-01,Manual,U006,U004,2025-01-20 16:15:14,16,0,-11,-7515.92,0
ERP-000190,2025-01,Interface,U010,U001,2025-01-15 02:30:58,2,0,-16,184.15,1
ERP-000191,2025-01,Manual,U007,U006,2025-01-20 08:44:26,8,0,-11,816.73,0
ERP-000192,2025-01,Interface,U010,U001,2025-01-21 22:21:52,22,0,-10,-433.64,0
ERP-000193,2025-01,Interface,U010,U001,2025-01-14 04:10:27,4,0,-17,1267.27,0
ERP-000194,2025-01,Manual,U001,U004,2025-01-14 10:01:56,10,0,-17,1574.87,0
ERP-000195,2025-01,Manual,U008,U002,2025-01-13 22:12:08,22,0,-18,2016.72,0
ERP-000196,2025-01,Interface,U010,U001,2025-01-19 03:33:54,3,1,-12,-3264.63,0
ERP-000197,2025-01,Interface,U010,U001,2025-01-31 03:48:14,3,0,0,148.92,0
ERP-000198,2025-01,Manual,U005,U001,2025-01-03 11:00:42,11,0,-28,733.29,0
ERP-000199,2025-01,Interface,U010,U001,2025-01-30 22:14:10,22,0,-1,-2930.71,0
ERP-000200,2025-01,Interface,U010,U001,2025-01-14 03:27:28,3,0,-17,-1425.6,0
ERP-000201,2025-01,Interface,U010,U001,2025-01-07 04:26:28,4,0,-24,857.73,0
ERP-000202,2025-01,Interface,U010,U001,2025-01-17 03:01:22,3,0,-14,-1522.75,0
ERP-000203,2025-01,Recurring,U011,U001,2025-01-13 04:00:29,4,0,-18,16926.69,0
ERP-000204,2025-01,Recurring,U011,U001,2025-01-24 03:56:02,3,0,-7,2056.52,0
ERP-000205,2025-01,Interface,U010,U001,2025-01-09 02:10:57,2,0,-22,788.13,0
ERP-000206,2025-01,Recurring,U011,U001,2025-01-11 04:40:38,4,1,-20,-1450.22,0
ERP-000207,2025-01,Manual,U009,U004,2025-01-11 15:13:42,15,1,-20,2578.77,0
ERP-000208,2025-01,Interface,U010,U001,2025-01-21 22:14:25,22,0,-10,2334.76,0
ERP-000209,2025-01,Interface,U010,U001,2025-01-05 02:38:44,2,1,-26,1540.07,0
ERP-000210,2025-01,Manual,U007,U004,2025-01-05 11:27:34,11,1,-26,1154.19,0
ERP-000211,2025-01,Interface,U010,U001,2025-01-13 04:10:07,4,0,-18,228.53,0
ERP-000212,2025-01,Manual,U008,U004,2025-01-21 11:32:04,11,0,-10,2081.16,0
ERP-000213,2025-01,Manual,U008,U004,2025-01-11 09:19:23,9,1,-20,6110.22,0
ERP-000214,2025-01,Recurring,U011,U001,2025-01-04 23:34:19,23,1,-27,621.8,0
ERP-000215,2025-01,Interface,U010,U001,2025-01-18 04:14:32,4,1,-13,2849.2,0
ERP-000216,2025-01,Recurring,U011,U001,2025-01-14 02:09:17,2,0,-17,-1152.67,0
ERP-000217,2025-01,Manual,U002,U001,2025-01-20 17:43:53,17,0,-11,-1391.0,0
ERP-000218,2025-01,Recurring,U011,U001,2025-01-16 22:14:17,22,0,-15,316.77,0
ERP-000219,2025-01,Interface,U010,U001,2025-01-02 22:28:51,22,0,-29,849.07,0
ERP-000220,2025-01,Interface,U010,U001,2025-01-24 02:27:29,2,0,-7,4671.65,0
ERP-000221,2025-01,Interface,U010,U001,2025-01-26 23:14:05,23,1,-5,-525.71,0
ERP-000222,2025-01,Manual,U003,U005,2025-01-13 15:14:43,15,0,-18,2615.94,0
ERP-000223,2025-01,Interface,U010,U001,2025-01-08 03:21:21,3,0,-23,4417.44,0
ERP-000224,2025-01,Interface,U010,U001,2025-01-23 02:18:19,2,0,-8,12307.91,0
ERP-000225,2025-01,Manual,U003,U003,2025-01-07 12:53:14,12,0,-24,469.79,0
ERP-000226,2025-01,Interface,U010,U001,2025-01-15 04:05:47,4,0,-16,1867.47,0
ERP-000227,2025-01,Interface,U010,U001,2025-01-31 04:26:12,4,0,0,4428.07,0
ERP-000228,2025-01,Interface,U010,U001,2025-01-04 02:14:12,2,1,-27,397.59,0
ERP-000229,2025-01,Interface,U010,U001,2025-01-13 03:47:18,3,0,-18,-1743.3,0
ERP-000230,2025-01,Interface,U010,U001,2025-01-27 22:30:42,22,0,-4,12515.29,0
ERP-000231,2025-01,Interface,U010,U001,2025-01-16 22:41:11,22,0,-15,-1544.37,0
ERP-000232,2025-01,Manual,U002,U005,2025-01-26 08:16:10,8,1,-5,579.67,0
ERP-000233,2025-01,Interface,U010,U001,2025-01-20 23:10:04,23,0,-11,-4806.82,0
ERP-000234,2025-01,Interface,U010,U001,2025-01-02 23:48:38,23,0,-29,5045.09,0
ERP-000235,2025-01,Interface,U010,U001,2025-01-21 22:50:17,22,0,-10,-923.95,0
ERP-000236,2025-01,Manual,U001,U003,2025-01-21 09:40:00,9,0,-10,-5584.72,0
ERP-000237,2025-01,Interface,U010,U001,2025-01-24 23:51:03,23,0,-7,-8659.21,0
ERP-000238,2025-01,Interface,U010,U001,2025-01-18 04:23:11,4,1,-13,-4584.72,0
ERP-000239,2025-01,Interface,U010,U001,2025-01-01 22:57:45,22,0,-30,2365.1,0
ERP-000240,2025-01,Manual,U004,U003,2025-01-04 23:49:42,23,1,-27,1647.56,0
ERP-000241,2025-01,Interface,U010,U001,2025-01-16 22:42:57,22,0,-15,10426.58,0
ERP-000242,2025-01,Interface,U010,U001,2025-01-23 03:32:58,3,0,-8,704.19,0
ERP-000243,2025-01,Manual,U008,U002,2025-01-06 12:47:32,12,0,-25,1910.98,0
ERP-000244,2025-01,Interface,U010,U001,2025-01-10 04:19:38,4,0,-21,-13854.54,0
ERP-000245,2025-01,Manual,U008,U003,2025-01-21 16:47:10,16,0,-10,4065.62,0
ERP-000246,2025-01,Interface,U010,U001,2025-01-08 04:07:08,4,0,-23,2639.72,0
ERP-000247,2025-01,Manual,U001,U008,2025-01-11 11:54:40,11,1,-20,-4774.69,0
ERP-000248,2025-01,Manual,U009,U002,2025-01-03 06:07:36,6,0,-28,758.59,0
ERP-000249,2025-01,Interface,U010,U001,2025-01-20 02:39:28,2,0,-11,1329.02,0
ERP-000250,2025-01,Recurring,U011,U001,2025-01-04 02:41:18,2,1,-27,-2407.7,0
ERP-000251,2025-01,Interface,U010,U001,2025-01-10 23:10:40,23,0,-21,-27983.03,0
ERP-000252,2025-01,Recurring,U011,U001,2025-01-16 02:34:10,2,0,-15,-2455.37,0
ERP-000253,2025-01,Recurring,U011,U001,2025-01-17 03:58:35,3,0,-14,-2195.58,0
ERP-000254,2025-01,Manual,U005,U005,2025-01-01 09:49:25,9,0,-30,610.77,0
ERP-000255,2025-01,Manual,U005,U001,2025-01-18 08:30:55,8,1,-13,8502.18,0
ERP-000256,2025-01,Recurring,U011,U001,2025-01-11 04:34:18,4,1,-20,-5711.91,0
ERP-000257,2025-01,Interface,U010,U001,2025-01-21 02:22:16,2,0,-10,3151.11,0
ERP-000258,2025-01,Interface,U010,U001,2025-01-10 03:43:44,3,0,-21,2300.08,0
ERP-000259,2025-01,Interface,U010,U001,2025-01-16 04:48:53,4,0,-15,-5009.9,0
ERP-000260,2025-01,Interface,U010,U001,2025-01-31 03:15:19,3,0,0,447.11,0
ERP-000261,2025-01,Recurring,U011,U001,2025-01-20 03:45:01,3,0,-11,-1565.66,0
ERP-000262,2025-01,Interface,U010,U001,2025-01-23 22:16:18,22,0,-8,-1097.89,0
ERP-000263,2025-01,Manual,U005,U006,2025-01-10 17:07:31,17,0,-21,-4774.76,0
ERP-000264,2025-01,Interface,U010,U001,2025-01-17 02:04:32,2,0,-14,1320.34,0
ERP-000265,2025-01,Interface,U010,U001,2025-01-30 04:09:25,4,0,-1,-1269.71,0
ERP-000266,2025-01,Manual,U006,U008,2025-01-14 12:47:48,12,0,-17,-45104.57,0
ERP-000267,2025-01,Recurring,U011,U001,2025-01-31 23:23:12,23,0,0,982.31,0
ERP-000268,2025-01,Interface,U010,U001,2025-01-06 03:01:02,3,0,-25,1927.68,0
ERP-000269,2025-01,Interface,U010,U001,2025-01-13 22:44:10,22,0,-18,6031.33,0
ERP-000270,2025-01,Interface,U010,U001,2025-01-07 04:47:05,4,0,-24,2228.58,0
ERP-000271,2025-01,Manual,U007,U001,2025-01-01 09:52:37,9,0,-30,2058.46,0
ERP-000272,2025-01,Interface,U010,U001,2025-01-30 22:02:51,22,0,-1,3576.55,0
ERP-000273,2025-01,Interface,U010,U001,2025-01-23 23:25:53,23,0,-8,-1234.3,0
ERP-000274,2025-01,Manual,U005,U002,2025-01-10 15:37:25,15,0,-21,-4874.46,0
ERP-000275,2025-01,Manual,U002,U006,2025-01-20 08:33:53,8,0,-11,-1848.56,0
ERP-000276,2025-01,Interface,U010,U001,2025-01-27 02:20:47,2,0,-4,6037.57,0
ERP-000277,2025-01,Interface,U010,U001,2025-01-21 04:12:52,4,0,-10,-673.2,0
ERP-000278,2025-01,Interface,U010,U001,2025-01-13 03:29:14,3,0,-18,2279.42,0
ERP-000279,2025-01,Manual,U004,U001,2025-01-05 11:47:51,11,1,-26,594.68,0
ERP-000280,2025-01,Interface,U010,U001,2025-01-09 23:30:57,23,0,-22,-493.95,0
ERP-000281,2025-01,Recurring,U011,U001,2025-01-23 23:42:56,23,0,-8,-550.26,0
ERP-000282,2025-01,Interface,U010,U001,2025-01-06 02:42:53,2,0,-25,14163.75,0
ERP-000283,2025-01,Interface,U010,U001,2025-01-14 02:00:40,2,0,-17,911.83,0
ERP-000284,2025-01,Recurring,U011,U001,2025-01-13 04:08:57,4,0,-18,2857.85,1
ERP-000285,2025-01,Interface,U010,U001,2025-01-22 22:26:33,22,0,-9,1929.88,0
ERP-000286,2025-01,Interface,U010,U001,2025-01-12 22:58:03,22,1,-19,1294.61,0
ERP-000287,2025-01,Interface,U010,U001,2025-01-10 23:15:20,23,0,-21,430.31,0
ERP-000288,2025-01,Interface,U010,U001,2025-01-13 23:35:45,23,0,-18,-342.02,0
ERP-000289,2025-01,Interface,U010,U001,2025-01-05 23:14:31,23,1,-26,-494.58,0
ERP-000290,2025-01,Interface,U010,U001,2025-01-05 03:20:20,3,1,-26,-1439.55,0
ERP-000291,2025-01,Manual,U002,U004,2025-01-22 09:22:17,9,0,-9,5233.91,0
ERP-000292,2025-01,Manual,U008,U003,2025-01-15 12:27:20,12,0,-16,1730.62,0
ERP-000293,2025-01,Recurring,U011,U001,2025-01-10 02:47:19,2,0,-21,-2238.03,0
ERP-000294,2025-01,Manual,U007,U007,2025-01-19 16:38:55,16,1,-12,6001.89,0
ERP-000295,2025-01,Interface,U010,U001,2025-01-30 04:36:10,4,0,-1,403.88,0
ERP-000296,2025-01,Interface,U010,U001,2025-01-31 22:15:49,22,0,0,-653.91,1
ERP-000297,2025-01,Interface,U010,U001,2025-01-02 04:49:11,4,0,-29,725.36,0
ERP-000298,2025-01,Recurring,U011,U001,2025-01-03 23:07:36,23,0,-28,-1908.98,0
ERP-000299,2025-01,Interface,U010,U001,2025-01-30 03:46:40,3,0,-1,-705.7,0
ERP-000300,2025-01,Recurring,U011,U001,2025-01-16 02:55:18,2,0,-15,-291.69,0
ERP-000301,2025-01,Manual,U001,U008,2025-01-31 09:50:39,9,0,0,12670.99,0
ERP-000302,2025-01,Interface,U010,U001,2025-01-02 04:28:24,4,0,-29,19137.51,0
ERP-000303,2025-01,Manual,U003,U002,2025-01-24 08:02:32,8,0,-7,696.89,0
ERP-000304,2025-01,Interface,U010,U001,2025-01-20 02:52:20,2,0,-11,4865.92,0
ERP-000305,2025-01,Interface,U010,U001,2025-01-26 22:52:12,22,1,-5,-660.65,0
ERP-000306,2025-01,Interface,U010,U001,2025-01-14 02:07:14,2,0,-17,3831.62,0
ERP-000307,2025-01,Manual,U007,U005,2025-01-15 16:28:08,16,0,-16,-1162.12,0
ERP-000308,2025-01,Interface,U010,U001,2025-01-28 04:03:09,4,0,-3,2498.98,0
ERP-000309,2025-01,Manual,U003,U006,2025-01-21 15:10:06,15,0,-10,3544.7,0
ERP-000310,2025-01,Interface,U010,U001,2025-01-10 02:33:02,2,0,-21,1327.67,0
ERP-000311,2025-01,Interface,U010,U001,2025-01-01 22:14:38,22,0,-30,3819.25,0
ERP-000312,2025-01,Interface,U010,U001,2025-01-06 22:26:27,22,0,-25,-6415.42,0
ERP-000313,2025-01,Interface,U010,U001,2025-01-29 23:10:58,23,0,-2,-2622.31,0
ERP-000314,2025-01,Recurring,U011,U001,2025-01-08 04:34:30,4,0,-23,1851.96,0
ERP-000315,2025-01,Manual,U004,U006,2025-01-27 15:40:00,15,0,-4,-4769.34,0
ERP-000316,2025-01,Recurring,U011,U001,2025-01-28 03:54:58,3,0,-3,1792.81,0
ERP-000317,2025-01,Interface,U010,U001,2025-01-09 22:40:16,22,0,-22,1159.72,1
ERP-000318,2025-01,Interface,U010,U001,2025-01-08 02:01:49,2,0,-23,2266.02,0
ERP-000319,2025-01,Interface,U010,U001,2025-01-06 02:10:28,2,0,-25,15654.75,0
ERP-000320,2025-01,Interface,U010,U001,2025-01-15 22:21:59,22,0,-16,-1463.98,0
ERP-000321,2025-01,Interface,U010,U001,2025-01-16 23:10:07,23,0,-15,2235.64,0
ERP-000322,2025-01,Interface,U010,U001,2025-01-31 02:06:26,2,0,0,-1027.9,0
ERP-000323,2025-01,Interface,U010,U001,2025-01-11 22:20:36,22,1,-20,1663.54,1
ERP-000324,2025-01,Manual,U007,U007,2025-01-10 13:19:23,13,0,-21,521.68,0
ERP-000325,2025-01,Manual,U006,U003,2025-01-28 11:28:20,11,0,-3,6414.28,0
ERP-000326,2025-01,Manual,U004,U002,2025-01-26 09:03:33,9,1,-5,444.87,0
ERP-000327,2025-01,Recurring,U011,U001,2025-01-06 03:18:40,3,0,-25,1364.49,0
ERP-000328,2025-01,Interface,U010,U001,2025-01-02 02:58:51,2,0,-29,1310.04,0
ERP-000329,2025-01,Interface,U010,U001,2025-01-16 04:38:31,4,0,-15,2329.92,0
ERP-000330,2025-01,Interface,U010,U001,2025-01-23 23:23:48,23,0,-8,2815.26,0
ERP-000331,2025-01,Recurring,U011,U001,2025-01-21 03:22:18,3,0,-10,1043.11,0
ERP-000332,2025-01,Interface,U010,U001,2025-01-19 22:49:15,22,1,-12,-53.17,1
ERP-000333,2025-01,Interface,U010,U001,2025-01-25 22:26:24,22,1,-6,-770.66,0
ERP-000334,2025-01,Interface,U010,U001,2025-01-01 23:23:44,23,0,-30,3320.1,0
ERP-000335,2025-01,Interface,U010,U001,2025-01-12 02:54:46,2,1,-19,885.54,0
ERP-000336,2025-01,Manual,U006,U002,2025-01-23 14:52:48,14,0,-8,1520.25,0
ERP-000337,2025-01,Interface,U010,U001,2025-01-07 02:54:49,2,0,-24,811.89,0
ERP-000338,2025-01,Interface,U010,U001,2025-01-05 02:38:22,2,1,-26,998.07,0
ERP-000339,2025-01,Recurring,U011,U001,2025-01-25 23:40:43,23,1,-6,-1190.88,0
ERP-000340,2025-01,Interface,U010,U001,2025-01-31 02:32:24,2,0,0,930.46,0
ERP-000341,2025-01,Recurring,U011,U001,2025-01-25 22:35:18,22,1,-6,1355.77,0
ERP-000342,2025-01,Interface,U010,U001,2025-01-19 22:45:30,22,1,-12,-982.0,0
ERP-000343,2025-01,Interface,U010,U001,2025-01-04 02:34:35,2,1,-27,4580.59,0
ERP-000344,2025-01,Interface,U010,U001,2025-01-07 03:23:06,3,0,-24,4768.85,0
ERP-000345,2025-01,Recurring,U011,U001,2025-01-09 23:11:24,23,0,-22,-6135.2,0
ERP-000346,2025-01,Manual,U004,U007,2025-01-18 16:11:24,16,1,-13,3543.78,0
ERP-000347,2025-01,Manual,U001,U004,2025-01-16 12:52:19,12,0,-15,-2000.0,0
ERP-000348,2025-01,Interface,U010,U001,2025-01-07 22:06:56,22,0,-24,895.66,0
ERP-000349,2025-01,Manual,U006,U004,2025-01-29 16:23:34,16,0,-2,4818.11,0
ERP-000350,2025-01,Interface,U010,U001,2025-01-19 02:26:18,2,1,-12,4582.21,0
ERP-000351,2025-01,Manual,U009,U005,2025-01-20 09:22:24,9,0,-11,7185.82,0
ERP-000352,2025-01,Interface,U010,U001,2025-01-16 03:27:06,3,0,-15,924.79,0
ERP-000353,2025-01,Interface,U010,U001,2025-01-13 04:02:22,4,0,-18,-1352.48,0
ERP-000354,2025-01,Recurring,U011,U001,2025-01-18 22:29:07,22,1,-13,7393.43,1
ERP-000355,2025-01,Manual,U003,U001,2025-01-26 14:23:56,14,1,-5,1303.75,0
ERP-000356,2025-01,Interface,U010,U001,2025-01-27 22:56:19,22,0,-4,1968.39,0
ERP-000357,2025-01,Recurring,U011,U001,2025-01-13 23:51:27,23,0,-18,1728.67,0
ERP-000358,2025-01,Interface,U010,U001,2025-01-08 02:49:05,2,0,-23,7019.43,0
ERP-000359,2025-01,Manual,U002,U007,2025-01-22 17:23:43,17,0,-9,761.39,0
ERP-000360,2025-01,Manual,U001,U006,2025-01-03 00:53:37,0,0,-28,2023.06,0
ERP-000361,2025-01,Interface,U010,U001,2025-01-29 22:52:28,22,0,-2,1394.96,0
ERP-000362,2025-01,Interface,U010,U001,2025-01-02 23:04:23,23,0,-29,507.28,0
ERP-000363,2025-01,Interface,U010,U001,2025-01-30 04:43:15,4,0,-1,3796.08,0
ERP-000364,2025-01,Interface,U010,U001,2025-01-25 22:52:45,22,1,-6,7839.15,0
ERP-000365,2025-01,Interface,U010,U001,2025-01-24 03:03:48,3,0,-7,-16403.62,0
ERP-000366,2025-01,Recurring,U011,U001,2025-01-03 03:45:32,3,0,-28,2464.9,0
ERP-000367,2025-01,Interface,U010,U001,2025-01-06 23:29:19,23,0,-25,2261.01,0
ERP-000368,2025-01,Manual,U009,U004,2025-01-11 13:22:46,13,1,-20,557.77,0
ERP-000369,2025-01,Interface,U010,U001,2025-01-07 23:48:03,23,0,-24,1328.07,0
ERP-000370,2025-01,Interface,U010,U001,2025-01-24 04:04:49,4,0,-7,847.62,0
ERP-000371,2025-01,Manual,U003,U003,2025-01-12 16:30:48,16,1,-19,1907.71,0
ERP-000372,2025-01,Manual,U008,U007,2025-01-05 15:20:12,15,1,-26,1912.56,0
ERP-000373,2025-01,Interface,U010,U001,2025-01-14 22:19:06,22,0,-17,874.74,0
ERP-000374,2025-01,Manual,U006,U008,2025-01-03 13:16:23,13,0,-28,757.94,0
ERP-000375,2025-01,Interface,U010,U001,2025-01-29 02:50:17,2,0,-2,-2398.91,0
ERP-000376,2025-01,Manual,U009,U001,2025-01-09 17:13:28,17,0,-22,1654.62,0
ERP-000377,2025-01,Interface,U010,U001,2025-01-03 02:40:06,2,0,-28,-1388.26,0
ERP-000378,2025-01,Interface,U010,U001,2025-01-10 02:20:36,2,0,-21,11444.53,0
ERP-000379,2025-01,Interface,U010,U001,2025-01-06 03:14:14,3,0,-25,243.64,0
ERP-000380,2025-01,Interface,U010,U001,2025-01-21 02:32:40,2,0,-10,710.86,0
ERP-000381,2025-01,Interface,U010,U001,2025-01-09 22:12:19,22,0,-22,206.23,0
ERP-000382,2025-01,Recurring,U011,U001,2025-01-15 22:15:41,22,0,-16,2843.49,0
ERP-000383,2025-01,Interface,U010,U001,2025-01-27 02:09:50,2,0,-4,1394.69,0
ERP-000384,2025-01,Interface,U010,U001,2025-01-23 23:01:07,23,0,-8,14684.37,0
ERP-000385,2025-01,Interface,U010,U001,2025-01-11 23:49:20,23,1,-20,2811.72,0
ERP-000386,2025-01,Manual,U005,U002,2025-01-02 14:09:52,14,0,-29,557.27,0
ERP-000387,2025-01,Interface,U010,U001,2025-01-03 23:23:29,23,0,-28,-634.53,0
ERP-000388,2025-01,Interface,U010,U001,2025-01-26 22:30:36,22,1,-5,-1545.72,0
ERP-000389,2025-01,Interface,U010,U001,2025-01-11 23:57:46,23,1,-20,5663.45,0
ERP-000390,2025-01,Interface,U010,U001,2025-01-13 23:57:56,23,0,-18,-9885.94,0
ERP-000391,2025-01,Interface,U010,U001,2025-01-08 22:58:09,22,0,-23,5254.4,0
ERP-000392,2025-01,Interface,U010,U001,2025-01-19 02:20:15,2,1,-12,2240.35,0
ERP-000393,2025-01,Interface,U010,U001,2025-01-31 03:00:52,3,0,0,637.7,0
ERP-000394,2025-01,Interface,U010,U001,2025-01-26 22:18:54,22,1,-5,1998.36,0
ERP-000395,2025-01,Interface,U010,U001,2025-01-22 22:19:09,22,0,-9,-3907.99,0
ERP-000396,2025-01,Recurring,U011,U001,2025-01-15 23:26:35,23,0,-16,-700.99,0
ERP-000397,2025-01,Recurring,U011,U001,2025-01-31 03:50:56,3,0,0,1305.59,0
ERP-000398,2025-01,Recurring,U011,U001,2025-01-09 02:46:02,2,0,-22,-1469.25,0
ERP-000399,2025-01,Recurring,U011,U001,2025-01-06 23:29:45,23,0,-25,6817.3,0
ERP-000400,2025-01,Interface,U010,U001,2025-01-07 22:54:38,22,0,-24,224.13,0
ERP-000401,2025-01,Manual,U003,U003,2025-01-03 14:51:10,14,0,-28,2748.4,0
ERP-000402,2025-01,Interface,U010,U001,2025-01-03 03:26:35,3,0,-28,1728.95,0
ERP-000403,2025-01,Interface,U010,U001,2025-01-26 23:39:23,23,1,-5,1368.71,0
ERP-000404,2025-01,Manual,U006,U006,2025-01-06 11:42:55,11,0,-25,-5026.51,0
ERP-000405,2025-01,Manual,U006,U003,2025-01-06 11:29:27,11,0,-25,690.16,0
ERP-000406,2025-01,Interface,U010,U001,2025-01-05 04:41:36,4,1,-26,-571.23,0
ERP-000407,2025-01,Recurring,U011,U001,2025-01-05 22:43:42,22,1,-26,3945.64,0
ERP-000408,2025-01,Interface,U010,U001,2025-01-10 03:37:13,3,0,-21,4375.91,0
ERP-000409,2025-01,Manual,U002,U007,2025-01-21 06:51:07,6,0,-10,-3236.58,0
ERP-000410,2025-01,Interface,U010,U001,2025-01-13 04:18:52,4,0,-18,6212.25,0
ERP-000411,2025-01,Interface,U010,U001,2025-01-18 23:20:12,23,1,-13,2051.22,0
ERP-000412,2025-01,Recurring,U011,U001,2025-01-25 04:51:44,4,1,-6,623.33,0
ERP-000413,2025-01,Recurring,U011,U001,2025-01-02 02:18:53,2,0,-29,19285.37,0
ERP-000414,2025-01,Recurring,U011,U001,2025-01-22 03:23:09,3,0,-9,1211.38,0
ERP-000415,2025-01,Interface,U010,U001,2025-01-23 22:07:13,22,0,-8,-1096.22,0
ERP-000416,2025-01,Manual,U009,U003,2025-01-28 17:48:26,17,0,-3,8514.71,0
ERP-000417,2025-01,Interface,U010,U001,2025-01-14 03:34:23,3,0,-17,1658.44,0
ERP-000418,2025-01,Recurring,U011,U001,2025-01-26 03:10:38,3,1,-5,2638.91,0
ERP-000419,2025-01,Interface,U010,U001,2025-01-01 02:26:50,2,0,-30,319.64,0
ERP-000420,2025-01,Manual,U007,U007,2025-01-24 08:23:40,8,0,-7,-4768.1,0
ERP-000421,2025-01,Manual,U007,U005,2025-01-29 00:13:24,0,0,-2,-4513.01,0
ERP-000422,2025-01,Interface,U010,U001,2025-01-08 04:05:56,4,0,-23,596.45,0
ERP-000423,2025-01,Recurring,U011,U001,2025-01-25 23:51:35,23,1,-6,546.83,0
ERP-000424,2025-01,Interface,U010,U001,2025-01-04 04:23:13,4,1,-27,4543.04,0
ERP-000425,2025-01,Interface,U010,U001,2025-01-16 04:47:48,4,0,-15,852.03,0
ERP-000426,2025-01,Interface,U010,U001,2025-01-20 03:51:59,3,0,-11,-1108.53,0
ERP-000427,2025-01,Interface,U010,U001,2025-01-02 03:09:31,3,0,-29,-1468.76,0
ERP-000428,2025-01,Interface,U010,U001,2025-01-13 02:31:42,2,0,-18,5156.64,0
ERP-000429,2025-01,Recurring,U011,U001,2025-01-31 02:34:45,2,0,0,-796.04,0
ERP-000430,2025-01,Recurring,U011,U001,2025-01-26 22:18:18,22,1,-5,2105.62,0
ERP-000431,2025-01,Interface,U010,U001,2025-01-29 03:02:38,3,0,-2,762.98,0
ERP-000432,2025-01,Interface,U010,U001,2025-01-27 23:06:46,23,0,-4,1576.07,0
ERP-000433,2025-01,Interface,U010,U001,2025-01-23 02:35:52,2,0,-8,2517.22,0
ERP-000434,2025-01,Manual,U003,U005,2025-01-12 15:28:41,15,1,-19,8193.42,0
ERP-000435,2025-01,Manual,U009,U004,2025-01-12 06:21:29,6,1,-19,-1907.36,0
ERP-000436,2025-01,Manual,U007,U007,2025-01-15 12:04:50,12,0,-16,13184.93,0
ERP-000437,2025-01,Manual,U001,U002,2025-01-13 14:23:52,14,0,-18,1754.73,0
ERP-000438,2025-01,Interface,U010,U001,2025-01-26 23:41:25,23,1,-5,1998.59,0
ERP-000439,2025-01,Manual,U005,U007,2025-01-16 17:30:47,17,0,-15,2810.81,0
ERP-000440,2025-01,Interface,U010,U001,2025-01-08 03:27:23,3,0,-23,2804.33,0
ERP-000441,2025-01,Interface,U010,U001,2025-01-19 02:15:02,2,1,-12,-5607.49,0
ERP-000442,2025-01,Interface,U010,U001,2025-01-15 22:29:36,22,0,-16,-344.16,0
ERP-000443,2025-01,Interface,U010,U001,2025-01-06 23:16:46,23,0,-25,-3372.43,0
ERP-000444,2025-01,Manual,U002,U008,2025-01-11 06:11:17,6,1,-20,595.15,0
ERP-000445,2025-01,Interface,U010,U001,2025-01-02 22:44:57,22,0,-29,5414.96,0
ERP-000446,2025-01,Manual,U005,U007,2025-01-11 15:19:40,15,1,-20,781.35,0
ERP-000447,2025-01,Interface,U010,U001,2025-01-02 22:54:34,22,0,-29,754.59,0
ERP-000448,2025-01,Manual,U002,U005,2025-01-20 11:08:33,11,0,-11,254.14,0
ERP-000449,2025-01,Manual,U009,U004,2025-01-28 11:44:43,11,0,-3,-2242.1,0
ERP-000450,2025-01,Interface,U010,U001,2025-01-29 04:35:48,4,0,-2,-7580.02,0
ERP-000451,2025-01,Interface,U010,U001,2025-01-09 22:20:53,22,0,-22,1272.31,0
ERP-000452,2025-01,Interface,U010,U001,2025-01-21 02:56:41,2,0,-10,2112.67,0
ERP-000453,2025-01,Interface,U010,U001,2025-01-05 02:12:31,2,1,-26,-3035.06,0
ERP-000454,2025-01,Interface,U010,U001,2025-01-20 23:58:38,23,0,-11,1910.93,0
ERP-000455,2025-01,Recurring,U011,U001,2025-01-21 23:06:02,23,0,-10,-668.18,0
ERP-000456,2025-01,Interface,U010,U001,2025-01-31 22:40:34,22,0,0,-5098.05,0
ERP-000457,2025-01,Interface,U010,U001,2025-01-09 23:07:41,23,0,-22,6427.21,0
ERP-000458,2025-01,Recurring,U011,U001,2025-01-19 03:06:29,3,1,-12,-747.94,0
ERP-000459,2025-01,Interface,U010,U001,2025-01-02 03:20:16,3,0,-29,9895.89,0
ERP-000460,2025-01,Recurring,U011,U001,2025-01-10 03:09:15,3,0,-21,2131.45,0
ERP-000461,2025-01,Recurring,U011,U001,2025-01-28 23:20:12,23,0,-3,-356.98,0
ERP-000462,2025-01,Interface,U010,U001,2025-01-25 22:37:56,22,1,-6,-1231.66,0
ERP-000463,2025-01,Manual,U008,U006,2025-01-17 15:14:47,15,0,-14,5643.33,0
ERP-000464,2025-01,Manual,U009,U007,2025-01-09 11:13:37,11,0,-22,-989.6,0
ERP-000465,2025-01,Interface,U010,U001,2025-01-18 23:35:51,23,1,-13,246.23,0
ERP-000466,2025-01,Manual,U006,U007,2025-01-14 16:13:49,16,0,-17,4942.32,0
ERP-000467,2025-01,Recurring,U011,U001,2025-01-01 04:29:28,4,0,-30,-143.2,0
ERP-000468,2025-01,Manual,U007,U003,2025-01-31 17:50:58,17,0,0,3677.66,0
ERP-000469,2025-01,Interface,U010,U001,2025-01-13 22:00:40,22,0,-18,432.55,0
ERP-000470,2025-01,Interface,U010,U001,2025-01-20 04:51:38,4,0,-11,718.72,0
ERP-000471,2025-01,Interface,U010,U001,2025-01-23 04:00:56,4,0,-8,-9312.13,0
ERP-000472,2025-01,Interface,U010,U001,2025-01-04 03:59:22,3,1,-27,1139.05,0
ERP-000473,2025-01,Interface,U010,U001,2025-01-28 02:49:40,2,0,-3,556.07,0
ERP-000474,2025-01,Manual,U005,U006,2025-01-18 12:09:41,12,1,-13,-570.77,0
ERP-000475,2025-01,Interface,U010,U001,2025-01-15 02:32:24,2,0,-16,203.38,0
ERP-000476,2025-01,Manual,U001,U006,2025-01-18 08:29:06,8,1,-13,673.05,0
ERP-000477,2025-01,Interface,U010,U001,2025-01-19 22:16:38,22,1,-12,-2224.37,0
ERP-000478,2025-01,Interface,U010,U001,2025-01-10 23:03:56,23,0,-21,435.63,0
ERP-000479,2025-01,Interface,U010,U001,2025-01-18 23:48:31,23,1,-13,20807.12,0
ERP-000480,2025-01,Interface,U010,U001,2025-01-24 22:34:16,22,0,-7,5728.79,0
ERP-000481,2025-01,Interface,U010,U001,2025-01-31 23:13:21,23,0,0,6322.07,0
ERP-000482,2025-01,Interface,U010,U001,2025-01-15 03:53:35,3,0,-16,-1423.75,0
ERP-000483,2025-01,Interface,U010,U001,2025-01-05 02:51:16,2,1,-26,1421.28,0
ERP-000484,2025-01,Interface,U010,U001,2025-01-26 23:09:44,23,1,-5,-1679.59,0
ERP-000485,2025-01,Interface,U010,U001,2025-01-29 03:12:29,3,0,-2,-2899.17,0
ERP-000486,2025-01,Recurring,U011,U001,2025-01-04 02:03:53,2,1,-27,2442.62,0
ERP-000487,2025-01,Interface,U010,U001,2025-01-30 03:06:08,3,0,-1,-4124.16,0
ERP-000488,2025-01,Interface,U010,U001,2025-01-10 04:54:42,4,0,-21,3642.16,0
ERP-000489,2025-01,Manual,U008,U007,2025-01-08 22:22:16,22,0,-23,364.07,0
ERP-000490,2025-01,Interface,U010,U001,2025-01-09 02:58:16,2,0,-22,3800.42,0
ERP-000491,2025-01,Manual,U008,U001,2025-01-27 08:41:04,8,0,-4,-2413.16,0
ERP-000492,2025-01,Manual,U001,U008,2025-01-25 16:09:37,16,1,-6,4937.91,0
ERP-000493,2025-01,Recurring,U011,U001,2025-01-04 23:45:02,23,1,-27,1606.08,0
ERP-000494,2025-01,Recurring,U011,U001,2025-01-06 02:57:30,2,0,-25,28738.61,0
ERP-000495,2025-01,Manual,U006,U004,2025-01-21 16:37:59,16,0,-10,1109.71,0
ERP-000496,2025-01,Manual,U008,U003,2025-01-24 13:43:47,13,0,-7,799.18,0
ERP-000497,2025-01,Interface,U010,U001,2025-01-23 03:11:04,3,0,-8,-2106.92,0
ERP-000498,2025-01,Interface,U010,U001,2025-01-12 03:47:51,3,1,-19,1339.4,0
ERP-000499,2025-01,Interface,U010,U001,2025-01-30 22:49:31,22,0,-1,-371.33,1
ERP-000500,2025-01,Manual,U009,U008,2025-01-16 23:28:45,23,0,-15,-2133.48,0
ERP-000501,2025-01,Recurring,U011,U001,2025-01-15 04:57:17,4,0,-16,-8056.36,0
ERP-000502,2025-01,Interface,U010,U001,2025-01-21 23:41:31,23,0,-10,1373.4,0
ERP-000503,2025-01,Manual,U008,U002,2025-01-31 21:52:44,21,0,0,1569.19,0
ERP-000504,2025-01,Interface,U010,U001,2025-01-30 02:25:22,2,0,-1,6339.35,0
ERP-000505,2025-01,Manual,U004,U007,2025-01-25 09:12:26,9,1,-6,444.46,0
ERP-000506,2025-01,Manual,U005,U002,2025-01-02 14:18:42,14,0,-29,761.59,0
ERP-000507,2025-01,Interface,U010,U001,2025-01-07 23:15:50,23,0,-24,6354.48,0
ERP-000508,2025-01,Interface,U010,U001,2025-01-18 22:41:37,22,1,-13,473.58,0
ERP-000509,2025-01,Interface,U010,U001,2025-01-27 02:48:49,2,0,-4,1830.91,0
ERP-000510,2025-01,Interface,U010,U001,2025-01-22 03:38:20,3,0,-9,-3577.09,0
ERP-000511,2025-01,Interface,U010,U001,2025-01-27 04:47:28,4,0,-4,1863.3,0
ERP-000512,2025-01,Interface,U010,U001,2025-01-18 02:56:53,2,1,-13,3345.04,0
ERP-000513,2025-01,Manual,U009,U006,2025-01-17 12:08:28,12,0,-14,158.7,0
ERP-000514,2025-01,Manual,U002,U004,2025-01-17 08:07:58,8,0,-14,5611.85,0
ERP-000515,2025-01,Manual,U009,U007,2025-01-17 09:51:55,9,0,-14,3729.14,0
ERP-000516,2025-01,Recurring,U011,U001,2025-01-07 03:50:06,3,0,-24,-731.0,0
ERP-000517,2025-01,Interface,U010,U001,2025-01-20 23:01:55,23,0,-11,-312.37,0
ERP-000518,2025-01,Manual,U009,U001,2025-01-28 12:41:10,12,0,-3,-188.42,0
ERP-000519,2025-01,Interface,U010,U001,2025-01-06 04:50:33,4,0,-25,8639.53,0
ERP-000520,2025-01,Interface,U010,U001,2025-01-24 02:30:54,2,0,-7,2316.21,0
ERP-000521,2025-01,Recurring,U011,U001,2025-01-27 22:54:38,22,0,-4,4149.41,0
ERP-000522,2025-01,Interface,U010,U001,2025-01-08 23:23:32,23,0,-23,527.68,0
ERP-000523,2025-01,Interface,U010,U001,2025-01-02 03:53:27,3,0,-29,782.11,0
ERP-000524,2025-01,Manual,U002,U008,2025-01-09 10:49:19,10,0,-22,4496.74,0
ERP-000525,2025-01,Interface,U010,U001,2025-01-21 02:22:30,2,0,-10,5552.14,0
ERP-000526,2025-01,Interface,U010,U001,2025-01-01 23:00:00,23,0,-30,220.38,0
ERP-000527,2025-01,Interface,U010,U001,2025-01-28 23:30:08,23,0,-3,822.65,0
ERP-000528,2025-01,Interface,U010,U001,2025-01-09 22:07:06,22,0,-22,739.81,0
ERP-000529,2025-01,Interface,U010,U001,2025-01-01 03:57:44,3,0,-30,-645.4,1
ERP-000530,2025-01,Interface,U010,U001,2025-01-28 23:36:09,23,0,-3,2805.32,0
ERP-000531,2025-01,Recurring,U011,U001,2025-01-21 03:32:20,3,0,-10,1142.97,0
ERP-000532,2025-01,Interface,U010,U001,2025-01-04 03:27:32,3,1,-27,4658.56,0
ERP-000533,2025-01,Manual,U001,U005,2025-01-29 06:42:32,6,0,-2,-4709.36,0
ERP-000534,2025-01,Interface,U010,U001,2025-01-21 03:24:35,3,0,-10,4615.91,0
ERP-000535,2025-01,Interface,U010,U001,2025-01-23 22:08:29,22,0,-8,-4372.24,0
ERP-000536,2025-01,Interface,U010,U001,2025-01-01 23:03:06,23,0,-30,760.86,0
ERP-000537,2025-01,Recurring,U011,U001,2025-01-06 22:33:23,22,0,-25,5352.34,0
ERP-000538,2025-01,Interface,U010,U001,2025-01-06 22:13:07,22,0,-25,406.01,0
ERP-000539,2025-01,Recurring,U011,U001,2025-01-14 22:50:25,22,0,-17,-819.26,0
ERP-000540,2025-01,Manual,U007,U003,2025-01-10 12:02:51,12,0,-21,2606.01,0
ERP-000541,2025-01,Interface,U010,U001,2025-01-08 23:40:31,23,0,-23,2838.01,0
ERP-000542,2025-01,Interface,U010,U001,2025-01-31 04:23:21,4,0,0,2624.19,0
ERP-000543,2025-01,Interface,U010,U001,2025-01-13 04:46:50,4,0,-18,469.31,0
ERP-000544,2025-01,Interface,U010,U001,2025-01-01 04:39:02,4,0,-30,-6204.37,0
ERP-000545,2025-01,Interface,U010,U001,2025-01-31 22:37:11,22,0,0,3853.33,0
ERP-000546,2025-01,Interface,U010,U001,2025-01-16 03:49:08,3,0,-15,2930.29,0
ERP-000547,2025-01,Recurring,U011,U001,2025-01-30 22:45:55,22,0,-1,6578.98,0
ERP-000548,2025-01,Manual,U002,U005,2025-01-28 13:53:28,13,0,-3,3692.73,0
ERP-000549,2025-01,Interface,U010,U001,2025-01-09 23:05:27,23,0,-22,676.45,0
ERP-000550,2025-01,Recurring,U011,U001,2025-01-08 23:32:51,23,0,-23,2546.1,0
ERP-000551,2025-01,Interface,U010,U001,2025-01-19 23:41:21,23,1,-12,848.48,0
ERP-000552,2025-01,Interface,U010,U001,2025-01-28 22:00:03,22,0,-3,447.46,0
ERP-000553,2025-01,Manual,U006,U002,2025-01-03 10:34:26,10,0,-28,1861.94,0
ERP-000554,2025-01,Manual,U001,U006,2025-01-01 23:40:33,23,0,-30,1915.31,0
ERP-000555,2025-01,Interface,U010,U001,2025-01-15 03:54:15,3,0,-16,93.01,0
ERP-000556,2025-01,Interface,U010,U001,2025-01-19 03:42:50,3,1,-12,105.09,0
ERP-000557,2025-01,Interface,U010,U001,2025-01-12 23:14:09,23,1,-19,1259.01,0
ERP-000558,2025-01,Interface,U010,U001,2025-01-01 22:31:50,22,0,-30,1049.05,0
ERP-000559,2025-01,Interface,U010,U001,2025-01-21 23:49:54,23,0,-10,-1094.55,0
ERP-000560,2025-01,Manual,U008,U001,2025-01-07 13:43:58,13,0,-24,7083.8,0
ERP-000561,2025-01,Interface,U010,U001,2025-01-27 22:07:31,22,0,-4,1336.75,0
ERP-000562,2025-01,Interface,U010,U001,2025-01-26 22:00:06,22,1,-5,-7346.83,0
ERP-000563,2025-01,Manual,U001,U002,2025-01-10 11:08:53,11,0,-21,1887.98,0
ERP-000564,2025-01,Interface,U010,U001,2025-01-30 02:03:14,2,0,-1,1946.64,0
ERP-000565,2025-01,Recurring,U011,U001,2025-01-11 23:09:26,23,1,-20,-1246.97,0
ERP-000566,2025-01,Manual,U002,U007,2025-01-01 13:08:38,13,0,-30,3215.77,0
ERP-000567,2025-01,Interface,U010,U001,2025-01-27 23:30:18,23,0,-4,1982.62,0
ERP-000568,2025-01,Interface,U010,U001,2025-01-12 22:37:31,22,1,-19,1446.74,0
ERP-000569,2025-01,Manual,U002,U003,2025-01-16 09:31:52,9,0,-15,1406.09,0
ERP-000570,2025-01,Manual,U009,U008,2025-01-11 08:58:35,8,1,-20,2000.0,0
ERP-000571,2025-01,Manual,U002,U007,2025-01-15 09:43:36,9,0,-16,1107.43,0
ERP-000572,2025-01,Manual,U001,U004,2025-01-26 14:41:21,14,1,-5,4364.42,0
ERP-000573,2025-01,Recurring,U011,U001,2025-01-03 23:19:03,23,0,-28,3049.81,0
ERP-000574,2025-01,Manual,U004,U002,2025-01-06 08:15:40,8,0,-25,-9837.59,0
ERP-000575,2025-01,Interface,U010,U001,2025-01-08 04:41:08,4,0,-23,676.87,0
ERP-000576,2025-01,Interface,U010,U001,2025-01-14 02:42:32,2,0,-17,566.8,0
ERP-000577,2025-01,Recurring,U011,U001,2025-01-02 23:21:25,23,0,-29,766.12,0
ERP-000578,2025-01,Recurring,U011,U001,2025-01-28 04:37:05,4,0,-3,-1677.49,0
ERP-000579,2025-01,Interface,U010,U001,2025-01-21 02:05:18,2,0,-10,3246.25,0
ERP-000580,2025-01,Manual,U009,U006,2025-01-30 14:52:39,14,0,-1,653.76,0
ERP-000581,2025-01,Manual,U009,U006,2025-01-17 15:36:25,15,0,-14,1726.58,0
ERP-000582,2025-01,Interface,U010,U001,2025-01-05 02:09:36,2,1,-26,3995.35,0
ERP-000583,2025-01,Interface,U010,U001,2025-01-28 22:16:46,22,0,-3,6184.15,1
ERP-000584,2025-01,Recurring,U011,U001,2025-01-04 04:02:50,4,1,-27,-1450.72,0
ERP-000585,2025-01,Interface,U010,U001,2025-01-05 04:27:52,4,1,-26,5649.93,0
ERP-000586,2025-01,Interface,U010,U001,2025-01-12 02:58:02,2,1,-19,1113.17,0
ERP-000587,2025-01,Manual,U004,U006,2025-01-25 17:10:08,17,1,-6,-14189.55,0
ERP-000588,2025-01,Interface,U010,U001,2025-01-08 04:46:34,4,0,-23,2713.69,0
ERP-000589,2025-01,Interface,U010,U001,2025-01-09 02:00:24,2,0,-22,3290.03,0
ERP-000590,2025-01,Interface,U010,U001,2025-01-03 03:30:19,3,0,-28,-3311.53,0
ERP-000591,2025-01,Manual,U007,U006,2025-01-13 08:27:54,8,0,-18,3212.88,0
ERP-000592,2025-01,Interface,U010,U001,2025-01-05 23:03:43,23,1,-26,589.52,0
ERP-000593,2025-01,Interface,U010,U001,2025-01-10 22:49:43,22,0,-21,499.25,0
ERP-000594,2025-01,Manual,U009,U003,2025-01-29 08:52:23,8,0,-2,1149.57,0
ERP-000595,2025-01,Interface,U010,U001,2025-01-16 23:34:29,23,0,-15,3799.23,1
ERP-000596,2025-01,Manual,U006,U004,2025-01-07 08:47:22,8,0,-24,11837.7,0
ERP-000597,2025-01,Interface,U010,U001,2025-01-09 04:52:38,4,0,-22,-2635.38,0
ERP-000598,2025-01,Interface,U010,U001,2025-01-01 02:11:31,2,0,-30,-4406.5,0
ERP-000599,2025-01,Manual,U007,U001,2025-01-08 09:40:26,9,0,-23,12997.25,0
ERP-000600,2025-01,Interface,U010,U001,2025-01-31 02:58:29,2,0,0,453.56,0
ERP-000601,2025-01,Recurring,U011,U001,2025-01-22 22:44:15,22,0,-9,-3068.16,0
ERP-000602,2025-01,Manual,U002,U001,2025-01-31 01:03:00,1,0,0,2741.03,0
ERP-000603,2025-01,Interface,U010,U001,2025-01-16 02:13:54,2,0,-15,2516.98,0
ERP-000604,2025-01,Interface,U010,U001,2025-01-06 22:02:00,22,0,-25,1687.51,0
ERP-000605,2025-01,Recurring,U011,U001,2025-01-17 04:17:00,4,0,-14,5128.51,0
ERP-000606,2025-01,Interface,U010,U001,2025-01-22 22:49:40,22,0,-9,1313.35,0
ERP-000607,2025-01,Interface,U010,U001,2025-01-08 03:45:11,3,0,-23,2778.46,0
ERP-000608,2025-01,Interface,U010,U001,2025-01-12 23:28:00,23,1,-19,1917.12,0
ERP-000609,2025-01,Interface,U010,U001,2025-01-28 03:22:43,3,0,-3,556.82,0
ERP-000610,2025-01,Interface,U010,U001,2025-01-09 23:55:58,23,0,-22,3904.84,0
ERP-000611,2025-01,Interface,U010,U001,2025-01-16 23:27:05,23,0,-15,4738.69,0
ERP-000612,2025-01,Manual,U003,U005,2025-01-08 12:45:24,12,0,-23,779.37,0
ERP-000613,2025-01,Manual,U002,U003,2025-01-11 08:48:49,8,1,-20,-3414.55,0
ERP-000614,2025-01,Manual,U008,U002,2025-01-06 12:34:52,12,0,-25,3000.0,0
ERP-000615,2025-01,Interface,U010,U001,2025-01-21 22:45:56,22,0,-10,1586.13,0
ERP-000616,2025-01,Interface,U010,U001,2025-01-05 04:30:19,4,1,-26,2289.88,0
ERP-000617,2025-01,Interface,U010,U001,2025-01-08 02:46:00,2,0,-23,-4884.3,0
ERP-000618,2025-01,Interface,U010,U001,2025-01-01 04:46:04,4,0,-30,1472.79,0
ERP-000619,2025-01,Interface,U010,U001,2025-01-07 04:52:35,4,0,-24,3171.76,0
ERP-000620,2025-01,Manual,U009,U007,2025-01-14 09:28:25,9,0,-17,6194.31,0
ERP-000621,2025-01,Interface,U010,U001,2025-01-02 03:49:49,3,0,-29,-2940.29,0
ERP-000622,2025-01,Interface,U010,U001,2025-01-14 03:35:13,3,0,-17,-1694.6,0
ERP-000623,2025-01,Interface,U010,U001,2025-01-09 23:09:33,23,0,-22,967.89,0
ERP-000624,2025-01,Manual,U003,U003,2025-01-10 11:10:41,11,0,-21,-7243.13,0
ERP-000625,2025-01,Interface,U010,U001,2025-01-30 04:01:59,4,0,-1,937.94,0
ERP-000626,2025-01,Interface,U010,U001,2025-01-09 04:43:04,4,0,-22,555.77,0
ERP-000627,2025-01,Interface,U010,U001,2025-01-31 22:23:00,22,0,0,1338.99,0
ERP-000628,2025-01,Interface,U010,U001,2025-01-15 02:57:45,2,0,-16,1592.69,0
ERP-000629,2025-01,Recurring,U011,U001,2025-01-26 22:12:43,22,1,-5,-4378.53,0
ERP-000630,2025-01,Recurring,U011,U001,2025-01-17 04:51:09,4,0,-14,-21682.1,0
ERP-000631,2025-01,Interface,U010,U001,2025-01-24 04:47:00,4,0,-7,13878.96,0
ERP-000632,2025-01,Interface,U010,U001,2025-01-24 04:36:30,4,0,-7,-2630.5,0
ERP-000633,2025-01,Manual,U003,U004,2025-01-10 13:32:12,13,0,-21,16215.83,0
ERP-000634,2025-01,Manual,U007,U007,2025-01-08 14:00:45,14,0,-23,6651.57,0
ERP-000635,2025-01,Manual,U007,U003,2025-01-29 21:55:55,21,0,-2,513.41,0
ERP-000636,2025-01,Interface,U010,U001,2025-01-26 02:52:22,2,1,-5,789.92,0
ERP-000637,2025-01,Interface,U010,U001,2025-01-04 23:01:07,23,1,-27,9891.67,0
ERP-000638,2025-01,Recurring,U011,U001,2025-01-16 02:18:24,2,0,-15,-4173.44,0
ERP-000639,2025-01,Interface,U010,U001,2025-01-03 23:04:56,23,0,-28,2139.99,0
ERP-000640,2025-01,Interface,U010,U001,2025-01-22 03:14:49,3,0,-9,-4725.94,0
ERP-000641,2025-01,Recurring,U011,U001,2025-01-27 22:04:58,22,0,-4,-4738.86,0
ERP-000642,2025-01,Manual,U002,U008,2025-01-05 11:22:59,11,1,-26,2000.0,0
ERP-000643,2025-01,Interface,U010,U001,2025-01-05 04:34:05,4,1,-26,-1818.79,0
ERP-000644,2025-01,Recurring,U011,U001,2025-01-02 04:48:39,4,0,-29,10628.26,0
ERP-000645,2025-01,Manual,U001,U002,2025-01-13 12:52:38,12,0,-18,-1571.15,0
ERP-000646,2025-01,Manual,U004,U005,2025-01-12 10:15:45,10,1,-19,843.79,0
ERP-000647,2025-01,Interface,U010,U001,2025-01-18 22:29:23,22,1,-13,30913.58,0
ERP-000648,2025-01,Interface,U010,U001,2025-01-03 02:35:18,2,0,-28,-2235.72,0
ERP-000649,2025-01,Recurring,U011,U001,2025-01-24 03:43:29,3,0,-7,-658.11,0
ERP-000650,2025-01,Recurring,U011,U001,2025-01-06 03:47:21,3,0,-25,1162.25,0
ERP-000651,2025-01,Interface,U010,U001,2025-01-27 22:40:28,22,0,-4,-16099.68,0
ERP-000652,2025-01,Interface,U010,U001,2025-01-08 02:54:28,2,0,-23,4004.7,0
ERP-000653,2025-01,Interface,U010,U001,2025-01-08 22:34:12,22,0,-23,1272.17,0
ERP-000654,2025-01,Recurring,U011,U001,2025-01-19 03:02:30,3,1,-12,1332.46,0
ERP-000655,2025-01,Manual,U006,U001,2025-01-30 00:44:16,0,0,-1,940.28,0
ERP-000656,2025-01,Interface,U010,U001,2025-01-03 04:25:24,4,0,-28,3848.75,0
ERP-000657,2025-01,Interface,U010,U001,2025-01-20 04:51:05,4,0,-11,-2413.91,0
ERP-000658,2025-01,Interface,U010,U001,2025-01-28 04:05:20,4,0,-3,-1058.36,1
ERP-000659,2025-01,Interface,U010,U001,2025-01-28 04:43:22,4,0,-3,7956.5,0
ERP-000660,2025-01,Interface,U010,U001,2025-01-08 03:27:17,3,0,-23,-2095.81,0
ERP-000661,2025-01,Interface,U010,U001,2025-01-21 04:01:31,4,0,-10,-737.78,0
ERP-000662,2025-01,Manual,U003,U001,2025-01-06 09:36:01,9,0,-25,-1325.56,0
ERP-000663,2025-01,Interface,U010,U001,2025-01-16 22:39:32,22,0,-15,1379.83,0
ERP-000664,2025-01,Recurring,U011,U001,2025-01-02 04:44:29,4,0,-29,-3746.21,0
ERP-000665,2025-01,Recurring,U011,U001,2025-01-20 23:23:38,23,0,-11,-350.12,0
ERP-000666,2025-01,Recurring,U011,U001,2025-01-03 04:57:56,4,0,-28,2122.76,0
ERP-000667,2025-01,Manual,U004,U007,2025-01-31 23:05:19,23,0,0,3428.88,0
ERP-000668,2025-01,Recurring,U011,U001,2025-01-27 23:22:05,23,0,-4,1388.43,0
ERP-000669,2025-01,Recurring,U011,U001,2025-01-05 04:59:08,4,1,-26,-564.41,0
ERP-000670,2025-01,Interface,U010,U001,2025-01-01 23:02:58,23,0,-30,1233.71,0
ERP-000671,2025-01,Interface,U010,U001,2025-01-14 23:55:00,23,0,-17,8186.87,0
ERP-000672,2025-01,Interface,U010,U001,2025-01-09 02:25:10,2,0,-22,-2478.21,1
ERP-000673,2025-01,Interface,U010,U001,2025-01-25 22:50:06,22,1,-6,-1520.64,0
ERP-000674,2025-01,Recurring,U011,U001,2025-01-23 03:29:18,3,0,-8,-652.33,0
ERP-000675,2025-01,Manual,U005,U007,2025-01-07 11:26:28,11,0,-24,1728.86,0
ERP-000676,2025-01,Interface,U010,U001,2025-01-20 03:38:11,3,0,-11,1821.64,0
ERP-000677,2025-01,Interface,U010,U001,2025-01-12 04:57:11,4,1,-19,4621.64,0
ERP-000678,2025-01,Interface,U010,U001,2025-01-14 23:13:22,23,0,-17,2082.73,0
ERP-000679,2025-01,Interface,U010,U001,2025-01-28 02:32:27,2,0,-3,-900.88,1
ERP-000680,2025-01,Interface,U010,U001,2025-01-27 23:22:02,23,0,-4,-8586.59,0
ERP-000681,2025-01,Interface,U010,U001,2025-01-27 02:19:58,2,0,-4,-12309.75,0
ERP-000682,2025-01,Interface,U010,U001,2025-01-16 22:31:20,22,0,-15,-1514.82,0
ERP-000683,2025-01,Interface,U010,U001,2025-01-11 23:47:41,23,1,-20,2090.56,0
ERP-000684,2025-01,Manual,U009,U003,2025-01-20 16:42:37,16,0,-11,-652.62,1
ERP-000685,2025-01,Interface,U010,U001,2025-01-12 22:07:27,22,1,-19,4070.68,0
ERP-000686,2025-01,Recurring,U011,U001,2025-01-14 23:48:25,23,0,-17,363.18,0
ERP-000687,2025-01,Interface,U010,U001,2025-01-03 22:13:25,22,0,-28,892.06,0
ERP-000688,2025-01,Interface,U010,U001,2025-01-27 02:35:16,2,0,-4,1207.93,0
ERP-000689,2025-01,Manual,U002,U003,2025-01-04 12:23:14,12,1,-27,752.46,0
ERP-000690,2025-01,Interface,U010,U001,2025-01-18 22:49:22,22,1,-13,2402.22,0
ERP-000691,2025-01,Manual,U007,U001,2025-01-11 16:08:47,16,1,-20,1435.09,0
ERP-000692,2025-01,Manual,U001,U003,2025-01-17 14:43:04,14,0,-14,1895.97,0
ERP-000693,2025-01,Interface,U010,U001,2025-01-10 22:46:11,22,0,-21,2916.98,0
ERP-000694,2025-01,Interface,U010,U001,2025-01-05 02:42:55,2,1,-26,1995.03,0
ERP-000695,2025-01,Manual,U004,U008,2025-01-31 13:36:29,13,0,0,3473.61,0
ERP-000696,2025-01,Interface,U010,U001,2025-01-06 04:57:37,4,0,-25,635.5,0
ERP-000697,2025-01,Recurring,U011,U001,2025-01-29 22:27:20,22,0,-2,-446.6,1
ERP-000698,2025-01,Interface,U010,U001,2025-01-28 23:03:31,23,0,-3,3543.04,0
ERP-000699,2025-01,Interface,U010,U001,2025-01-31 23:25:58,23,0,0,227.16,0
ERP-000700,2025-01,Manual,U001,U002,2025-01-22 13:52:59,13,0,-9,-3337.23,0
ERP-000701,2025-01,Manual,U006,U008,2025-01-18 08:26:05,8,1,-13,1490.0,0
ERP-000702,2025-01,Manual,U006,U007,2025-01-26 09:48:59,9,1,-5,1287.42,0
ERP-000703,2025-01,Interface,U010,U001,2025-01-16 03:55:20,3,0,-15,2691.79,0
ERP-000704,2025-01,Manual,U001,U002,2025-01-22 14:00:19,14,0,-9,-3920.33,0
ERP-000705,2025-01,Interface,U010,U001,2025-01-15 04:22:15,4,0,-16,5160.34,0
ERP-000706,2025-01,Manual,U004,U008,2025-01-28 09:05:52,9,0,-3,-4849.56,0
ERP-000707,2025-01,Interface,U010,U001,2025-01-17 23:36:42,23,0,-14,3689.34,0
ERP-000708,2025-01,Interface,U010,U001,2025-01-10 04:48:12,4,0,-21,2837.05,0
ERP-000709,2025-01,Interface,U010,U001,2025-01-03 22:11:43,22,0,-28,-1955.69,0
ERP-000710,2025-01,Recurring,U011,U001,2025-01-27 02:12:52,2,0,-4,1174.25,0
ERP-000711,2025-01,Interface,U010,U001,2025-01-31 22:27:18,22,0,0,-2033.87,0
ERP-000712,2025-01,Interface,U010,U001,2025-01-23 03:18:37,3,0,-8,-1466.92,0
ERP-000713,2025-01,Interface,U010,U001,2025-01-18 23:06:19,23,1,-13,11035.68,0
ERP-000714,2025-01,Interface,U010,U001,2025-01-04 23:30:49,23,1,-27,2760.1,0
ERP-000715,2025-01,Recurring,U011,U001,2025-01-20 02:43:43,2,0,-11,1389.53,0
ERP-000716,2025-01,Interface,U010,U001,2025-01-28 23:40:54,23,0,-3,514.63,0
ERP-000717,2025-01,Interface,U010,U001,2025-01-21 04:27:10,4,0,-10,-178.52,0
ERP-000718,2025-01,Recurring,U011,U001,2025-01-31 02:40:23,2,0,0,3142.32,0
ERP-000719,2025-01,Manual,U003,U003,2025-01-05 13:09:04,13,1,-26,-689.6,0
ERP-000720,2025-01,Interface,U010,U001,2025-01-18 03:29:06,3,1,-13,1634.9,0
ERP-000721,2025-01,Recurring,U011,U001,2025-01-09 03:24:00,3,0,-22,-4340.7,0
ERP-000722,2025-01,Recurring,U011,U001,2025-01-25 23:12:55,23,1,-6,13919.76,0
ERP-000723,2025-01,Manual,U001,U005,2025-01-08 12:30:45,12,0,-23,-447.93,0
ERP-000724,2025-01,Manual,U009,U003,2025-01-11 12:20:42,12,1,-20,-259.08,0
ERP-000725,2025-01,Interface,U010,U001,2025-01-09 04:51:30,4,0,-22,-1791.32,0
ERP-000726,2025-01,Recurring,U011,U001,2025-01-28 22:01:30,22,0,-3,1780.94,0
ERP-000727,2025-01,Manual,U003,U002,2025-01-01 11:12:28,11,0,-30,-3819.31,0
ERP-000728,2025-01,Interface,U010,U001,2025-01-27 02:50:39,2,0,-4,254.49,0
ERP-000729,2025-01,Interface,U010,U001,2025-01-05 03:48:49,3,1,-26,1391.11,0
ERP-000730,2025-01,Manual,U008,U004,2025-01-02 13:52:30,13,0,-29,3726.15,0
ERP-000731,2025-01,Manual,U005,U001,2025-01-27 14:34:04,14,0,-4,480.38,0
ERP-000732,2025-01,Interface,U010,U001,2025-01-26 04:38:08,4,1,-5,-565.95,0
ERP-000733,2025-01,Interface,U010,U001,2025-01-10 03:44:29,3,0,-21,617.76,0
ERP-000734,2025-01,Manual,U004,U007,2025-01-08 08:12:12,8,0,-23,451.99,0
ERP-000735,2025-01,Manual,U003,U007,2025-01-05 10:25:24,10,1,-26,669.24,0
ERP-000736,2025-01,Interface,U010,U001,2025-01-24 22:23:28,22,0,-7,2828.79,0
ERP-000737,2025-01,Manual,U003,U003,2025-01-21 15:07:42,15,0,-10,175.61,0
ERP-000738,2025-01,Recurring,U011,U001,2025-01-01 02:01:04,2,0,-30,734.85,0
ERP-000739,2025-01,Interface,U010,U001,2025-01-12 02:04:00,2,1,-19,1053.01,0
ERP-000740,2025-01,Interface,U010,U001,2025-01-02 03:00:32,3,0,-29,-2429.6,0
ERP-000741,2025-01,Interface,U010,U001,2025-01-04 02:23:34,2,1,-27,3848.42,1
ERP-000742,2025-01,Manual,U007,U004,2025-01-31 15:07:18,15,0,0,1496.86,0
ERP-000743,2025-01,Recurring,U011,U001,2025-01-11 02:11:52,2,1,-20,-3567.59,0
ERP-000744,2025-01,Interface,U010,U001,2025-01-03 22:20:50,22,0,-28,-1133.81,0
ERP-000745,2025-01,Interface,U010,U001,2025-01-12 04:24:36,4,1,-19,8623.79,0
ERP-000746,2025-01,Recurring,U011,U001,2025-01-08 03:58:37,3,0,-23,-649.67,0
ERP-000747,2025-01,Recurring,U011,U001,2025-01-01 03:48:56,3,0,-30,-876.16,0
ERP-000748,2025-01,Recurring,U011,U001,2025-01-21 03:11:01,3,0,-10,7493.3,0
ERP-000749,2025-01,Interface,U010,U001,2025-01-04 04:19:47,4,1,-27,-722.18,0
ERP-000750,2025-01,Interface,U010,U001,2025-01-29 02:38:25,2,0,-2,811.62,0
ERP-000751,2025-01,Manual,U001,U003,2025-01-20 09:54:53,9,0,-11,628.46,0
ERP-000752,2025-01,Manual,U002,U004,2025-01-12 15:07:34,15,1,-19,3110.51,0
ERP-000753,2025-01,Recurring,U011,U001,2025-01-18 22:12:36,22,1,-13,851.46,0
ERP-000754,2025-01,Interface,U010,U001,2025-01-15 04:44:30,4,0,-16,-556.79,0
ERP-000755,2025-01,Interface,U010,U001,2025-01-17 02:14:26,2,0,-14,3204.14,0
ERP-000756,2025-01,Interface,U010,U001,2025-01-20 22:15:59,22,0,-11,1419.05,0
ERP-000757,2025-01,Interface,U010,U001,2025-01-21 02:35:14,2,0,-10,2913.67,0
ERP-000758,2025-01,Manual,U008,U006,2025-01-12 11:25:46,11,1,-19,233.44,0
ERP-000759,2025-01,Interface,U010,U001,2025-01-14 03:33:23,3,0,-17,993.86,0
ERP-000760,2025-01,Interface,U010,U001,2025-01-02 22:07:10,22,0,-29,4355.07,0
ERP-000761,2025-01,Interface,U010,U001,2025-01-08 03:14:11,3,0,-23,447.88,0
ERP-000762,2025-01,Interface,U010,U001,2025-01-10 22:10:27,22,0,-21,7147.79,0
ERP-000763,2025-01,Recurring,U011,U001,2025-01-22 04:50:29,4,0,-9,4809.36,0
ERP-000764,2025-01,Interface,U010,U001,2025-01-18 03:09:22,3,1,-13,-1727.54,0
ERP-000765,2025-01,Manual,U006,U004,2025-01-19 08:26:19,8,1,-12,355.74,0
ERP-000766,2025-01,Interface,U010,U001,2025-01-24 22:31:20,22,0,-7,466.11,0
ERP-000767,2025-01,Recurring,U011,U001,2025-01-22 22:27:01,22,0,-9,4099.93,0
ERP-000768,2025-01,Interface,U010,U001,2025-01-29 03:17:59,3,0,-2,1807.0,0
ERP-000769,2025-01,Recurring,U011,U001,2025-01-18 22:54:36,22,1,-13,915.36,0
ERP-000770,2025-01,Manual,U007,U001,2025-01-30 09:46:47,9,0,-1,960.5,0
ERP-000771,2025-01,Interface,U010,U001,2025-01-06 03:07:53,3,0,-25,-2545.98,0
ERP-000772,2025-01,Interface,U010,U001,2025-01-14 02:35:25,2,0,-17,2532.77,0
ERP-000773,2025-01,Interface,U010,U001,2025-01-28 22:51:44,22,0,-3,4352.79,0
ERP-000774,2025-01,Manual,U008,U001,2025-01-19 14:41:59,14,1,-12,1019.68,0
ERP-000775,2025-01,Interface,U010,U001,2025-01-12 23:48:49,23,1,-19,-1360.32,0
ERP-000776,2025-01,Interface,U010,U001,2025-01-06 04:01:57,4,0,-25,2783.6,0
ERP-000777,2025-01,Manual,U009,U005,2025-01-15 15:54:26,15,0,-16,-2021.04,0
ERP-000778,2025-01,Manual,U006,U004,2025-01-05 17:41:00,17,1,-26,3230.93,0
ERP-000779,2025-01,Interface,U010,U001,2025-01-20 02:06:55,2,0,-11,303.55,0
ERP-000780,2025-01,Recurring,U011,U001,2025-01-23 22:51:48,22,0,-8,2264.36,0
ERP-000781,2025-01,Recurring,U011,U001,2025-01-09 02:41:35,2,0,-22,960.54,0
ERP-000782,2025-01,Manual,U003,U001,2025-01-18 10:31:11,10,1,-13,-3650.03,0
ERP-000783,2025-01,Manual,U007,U008,2025-01-23 12:37:42,12,0,-8,1956.62,0
ERP-000784,2025-01,Manual,U001,U008,2025-01-31 15:54:43,15,0,0,2709.65,0
ERP-000785,2025-01,Manual,U004,U003,2025-01-06 11:43:15,11,0,-25,-1892.74,0
ERP-000786,2025-01,Interface,U010,U001,2025-01-02 02:01:38,2,0,-29,1514.36,0
ERP-000787,2025-01,Manual,U002,U004,2025-01-08 11:18:36,11,0,-23,1561.5,0
ERP-000788,2025-01,Interface,U010,U001,2025-01-08 23:24:04,23,0,-23,-10374.75,0
ERP-000789,2025-01,Manual,U006,U007,2025-01-16 15:36:58,15,0,-15,-1134.36,0
ERP-000790,2025-01,Interface,U010,U001,2025-01-12 02:39:55,2,1,-19,13580.83,0
ERP-000791,2025-01,Manual,U005,U003,2025-01-13 10:32:07,10,0,-18,2334.03,0
ERP-000792,2025-01,Recurring,U011,U001,2025-01-28 02:18:24,2,0,-3,784.1,0
ERP-000793,2025-01,Interface,U010,U001,2025-01-14 23:16:59,23,0,-17,1490.69,0
ERP-000794,2025-01,Manual,U003,U003,2025-01-30 14:17:14,14,0,-1,1558.75,0
ERP-000795,2025-01,Interface,U010,U001,2025-01-06 03:00:09,3,0,-25,2333.65,0
ERP-000796,2025-01,Manual,U008,U003,2025-01-17 13:56:44,13,0,-14,4901.68,0
ERP-000797,2025-01,Interface,U010,U001,2025-01-20 02:27:48,2,0,-11,7884.2,1
ERP-000798,2025-01,Interface,U010,U001,2025-01-26 02:03:37,2,1,-5,1662.93,0
ERP-000799,2025-01,Interface,U010,U001,2025-01-22 03:42:51,3,0,-9,3585.1,0
ERP-000800,2025-01,Interface,U010,U001,2025-01-31 22:07:05,22,0,0,-1716.89,0
ERP-000801,2025-01,Interface,U010,U001,2025-01-03 04:58:58,4,0,-28,4118.59,0
ERP-000802,2025-01,Recurring,U011,U001,2025-01-25 22:12:48,22,1,-6,-1026.44,0
ERP-000803,2025-01,Recurring,U011,U001,2025-01-10 02:57:14,2,0,-21,791.89,0
ERP-000804,2025-01,Interface,U010,U001,2025-01-27 04:48:55,4,0,-4,4812.92,0
ERP-000805,2025-01,Manual,U001,U002,2025-01-13 10:58:03,10,0,-18,18035.51,0
ERP-000806,2025-01,Recurring,U011,U001,2025-01-18 04:28:09,4,1,-13,1286.7,0
ERP-000807,2025-01,Interface,U010,U001,2025-01-10 02:31:26,2,0,-21,728.48,0
ERP-000808,2025-01,Manual,U006,U002,2025-01-07 12:26:02,12,0,-24,-3471.9,0
ERP-000809,2025-01,Interface,U010,U001,2025-01-24 04:43:10,4,0,-7,4885.24,0
ERP-000810,2025-01,Interface,U010,U001,2025-01-26 04:30:07,4,1,-5,90.33,0
ERP-000811,2025-01,Recurring,U011,U001,2025-01-18 22:09:23,22,1,-13,18523.52,0
ERP-000812,2025-01,Interface,U010,U001,2025-01-07 22:29:57,22,0,-24,5868.35,0
ERP-000813,2025-01,Manual,U007,U001,2025-01-31 13:29:42,13,0,0,1733.95,0
ERP-000814,2025-01,Interface,U010,U001,2025-01-21 03:43:22,3,0,-10,841.88,0
ERP-000815,2025-01,Interface,U010,U001,2025-01-08 03:44:41,3,0,-23,4636.31,0
ERP-000816,2025-01,Interface,U010,U001,2025-01-11 02:21:54,2,1,-20,2575.6,0
ERP-000817,2025-01,Manual,U003,U007,2025-01-18 17:28:32,17,1,-13,-867.37,0
ERP-000818,2025-01,Interface,U010,U001,2025-01-03 22:58:00,22,0,-28,2403.6,0
ERP-000819,2025-01,Interface,U010,U001,2025-01-10 02:44:21,2,0,-21,-3649.73,0
ERP-000820,2025-01,Recurring,U011,U001,2025-01-06 04:19:49,4,0,-25,232.62,0
ERP-000821,2025-01,Manual,U009,U003,2025-01-23 16:02:29,16,0,-8,21540.02,0
ERP-000822,2025-01,Interface,U010,U001,2025-01-09 03:50:15,3,0,-22,414.33,0
ERP-000823,2025-01,Interface,U010,U001,2025-01-01 02:50:16,2,0,-30,5998.77,0
ERP-000824,2025-01,Interface,U010,U001,2025-01-17 22:42:22,22,0,-14,2922.08,0
ERP-000825,2025-01,Manual,U009,U001,2025-01-24 16:44:17,16,0,-7,5007.63,0
ERP-000826,2025-01,Interface,U010,U001,2025-01-27 04:33:28,4,0,-4,-994.93,0
ERP-000827,2025-01,Manual,U008,U006,2025-01-05 16:43:37,16,1,-26,7635.72,0
ERP-000828,2025-01,Interface,U010,U001,2025-01-30 22:02:26,22,0,-1,16575.58,0
ERP-000829,2025-01,Recurring,U011,U001,2025-01-12 04:11:49,4,1,-19,-1259.92,0
ERP-000830,2025-01,Recurring,U011,U001,2025-01-02 02:54:13,2,0,-29,140.29,0
ERP-000831,2025-01,Interface,U010,U001,2025-01-15 22:48:45,22,0,-16,-2083.35,0
ERP-000832,2025-01,Manual,U003,U008,2025-01-26 14:59:07,14,1,-5,-1391.61,0
ERP-000833,2025-01,Manual,U007,U003,2025-01-16 11:21:24,11,0,-15,1313.27,0
ERP-000834,2025-01,Interface,U010,U001,2025-01-09 23:31:20,23,0,-22,437.37,0
ERP-000835,2025-01,Interface,U010,U001,2025-01-12 02:10:33,2,1,-19,-24752.25,0
ERP-000836,2025-01,Manual,U007,U001,2025-01-18 16:40:21,16,1,-13,37599.29,0
ERP-000837,2025-01,Recurring,U011,U001,2025-01-03 02:58:10,2,0,-28,2951.55,0
ERP-000838,2025-01,Interface,U010,U001,2025-01-31 23:56:01,23,0,0,1258.23,0
ERP-000839,2025-01,Interface,U010,U001,2025-01-11 03:12:19,3,1,-20,11748.82,0
ERP-000840,2025-01,Interface,U010,U001,2025-01-08 03:37:23,3,0,-23,-3075.39,0
ERP-000841,2025-01,Interface,U010,U001,2025-01-12 02:46:02,2,1,-19,2014.88,0
ERP-000842,2025-01,Recurring,U011,U001,2025-01-31 02:57:26,2,0,0,-739.99,0
ERP-000843,2025-01,Interface,U010,U001,2025-01-22 03:42:48,3,0,-9,-5831.43,0
ERP-000844,2025-01,Manual,U001,U004,2025-01-19 14:39:00,14,1,-12,-8396.61,0
ERP-000845,2025-01,Recurring,U011,U001,2025-01-25 04:01:56,4,1,-6,-763.04,0
ERP-000846,2025-01,Interface,U010,U001,2025-01-04 22:56:04,22,1,-27,5450.37,0
ERP-000847,2025-01,Interface,U010,U001,2025-01-21 23:33:32,23,0,-10,487.23,0
ERP-000848,2025-01,Interface,U010,U001,2025-01-22 23:30:54,23,0,-9,2104.18,0
ERP-000849,2025-01,Interface,U010,U001,2025-01-19 23:43:52,23,1,-12,-416.16,0
ERP-000850,2025-01,Interface,U010,U001,2025-01-28 03:18:57,3,0,-3,1560.59,0
ERP-000851,2025-01,Interface,U010,U001,2025-01-10 22:44:30,22,0,-21,11700.14,0
ERP-000852,2025-01,Manual,U004,U001,2025-01-16 14:23:54,14,0,-15,15182.31,0
ERP-000853,2025-01,Manual,U002,U008,2025-01-26 09:26:51,9,1,-5,-773.04,0
ERP-000854,2025-01,Interface,U010,U001,2025-01-30 03:02:30,3,0,-1,2496.63,0
ERP-000855,2025-01,Manual,U001,U005,2025-01-17 09:41:59,9,0,-14,3025.0,0
ERP-000856,2025-01,Interface,U010,U001,2025-01-28 02:52:05,2,0,-3,9916.44,0
ERP-000857,2025-01,Interface,U010,U001,2025-01-07 23:23:13,23,0,-24,503.64,0
ERP-000858,2025-01,Manual,U004,U005,2025-01-31 09:13:16,9,0,0,350.81,0
ERP-000859,2025-01,Interface,U010,U001,2025-01-22 02:10:54,2,0,-9,-4621.08,0
ERP-000860,2025-01,Recurring,U011,U001,2025-01-29 04:55:03,4,0,-2,614.88,0
ERP-000861,2025-01,Manual,U007,U005,2025-01-26 09:30:22,9,1,-5,-951.54,0
ERP-000862,2025-01,Recurring,U011,U001,2025-01-13 03:27:23,3,0,-18,75312.06,0
ERP-000863,2025-01,Interface,U010,U001,2025-01-10 02:53:24,2,0,-21,3928.03,0
ERP-000864,2025-01,Recurring,U011,U001,2025-01-13 04:05:50,4,0,-18,2439.4,0
ERP-000865,2025-01,Interface,U010,U001,2025-01-26 23:23:25,23,1,-5,-3566.02,0
ERP-000866,2025-01,Interface,U010,U001,2025-01-12 04:52:49,4,1,-19,-3824.14,0
ERP-000867,2025-01,Interface,U010,U001,2025-01-27 04:50:49,4,0,-4,85.88,0
ERP-000868,2025-01,Interface,U010,U001,2025-01-29 04:02:32,4,0,-2,6174.97,0
ERP-000869,2025-01,Interface,U010,U001,2025-01-04 02:21:34,2,1,-27,10096.91,0
ERP-000870,2025-01,Manual,U003,U001,2025-01-25 08:13:06,8,1,-6,6777.21,0
ERP-000871,2025-01,Interface,U010,U001,2025-01-26 03:33:42,3,1,-5,259.29,0
ERP-000872,2025-01,Manual,U005,U004,2025-01-20 05:45:49,5,0,-11,800.34,0
ERP-000873,2025-01,Interface,U010,U001,2025-01-28 22:28:43,22,0,-3,3531.84,0
ERP-000874,2025-01,Interface,U010,U001,2025-01-19 23:33:41,23,1,-12,1175.81,0
ERP-000875,2025-01,Interface,U010,U001,2025-01-12 04:08:36,4,1,-19,-2958.25,0
ERP-000876,2025-01,Manual,U003,U001,2025-01-01 17:17:33,17,0,-30,12627.75,0
ERP-000877,2025-01,Interface,U010,U001,2025-01-15 03:57:50,3,0,-16,1231.24,0
ERP-000878,2025-01,Interface,U010,U001,2025-01-05 02:20:08,2,1,-26,635.62,0
ERP-000879,2025-01,Manual,U005,U004,2025-01-06 16:04:01,16,0,-25,-1856.56,0
ERP-000880,2025-01,Interface,U010,U001,2025-01-18 23:41:05,23,1,-13,4480.0,0
ERP-000881,2025-01,Recurring,U011,U001,2025-01-01 02:27:33,2,0,-30,190.22,0
ERP-000882,2025-01,Interface,U010,U001,2025-01-12 03:15:51,3,1,-19,-2105.45,0
ERP-000883,2025-01,Manual,U004,U008,2025-01-03 06:05:50,6,0,-28,1610.31,0
ERP-000884,2025-01,Interface,U010,U001,2025-01-18 02:33:15,2,1,-13,2907.73,0
ERP-000885,2025-01,Interface,U010,U001,2025-01-06 02:01:22,2,0,-25,2026.93,0
ERP-000886,2025-01,Manual,U009,U007,2025-01-18 10:29:07,10,1,-13,-1663.23,0
ERP-000887,2025-01,Interface,U010,U001,2025-01-29 03:38:55,3,0,-2,3501.19,0
ERP-000888,2025-01,Interface,U010,U001,2025-01-24 23:44:14,23,0,-7,250.46,0
ERP-000889,2025-01,Recurring,U011,U001,2025-01-09 04:10:28,4,0,-22,3327.91,0
ERP-000890,2025-01,Recurring,U011,U001,2025-01-19 23:00:57,23,1,-12,1293.94,0
ERP-000891,2025-01,Interface,U010,U001,2025-01-13 02:35:47,2,0,-18,-3918.2,0
ERP-000892,2025-01,Recurring,U011,U001,2025-01-01 23:18:28,23,0,-30,-397.02,0
ERP-000893,2025-01,Interface,U010,U001,2025-01-24 04:52:11,4,0,-7,-442.89,0
ERP-000894,2025-01,Interface,U010,U001,2025-01-02 02:31:09,2,0,-29,8216.67,0
ERP-000895,2025-01,Interface,U010,U001,2025-01-30 03:18:16,3,0,-1,2188.24,0
ERP-000896,2025-01,Interface,U010,U001,2025-01-22 03:59:07,3,0,-9,964.0,0
ERP-000897,2025-01,Interface,U010,U001,2025-01-26 22:45:38,22,1,-5,1966.71,0
ERP-000898,2025-01,Interface,U010,U001,2025-01-26 22:55:33,22,1,-5,425.18,0
ERP-000899,2025-01,Manual,U007,U007,2025-01-29 11:31:04,11,0,-2,478.22,0
ERP-000900,2025-01,Manual,U004,U008,2025-01-09 23:52:01,23,0,-22,5414.48,0
ERP-000901,2025-02,Manual,U007,U008,2025-02-17 09:23:41,9,0,-11,1697.43,0
ERP-000902,2025-02,Manual,U005,U003,2025-02-18 15:18:23,15,0,-10,1220.33,0
ERP-000903,2025-02,Recurring,U011,U001,2025-02-24 02:57:09,2,0,-4,2925.28,0
ERP-000904,2025-02,Manual,U003,U004,2025-02-13 10:18:03,10,0,-15,1609.39,0
ERP-000905,2025-02,Interface,U010,U001,2025-02-08 22:35:39,22,1,-20,-2439.12,0
ERP-000906,2025-02,Recurring,U011,U001,2025-02-19 23:13:17,23,0,-9,-1969.12,0
ERP-000907,2025-02,Manual,U007,U007,2025-02-13 12:44:37,12,0,-15,3013.14,0
ERP-000908,2025-02,Manual,U007,U002,2025-02-28 16:56:55,16,0,0,3205.04,0
ERP-000909,2025-02,Manual,U007,U007,2025-02-21 10:13:17,10,0,-7,560.86,0
ERP-000910,2025-02,Manual,U007,U003,2025-02-14 11:36:21,11,0,-14,2228.07,0
ERP-000911,2025-02,Interface,U010,U001,2025-02-04 23:35:08,23,0,-24,-5723.37,0
ERP-000912,2025-02,Interface,U010,U001,2025-02-25 03:36:21,3,0,-3,771.42,0
ERP-000913,2025-02,Interface,U010,U001,2025-02-27 03:41:46,3,0,-1,275.83,0
ERP-000914,2025-02,Interface,U010,U001,2025-02-03 22:07:47,22,0,-25,3490.37,0
ERP-000915,2025-02,Interface,U010,U001,2025-02-16 23:16:41,23,1,-12,1469.67,0
ERP-000916,2025-02,Recurring,U011,U001,2025-02-18 03:55:32,3,0,-10,3183.07,0
ERP-000917,2025-02,Interface,U010,U001,2025-02-17 22:57:05,22,0,-11,664.27,0
ERP-000918,2025-02,Interface,U010,U001,2025-02-01 04:48:57,4,1,-27,608.33,0
ERP-000919,2025-02,Recurring,U011,U001,2025-02-22 04:42:24,4,1,-6,2747.39,0
ERP-000920,2025-02,Manual,U007,U006,2025-02-04 12:13:34,12,0,-24,243.71,0
ERP-000921,2025-02,Manual,U005,U004,2025-02-13 09:09:55,9,0,-15,3267.17,0
ERP-000922,2025-02,Recurring,U011,U001,2025-02-10 04:57:20,4,0,-18,1093.64,0
ERP-000923,2025-02,Interface,U010,U001,2025-02-09 04:10:07,4,1,-19,1049.72,0
ERP-000924,2025-02,Interface,U010,U001,2025-02-18 03:17:31,3,0,-10,325.84,0
ERP-000925,2025-02,Recurring,U011,U001,2025-02-24 02:40:10,2,0,-4,294.88,0
ERP-000926,2025-02,Interface,U010,U001,2025-02-13 03:50:14,3,0,-15,-12611.13,0
ERP-000927,2025-02,Interface,U010,U001,2025-02-14 22:00:56,22,0,-14,4027.86,0
ERP-000928,2025-02,Interface,U010,U001,2025-02-03 22:41:33,22,0,-25,8741.28,0
ERP-000929,2025-02,Interface,U010,U001,2025-02-14 23:39:10,23,0,-14,-605.53,0
ERP-000930,2025-02,Interface,U010,U001,2025-02-12 22:18:18,22,0,-16,-1865.47,0
ERP-000931,2025-02,Interface,U010,U001,2025-02-03 23:53:44,23,0,-25,11111.91,0
ERP-000932,2025-02,Interface,U010,U001,2025-02-17 23:40:46,23,0,-11,-1215.64,0
ERP-000933,2025-02,Interface,U010,U001,2025-02-10 22:27:58,22,0,-18,2894.11,0
ERP-000934,2025-02,Interface,U010,U001,2025-02-16 04:09:11,4,1,-12,2361.14,0
ERP-000935,2025-02,Interface,U010,U001,2025-02-16 22:30:11,22,1,-12,499.47,0
ERP-000936,2025-02,Recurring,U011,U001,2025-02-24 23:50:41,23,0,-4,2455.28,0
ERP-000937,2025-02,Interface,U010,U001,2025-02-03 23:14:17,23,0,-25,2415.5,0
ERP-000938,2025-02,Interface,U010,U001,2025-02-05 23:08:01,23,0,-23,1351.9,0
ERP-000939,2025-02,Manual,U004,U006,2025-02-20 13:38:41,13,0,-8,9773.82,0
ERP-000940,2025-02,Recurring,U011,U001,2025-02-02 04:57:27,4,1,-26,-2899.54,0
ERP-000941,2025-02,Interface,U010,U001,2025-02-16 02:04:09,2,1,-12,2639.28,0
ERP-000942,2025-02,Interface,U010,U001,2025-02-16 03:46:23,3,1,-12,595.21,0
ERP-000943,2025-02,Interface,U010,U001,2025-02-08 03:21:04,3,1,-20,826.43,0
ERP-000944,2025-02,Interface,U010,U001,2025-02-05 02:35:47,2,0,-23,1083.14,0
ERP-000945,2025-02,Interface,U010,U001,2025-02-17 03:10:42,3,0,-11,1079.28,0
ERP-000946,2025-02,Recurring,U011,U001,2025-02-28 23:37:57,23,0,0,-2646.44,0
ERP-000947,2025-02,Interface,U010,U001,2025-02-13 22:36:47,22,0,-15,611.87,0
ERP-000948,2025-02,Interface,U010,U001,2025-02-16 22:50:47,22,1,-12,941.69,0
ERP-000949,2025-02,Interface,U010,U001,2025-02-14 04:24:21,4,0,-14,-1919.61,0
ERP-000950,2025-02,Interface,U010,U001,2025-02-13 04:53:05,4,0,-15,12749.41,0
ERP-000951,2025-02,Interface,U010,U001,2025-02-18 22:14:51,22,0,-10,520.81,0
ERP-000952,2025-02,Interface,U010,U001,2025-02-05 23:48:37,23,0,-23,-633.03,0
ERP-000953,2025-02,Manual,U001,U004,2025-02-07 16:44:09,16,0,-21,3648.8,0
ERP-000954,2025-02,Interface,U010,U001,2025-02-25 23:46:35,23,0,-3,258.48,0
ERP-000955,2025-02,Interface,U010,U001,2025-02-18 04:56:08,4,0,-10,1488.94,0
ERP-000956,2025-02,Manual,U003,U008,2025-02-08 14:42:22,14,1,-20,1527.04,0
ERP-000957,2025-02,Recurring,U011,U001,2025-02-12 04:17:28,4,0,-16,1483.22,0
ERP-000958,2025-02,Interface,U010,U001,2025-02-17 23:59:43,23,0,-11,877.33,0
ERP-000959,2025-02,Interface,U010,U001,2025-02-11 04:36:09,4,0,-17,4698.21,0
ERP-000960,2025-02,Interface,U010,U001,2025-02-01 23:21:36,23,1,-27,3274.63,0
ERP-000961,2025-02,Manual,U007,U003,2025-02-18 16:11:23,16,0,-10,3306.29,0
ERP-000962,2025-02,Manual,U008,U007,2025-02-19 12:31:20,12,0,-9,-2375.2,0
ERP-000963,2025-02,Interface,U010,U001,2025-02-11 04:02:18,4,0,-17,6395.07,0
ERP-000964,2025-02,Interface,U010,U001,2025-02-13 03:23:06,3,0,-15,1175.52,0
ERP-000965,2025-02,Recurring,U011,U001,2025-02-12 03:51:56,3,0,-16,-1729.25,0
ERP-000966,2025-02,Manual,U008,U002,2025-02-21 16:56:39,16,0,-7,-660.52,0
ERP-000967,2025-02,Recurring,U011,U001,2025-02-25 02:40:47,2,0,-3,-1631.89,1
ERP-000968,2025-02,Interface,U010,U001,2025-02-13 04:33:50,4,0,-15,1783.74,0
ERP-000969,2025-02,Recurring,U011,U001,2025-02-14 23:16:28,23,0,-14,10839.33,0
ERP-000970,2025-02,Manual,U007,U005,2025-02-24 17:26:06,17,0,-4,-664.64,0
ERP-000971,2025-02,Manual,U007,U006,2025-02-16 15:12:17,15,1,-12,2768.24,0
ERP-000972,2025-02,Manual,U006,U004,2025-02-03 16:35:23,16,0,-25,-591.53,0
ERP-000973,2025-02,Manual,U001,U005,2025-02-03 21:50:16,21,0,-25,-729.16,0
ERP-000974,2025-02,Interface,U010,U001,2025-02-22 02:17:39,2,1,-6,3226.14,0
ERP-000975,2025-02,Interface,U010,U001,2025-02-02 23:24:29,23,1,-26,1943.14,0
ERP-000976,2025-02,Manual,U009,U004,2025-02-01 12:29:06,12,1,-27,-1853.26,0
ERP-000977,2025-02,Manual,U003,U003,2025-02-25 08:56:50,8,0,-3,1767.0,0
ERP-000978,2025-02,Interface,U010,U001,2025-02-09 23:21:20,23,1,-19,1324.23,0
ERP-000979,2025-02,Interface,U010,U001,2025-02-21 04:03:56,4,0,-7,-6110.26,0
ERP-000980,2025-02,Interface,U010,U001,2025-02-02 04:37:14,4,1,-26,10427.7,0
ERP-000981,2025-02,Interface,U010,U001,2025-02-01 03:59:57,3,1,-27,2883.09,0
ERP-000982,2025-02,Interface,U010,U001,2025-02-12 23:15:17,23,0,-16,1188.56,0
ERP-000983,2025-02,Manual,U005,U008,2025-02-01 16:39:00,16,1,-27,-1918.43,0
ERP-000984,2025-02,Manual,U002,U004,2025-02-06 11:54:11,11,0,-22,4844.87,0
ERP-000985,2025-02,Manual,U009,U006,2025-02-26 11:04:33,11,0,-2,3219.21,0
ERP-000986,2025-02,Interface,U010,U001,2025-02-11 04:28:44,4,0,-17,-213.83,0
ERP-000987,2025-02,Interface,U010,U001,2025-02-27 04:51:54,4,0,-1,510.43,0
ERP-000988,2025-02,Interface,U010,U001,2025-02-18 03:31:14,3,0,-10,1559.53,0
ERP-000989,2025-02,Interface,U010,U001,2025-02-17 02:35:04,2,0,-11,1043.99,0
ERP-000990,2025-02,Interface,U010,U001,2025-02-14 02:03:05,2,0,-14,-2980.95,0
ERP-000991,2025-02,Manual,U005,U002,2025-02-13 16:41:23,16,0,-15,4891.6,0
ERP-000992,2025-02,Interface,U010,U001,2025-02-10 22:49:41,22,0,-18,-2556.37,0
ERP-000993,2025-02,Manual,U001,U004,2025-02-28 09:02:40,9,0,0,474.88,0
ERP-000994,2025-02,Interface,U010,U001,2025-02-16 23:38:19,23,1,-12,3390.02,0
ERP-000995,2025-02,Interface,U010,U001,2025-02-23 02:29:48,2,1,-5,-8918.93,0
ERP-000996,2025-02,Interface,U010,U001,2025-02-17 02:20:14,2,0,-11,2924.05,0
ERP-000997,2025-02,Interface,U010,U001,2025-02-20 02:07:46,2,0,-8,10095.88,0
ERP-000998,2025-02,Interface,U010,U001,2025-02-21 04:29:09,4,0,-7,9995.21,0
ERP-000999,2025-02,Interface,U010,U001,2025-02-19 02:37:20,2,0,-9,-658.51,0
ERP-001000,2025-02,Interface,U010,U001,2025-02-01 23:32:35,23,1,-27,1813.24,0
ERP-001001,2025-02,Interface,U010,U001,2025-02-19 03:32:12,3,0,-9,233.38,1
ERP-001002,2025-02,Manual,U006,U007,2025-02-06 13:26:07,13,0,-22,2251.5,0
ERP-001003,2025-02,Manual,U001,U003,2025-02-20 13:16:46,13,0,-8,680.42,0
ERP-001004,2025-02,Interface,U010,U001,2025-02-22 02:40:37,2,1,-6,3311.2,0
ERP-001005,2025-02,Interface,U010,U001,2025-02-01 02:14:31,2,1,-27,5178.23,0
ERP-001006,2025-02,Manual,U005,U006,2025-02-17 16:58:25,16,0,-11,3402.39,0
ERP-001007,2025-02,Recurring,U011,U001,2025-02-19 03:09:35,3,0,-9,520.8,0
ERP-001008,2025-02,Interface,U010,U001,2025-02-26 02:41:12,2,0,-2,-942.28,0
ERP-001009,2025-02,Interface,U010,U001,2025-02-27 22:48:54,22,0,-1,773.96,0
ERP-001010,2025-02,Interface,U010,U001,2025-02-13 04:31:51,4,0,-15,858.53,0
ERP-001011,2025-02,Interface,U010,U001,2025-02-26 22:11:21,22,0,-2,872.77,0
ERP-001012,2025-02,Recurring,U011,U001,2025-02-11 03:01:21,3,0,-17,-1612.7,0
ERP-001013,2025-02,Interface,U010,U001,2025-02-18 22:20:52,22,0,-10,-459.48,0
ERP-001014,2025-02,Interface,U010,U001,2025-02-09 22:54:10,22,1,-19,12475.41,0
ERP-001015,2025-02,Manual,U005,U002,2025-02-09 13:44:19,13,1,-19,-4245.68,0
ERP-001016,2025-02,Manual,U009,U007,2025-02-03 09:16:20,9,0,-25,3873.61,0
ERP-001017,2025-02,Recurring,U011,U001,2025-02-21 03:43:15,3,0,-7,3638.73,0
ERP-001018,2025-02,Interface,U010,U001,2025-02-13 03:29:29,3,0,-15,-316.13,0
ERP-001019,2025-02,Recurring,U011,U001,2025-02-18 23:16:43,23,0,-10,237.83,0
ERP-001020,2025-02,Recurring,U011,U001,2025-02-05 03:30:17,3,0,-23,-908.54,0
ERP-001021,2025-02,Interface,U010,U001,2025-02-22 22:38:38,22,1,-6,-1098.33,0
ERP-001022,2025-02,Interface,U010,U001,2025-02-24 04:29:00,4,0,-4,-1239.83,0
ERP-001023,2025-02,Interface,U010,U001,2025-02-08 02:22:15,2,1,-20,3542.79,0
ERP-001024,2025-02,Interface,U010,U001,2025-02-24 04:21:42,4,0,-4,233.34,0
ERP-001025,2025-02,Manual,U001,U003,2025-02-18 13:56:33,13,0,-10,904.25,0
ERP-001026,2025-02,Manual,U009,U007,2025-02-13 09:51:14,9,0,-15,593.88,0
ERP-001027,2025-02,Manual,U007,U007,2025-02-28 16:38:25,16,0,0,1767.09,0
ERP-001028,2025-02,Interface,U010,U001,2025-02-09 22:39:26,22,1,-19,857.58,0
ERP-001029,2025-02,Manual,U007,U007,2025-02-13 17:59:20,17,0,-15,1419.89,0
ERP-001030,2025-02,Interface,U010,U001,2025-02-05 04:18:36,4,0,-23,1131.31,0
ERP-001031,2025-02,Interface,U010,U001,2025-02-10 23:47:33,23,0,-18,-2686.43,0
ERP-001032,2025-02,Interface,U010,U001,2025-02-19 03:25:39,3,0,-9,-1809.68,0
ERP-001033,2025-02,Interface,U010,U001,2025-02-19 03:50:46,3,0,-9,1102.04,0
ERP-001034,2025-02,Recurring,U011,U001,2025-02-20 02:57:01,2,0,-8,-2021.45,0
ERP-001035,2025-02,Interface,U010,U001,2025-02-12 22:18:17,22,0,-16,1498.46,0
ERP-001036,2025-02,Interface,U010,U001,2025-02-10 22:20:13,22,0,-18,1855.64,0
ERP-001037,2025-02,Interface,U010,U001,2025-02-10 02:34:20,2,0,-18,-1734.65,0
ERP-001038,2025-02,Manual,U008,U007,2025-02-22 11:17:41,11,1,-6,7252.8,0
ERP-001039,2025-02,Interface,U010,U001,2025-02-21 02:25:28,2,0,-7,-1402.26,0
ERP-001040,2025-02,Interface,U010,U001,2025-02-28 02:13:13,2,0,0,-7146.23,0
ERP-001041,2025-02,Interface,U010,U001,2025-02-21 04:32:37,4,0,-7,-1219.79,0
ERP-001042,2025-02,Interface,U010,U001,2025-02-22 23:14:11,23,1,-6,1385.42,0
ERP-001043,2025-02,Interface,U010,U001,2025-02-25 04:47:18,4,0,-3,-4011.39,0
ERP-001044,2025-02,Interface,U010,U001,2025-02-12 02:50:36,2,0,-16,9947.23,0
ERP-001045,2025-02,Recurring,U011,U001,2025-02-27 23:48:52,23,0,-1,644.5,0
ERP-001046,2025-02,Interface,U010,U001,2025-02-17 23:38:22,23,0,-11,355.02,1
ERP-001047,2025-02,Interface,U010,U001,2025-02-06 03:50:42,3,0,-22,5084.0,0
ERP-001048,2025-02,Manual,U004,U001,2025-02-28 12:55:18,12,0,0,607.5,0
ERP-001049,2025-02,Manual,U001,U006,2025-02-25 12:09:59,12,0,-3,2057.65,0
ERP-001050,2025-02,Manual,U008,U005,2025-02-23 09:40:57,9,1,-5,-832.75,0
ERP-001051,2025-02,Manual,U004,U008,2025-02-24 08:05:52,8,0,-4,16564.22,0
ERP-001052,2025-02,Interface,U010,U001,2025-02-21 23:09:56,23,0,-7,-4078.88,0
ERP-001053,2025-02,Interface,U010,U001,2025-02-03 22:33:22,22,0,-25,4011.42,0
ERP-001054,2025-02,Interface,U010,U001,2025-02-17 04:08:38,4,0,-11,1012.71,0
ERP-001055,2025-02,Interface,U010,U001,2025-02-27 02:57:18,2,0,-1,-540.81,0
ERP-001056,2025-02,Interface,U010,U001,2025-02-16 02:39:28,2,1,-12,2374.41,0
ERP-001057,2025-02,Interface,U010,U001,2025-02-15 04:13:33,4,1,-13,-964.46,0
ERP-001058,2025-02,Interface,U010,U001,2025-02-21 02:10:44,2,0,-7,683.93,0
ERP-001059,2025-02,Interface,U010,U001,2025-02-15 03:51:47,3,1,-13,6890.12,0
ERP-001060,2025-02,Interface,U010,U001,2025-02-27 04:57:13,4,0,-1,1680.01,0
ERP-001061,2025-02,Interface,U010,U001,2025-02-07 23:18:17,23,0,-21,4255.82,0
ERP-001062,2025-02,Interface,U010,U001,2025-02-19 02:55:45,2,0,-9,254.12,0
ERP-001063,2025-02,Manual,U003,U006,2025-02-24 14:30:09,14,0,-4,-968.16,0
ERP-001064,2025-02,Interface,U010,U001,2025-02-17 03:12:03,3,0,-11,-837.03,0
ERP-001065,2025-02,Manual,U009,U008,2025-02-03 12:52:09,12,0,-25,-1457.13,0
ERP-001066,2025-02,Recurring,U011,U001,2025-02-26 03:09:36,3,0,-2,17933.57,0
ERP-001067,2025-02,Interface,U010,U001,2025-02-16 22:26:28,22,1,-12,1176.23,0
ERP-001068,2025-02,Interface,U010,U001,2025-02-22 03:53:01,3,1,-6,-1239.73,0
ERP-001069,2025-02,Manual,U002,U003,2025-02-23 16:35:35,16,1,-5,4961.27,0
ERP-001070,2025-02,Manual,U005,U008,2025-02-10 17:24:19,17,0,-18,2737.69,0
ERP-001071,2025-02,Interface,U010,U001,2025-02-07 02:22:53,2,0,-21,1012.09,0
ERP-001072,2025-02,Interface,U010,U001,2025-02-25 22:09:13,22,0,-3,752.36,0
ERP-001073,2025-02,Interface,U010,U001,2025-02-08 04:01:05,4,1,-20,5186.05,1
ERP-001074,2025-02,Interface,U010,U001,2025-02-15 04:11:59,4,1,-13,-4395.91,0
ERP-001075,2025-02,Interface,U010,U001,2025-02-08 23:13:44,23,1,-20,354.24,0
ERP-001076,2025-02,Manual,U004,U007,2025-02-05 08:00:29,8,0,-23,1333.58,0
ERP-001077,2025-02,Recurring,U011,U001,2025-02-05 03:08:23,3,0,-23,4756.93,0
ERP-001078,2025-02,Recurring,U011,U001,2025-02-13 03:35:30,3,0,-15,103012.86,0
ERP-001079,2025-02,Interface,U010,U001,2025-02-21 03:41:46,3,0,-7,1852.2,0
ERP-001080,2025-02,Interface,U010,U001,2025-02-03 22:44:22,22,0,-25,-8035.8,0
ERP-001081,2025-02,Interface,U010,U001,2025-02-12 02:53:06,2,0,-16,4361.95,0
ERP-001082,2025-02,Interface,U010,U001,2025-02-08 23:29:20,23,1,-20,1466.21,1
ERP-001083,2025-02,Manual,U006,U008,2025-02-27 20:49:16,20,0,-1,5444.59,0
ERP-001084,2025-02,Interface,U010,U001,2025-02-12 22:17:47,22,0,-16,6892.28,0
ERP-001085,2025-02,Recurring,U011,U001,2025-02-19 23:00:00,23,0,-9,1457.19,0
ERP-001086,2025-02,Interface,U010,U001,2025-02-27 02:18:32,2,0,-1,-15582.11,0
ERP-001087,2025-02,Manual,U008,U006,2025-02-23 10:37:37,10,1,-5,-548.46,0
ERP-001088,2025-02,Recurring,U011,U001,2025-02-17 02:43:52,2,0,-11,7282.75,0
ERP-001089,2025-02,Manual,U009,U007,2025-02-02 12:04:33,12,1,-26,302.17,0
ERP-001090,2025-02,Manual,U007,U007,2025-02-11 10:03:03,10,0,-17,-485.87,0
ERP-001091,2025-02,Interface,U010,U001,2025-02-24 22:04:00,22,0,-4,2870.35,0
ERP-001092,2025-02,Manual,U004,U001,2025-02-05 17:55:17,17,0,-23,-1714.56,0
ERP-001093,2025-02,Interface,U010,U001,2025-02-15 22:18:52,22,1,-13,24144.3,0
ERP-001094,2025-02,Manual,U009,U005,2025-02-07 17:13:20,17,0,-21,398.52,0
ERP-001095,2025-02,Interface,U010,U001,2025-02-15 03:40:00,3,1,-13,11755.65,0
ERP-001096,2025-02,Interface,U010,U001,2025-02-17 23:02:24,23,0,-11,2253.39,0
ERP-001097,2025-02,Interface,U010,U001,2025-02-15 02:38:30,2,1,-13,-293.69,0
ERP-001098,2025-02,Recurring,U011,U001,2025-02-18 23:36:34,23,0,-10,1017.61,0
ERP-001099,2025-02,Interface,U010,U001,2025-02-16 23:55:09,23,1,-12,1287.18,0
ERP-001100,2025-02,Interface,U010,U001,2025-02-06 02:45:57,2,0,-22,8239.23,0
ERP-001101,2025-02,Interface,U010,U001,2025-02-28 23:05:25,23,0,0,-8226.91,0
ERP-001102,2025-02,Interface,U010,U001,2025-02-06 02:33:36,2,0,-22,4895.61,0
ERP-001103,2025-02,Interface,U010,U001,2025-02-20 04:45:43,4,0,-8,2432.24,0
ERP-001104,2025-02,Interface,U010,U001,2025-02-02 03:38:04,3,1,-26,1536.85,0
ERP-001105,2025-02,Recurring,U011,U001,2025-02-07 02:29:15,2,0,-21,-399.48,0
ERP-001106,2025-02,Manual,U006,U006,2025-02-19 12:25:38,12,0,-9,17606.21,0
ERP-001107,2025-02,Manual,U008,U006,2025-02-09 17:57:41,17,1,-19,676.07,0
ERP-001108,2025-02,Manual,U003,U001,2025-02-01 22:31:03,22,1,-27,715.04,0
ERP-001109,2025-02,Manual,U003,U005,2025-02-08 12:15:17,12,1,-20,523.83,0
ERP-001110,2025-02,Interface,U010,U001,2025-02-12 22:49:26,22,0,-16,633.0,0
ERP-001111,2025-02,Manual,U004,U008,2025-02-14 15:14:58,15,0,-14,-4152.72,0
ERP-001112,2025-02,Interface,U010,U001,2025-02-23 04:59:54,4,1,-5,243.34,0
ERP-001113,2025-02,Interface,U010,U001,2025-02-26 22:04:38,22,0,-2,-6849.72,0
ERP-001114,2025-02,Interface,U010,U001,2025-02-10 04:54:12,4,0,-18,-3076.56,0
ERP-001115,2025-02,Interface,U010,U001,2025-02-10 02:49:21,2,0,-18,-562.24,0
ERP-001116,2025-02,Interface,U010,U001,2025-02-25 03:26:07,3,0,-3,563.29,0
ERP-001117,2025-02,Interface,U010,U001,2025-02-06 02:01:13,2,0,-22,-284.6,0
ERP-001118,2025-02,Recurring,U011,U001,2025-02-11 22:47:39,22,0,-17,-920.74,0
ERP-001119,2025-02,Interface,U010,U001,2025-02-09 03:44:22,3,1,-19,3260.99,0
ERP-001120,2025-02,Interface,U010,U001,2025-02-21 03:59:04,3,0,-7,1822.6,0
ERP-001121,2025-02,Interface,U010,U001,2025-02-28 22:39:37,22,0,0,-2096.04,0
ERP-001122,2025-02,Interface,U010,U001,2025-02-11 04:55:34,4,0,-17,8066.68,0
ERP-001123,2025-02,Interface,U010,U001,2025-02-25 04:29:16,4,0,-3,-14528.19,0
ERP-001124,2025-02,Recurring,U011,U001,2025-02-04 22:39:32,22,0,-24,236.4,0
ERP-001125,2025-02,Interface,U010,U001,2025-02-03 04:00:31,4,0,-25,398.38,0
ERP-001126,2025-02,Interface,U010,U001,2025-02-17 02:14:00,2,0,-11,-24530.76,1
ERP-001127,2025-02,Interface,U010,U001,2025-02-09 02:34:45,2,1,-19,6113.82,0
ERP-001128,2025-02,Interface,U010,U001,2025-02-20 02:48:39,2,0,-8,-495.71,0
ERP-001129,2025-02,Recurring,U011,U001,2025-02-08 03:46:01,3,1,-20,439.3,0
ERP-001130,2025-02,Manual,U009,U007,2025-02-17 16:40:46,16,0,-11,-4902.53,0
ERP-001131,2025-02,Interface,U010,U001,2025-02-10 22:55:49,22,0,-18,-1240.08,0
ERP-001132,2025-02,Interface,U010,U001,2025-02-17 04:31:37,4,0,-11,877.9,0
ERP-001133,2025-02,Manual,U005,U006,2025-02-24 15:16:17,15,0,-4,2937.31,0
ERP-001134,2025-02,Interface,U010,U001,2025-02-17 23:01:01,23,0,-11,1471.98,0
ERP-001135,2025-02,Recurring,U011,U001,2025-02-04 03:14:57,3,0,-24,658.58,0
ERP-001136,2025-02,Manual,U006,U007,2025-02-20 14:53:39,14,0,-8,927.77,0
ERP-001137,2025-02,Interface,U010,U001,2025-02-08 22:43:35,22,1,-20,7433.88,0
ERP-001138,2025-02,Interface,U010,U001,2025-02-25 22:22:27,22,0,-3,-1269.51,0
ERP-001139,2025-02,Recurring,U011,U001,2025-02-03 02:39:49,2,0,-25,1173.46,0
ERP-001140,2025-02,Recurring,U011,U001,2025-02-08 02:03:00,2,1,-20,-1720.01,0
ERP-001141,2025-02,Recurring,U011,U001,2025-02-25 03:46:48,3,0,-3,44147.98,0
ERP-001142,2025-02,Interface,U010,U001,2025-02-13 22:26:33,22,0,-15,-959.32,0
ERP-001143,2025-02,Interface,U010,U001,2025-02-10 02:50:49,2,0,-18,589.12,0
ERP-001144,2025-02,Recurring,U011,U001,2025-02-12 23:50:06,23,0,-16,475.79,0
ERP-001145,2025-02,Interface,U010,U001,2025-02-03 04:47:31,4,0,-25,1124.48,0
ERP-001146,2025-02,Manual,U003,U007,2025-02-17 09:15:35,9,0,-11,268.11,0
ERP-001147,2025-02,Interface,U010,U001,2025-02-05 23:02:04,23,0,-23,2286.59,0
ERP-001148,2025-02,Interface,U010,U001,2025-02-21 23:16:30,23,0,-7,-334.92,0
ERP-001149,2025-02,Interface,U010,U001,2025-02-15 04:31:54,4,1,-13,639.94,0
ERP-001150,2025-02,Interface,U010,U001,2025-02-24 23:26:09,23,0,-4,-1828.12,0
ERP-001151,2025-02,Manual,U002,U003,2025-02-15 12:55:26,12,1,-13,-791.88,0
ERP-001152,2025-02,Manual,U004,U008,2025-02-27 12:02:43,12,0,-1,1050.88,0
ERP-001153,2025-02,Manual,U005,U007,2025-02-20 20:27:41,20,0,-8,4815.06,0
ERP-001154,2025-02,Manual,U006,U002,2025-02-02 17:27:32,17,1,-26,843.71,0
ERP-001155,2025-02,Interface,U010,U001,2025-02-14 03:17:24,3,0,-14,-1171.77,0
ERP-001156,2025-02,Interface,U010,U001,2025-02-27 03:32:33,3,0,-1,-3854.55,0
ERP-001157,2025-02,Interface,U010,U001,2025-02-11 02:37:05,2,0,-17,8141.85,0
ERP-001158,2025-02,Interface,U010,U001,2025-02-09 04:35:54,4,1,-19,-960.58,0
ERP-001159,2025-02,Interface,U010,U001,2025-02-08 23:30:19,23,1,-20,-398.27,0
ERP-001160,2025-02,Interface,U010,U001,2025-02-18 02:55:50,2,0,-10,-1039.02,0
ERP-001161,2025-02,Manual,U005,U004,2025-02-25 17:26:02,17,0,-3,346.48,0
ERP-001162,2025-02,Recurring,U011,U001,2025-02-19 03:57:28,3,0,-9,926.48,0
ERP-001163,2025-02,Interface,U010,U001,2025-02-09 23:23:46,23,1,-19,2499.1,0
ERP-001164,2025-02,Manual,U005,U002,2025-02-28 14:10:25,14,0,0,293.44,0
ERP-001165,2025-02,Interface,U010,U001,2025-02-05 03:32:59,3,0,-23,865.25,0
ERP-001166,2025-02,Interface,U010,U001,2025-02-13 23:20:30,23,0,-15,87.91,0
ERP-001167,2025-02,Interface,U010,U001,2025-02-25 04:37:04,4,0,-3,1191.3,0
ERP-001168,2025-02,Interface,U010,U001,2025-02-13 23:07:10,23,0,-15,2856.86,0
ERP-001169,2025-02,Interface,U010,U001,2025-02-19 02:03:45,2,0,-9,2272.88,0
ERP-001170,2025-02,Manual,U003,U002,2025-02-25 16:29:43,16,0,-3,11220.54,0
ERP-001171,2025-02,Manual,U005,U007,2025-02-03 00:47:02,0,0,-25,3068.93,0
ERP-001172,2025-02,Recurring,U011,U001,2025-02-19 03:32:15,3,0,-9,2125.09,0
ERP-001173,2025-02,Interface,U010,U001,2025-02-08 04:34:33,4,1,-20,-2569.08,0
ERP-001174,2025-02,Interface,U010,U001,2025-02-16 22:16:38,22,1,-12,2845.41,0
ERP-001175,2025-02,Manual,U003,U007,2025-02-14 14:03:07,14,0,-14,867.97,0
ERP-001176,2025-02,Interface,U010,U001,2025-02-28 03:43:43,3,0,0,2476.2,0
ERP-001177,2025-02,Recurring,U011,U001,2025-02-09 03:56:56,3,1,-19,2242.22,0
ERP-001178,2025-02,Interface,U010,U001,2025-02-12 22:18:44,22,0,-16,-11546.52,0
ERP-001179,2025-02,Interface,U010,U001,2025-02-27 23:43:54,23,0,-1,13893.42,0
ERP-001180,2025-02,Manual,U006,U005,2025-02-19 17:42:37,17,0,-9,-4749.14,0
ERP-001181,2025-02,Interface,U010,U001,2025-02-16 02:26:40,2,1,-12,316.0,0
ERP-001182,2025-02,Manual,U003,U004,2025-02-26 08:41:39,8,0,-2,4934.14,0
ERP-001183,2025-02,Manual,U008,U007,2025-02-26 10:13:03,10,0,-2,-3307.03,0
ERP-001184,2025-02,Manual,U006,U001,2025-02-15 11:12:38,11,1,-13,621.82,0
ERP-001185,2025-02,Interface,U010,U001,2025-02-16 04:12:23,4,1,-12,1523.91,0
ERP-001186,2025-02,Interface,U010,U001,2025-02-15 02:07:37,2,1,-13,1344.79,0
ERP-001187,2025-02,Interface,U010,U001,2025-02-14 02:11:09,2,0,-14,2608.93,0
ERP-001188,2025-02,Manual,U007,U008,2025-02-16 10:08:05,10,1,-12,4133.86,0
ERP-001189,2025-02,Interface,U010,U001,2025-02-06 22:50:04,22,0,-22,-3429.71,0
ERP-001190,2025-02,Interface,U010,U001,2025-02-20 04:53:22,4,0,-8,20799.2,0
ERP-001191,2025-02,Interface,U010,U001,2025-02-13 23:07:12,23,0,-15,-5979.01,0
ERP-001192,2025-02,Recurring,U011,U001,2025-02-22 22:30:21,22,1,-6,-413.84,0
ERP-001193,2025-02,Interface,U010,U001,2025-02-08 23:47:29,23,1,-20,2768.59,1
ERP-001194,2025-02,Manual,U004,U002,2025-02-08 12:00:37,12,1,-20,378.07,0
ERP-001195,2025-02,Manual,U007,U003,2025-02-28 21:36:28,21,0,0,3880.92,0
ERP-001196,2025-02,Manual,U007,U005,2025-02-14 14:46:58,14,0,-14,2491.48,0
ERP-001197,2025-02,Recurring,U011,U001,2025-02-26 03:08:23,3,0,-2,12372.38,0
ERP-001198,2025-02,Interface,U010,U001,2025-02-06 02:31:12,2,0,-22,628.33,0
ERP-001199,2025-02,Recurring,U011,U001,2025-02-03 04:36:37,4,0,-25,-2600.96,0
ERP-001200,2025-02,Manual,U005,U002,2025-02-18 00:00:40,0,0,-10,-3957.26,0
ERP-001201,2025-02,Recurring,U011,U001,2025-02-27 22:15:14,22,0,-1,2565.78,0
ERP-001202,2025-02,Interface,U010,U001,2025-02-15 04:01:44,4,1,-13,-1704.3,0
ERP-001203,2025-02,Interface,U010,U001,2025-02-06 23:07:13,23,0,-22,5802.93,0
ERP-001204,2025-02,Manual,U007,U001,2025-02-17 14:35:21,14,0,-11,10954.34,0
ERP-001205,2025-02,Manual,U002,U008,2025-02-17 12:18:46,12,0,-11,1521.03,0
ERP-001206,2025-02,Interface,U010,U001,2025-02-26 02:40:36,2,0,-2,2858.7,0
ERP-001207,2025-02,Recurring,U011,U001,2025-02-15 22:13:59,22,1,-13,489.7,0
ERP-001208,2025-02,Interface,U010,U001,2025-02-04 23:58:17,23,0,-24,-2648.85,0
ERP-001209,2025-02,Manual,U009,U006,2025-02-25 09:39:46,9,0,-3,2202.25,0
ERP-001210,2025-02,Recurring,U011,U001,2025-02-21 04:15:56,4,0,-7,-9068.72,0
ERP-001211,2025-02,Recurring,U011,U001,2025-02-14 23:49:09,23,0,-14,-3023.39,0
ERP-001212,2025-02,Interface,U010,U001,2025-02-11 22:11:19,22,0,-17,1235.59,0
ERP-001213,2025-02,Interface,U010,U001,2025-02-07 22:09:42,22,0,-21,-14926.91,0
ERP-001214,2025-02,Interface,U010,U001,2025-02-19 04:52:00,4,0,-9,1139.46,0
ERP-001215,2025-02,Interface,U010,U001,2025-02-19 02:13:28,2,0,-9,-3353.36,0
ERP-001216,2025-02,Interface,U010,U001,2025-02-25 23:09:20,23,0,-3,2787.32,0
ERP-001217,2025-02,Interface,U010,U001,2025-02-16 02:23:23,2,1,-12,1552.65,0
ERP-001218,2025-02,Interface,U010,U001,2025-02-28 22:49:30,22,0,0,-2017.13,0
ERP-001219,2025-02,Interface,U010,U001,2025-02-02 04:43:48,4,1,-26,116.37,0
ERP-001220,2025-02,Interface,U010,U001,2025-02-16 23:52:22,23,1,-12,2792.77,0
ERP-001221,2025-02,Interface,U010,U001,2025-02-07 22:22:16,22,0,-21,644.39,0
ERP-001222,2025-02,Interface,U010,U001,2025-02-03 02:53:41,2,0,-25,200.01,0
ERP-001223,2025-02,Interface,U010,U001,2025-02-27 04:57:56,4,0,-1,2424.58,0
ERP-001224,2025-02,Manual,U001,U005,2025-02-24 15:08:07,15,0,-4,7354.52,0
ERP-001225,2025-02,Interface,U010,U001,2025-02-17 04:20:14,4,0,-11,1154.86,0
ERP-001226,2025-02,Manual,U007,U005,2025-02-28 14:42:45,14,0,0,165.9,0
ERP-001227,2025-02,Interface,U010,U001,2025-02-27 22:49:57,22,0,-1,-820.34,0
ERP-001228,2025-02,Interface,U010,U001,2025-02-09 23:47:06,23,1,-19,327.42,0
ERP-001229,2025-02,Interface,U010,U001,2025-02-19 03:12:39,3,0,-9,824.91,0
ERP-001230,2025-02,Interface,U010,U001,2025-02-06 03:08:24,3,0,-22,6402.4,0
ERP-001231,2025-02,Interface,U010,U001,2025-02-20 03:19:20,3,0,-8,16900.36,0
ERP-001232,2025-02,Interface,U010,U001,2025-02-26 02:07:16,2,0,-2,642.44,0
ERP-001233,2025-02,Interface,U010,U001,2025-02-24 02:05:00,2,0,-4,514.3,0
ERP-001234,2025-02,Interface,U010,U001,2025-02-23 23:33:51,23,1,-5,1820.65,0
ERP-001235,2025-02,Interface,U010,U001,2025-02-17 04:55:06,4,0,-11,541.93,0
ERP-001236,2025-02,Manual,U003,U004,2025-02-20 14:12:40,14,0,-8,6297.53,0
ERP-001237,2025-02,Recurring,U011,U001,2025-02-04 03:14:47,3,0,-24,2361.34,0
ERP-001238,2025-02,Interface,U010,U001,2025-02-10 22:20:28,22,0,-18,5005.6,0
ERP-001239,2025-02,Interface,U010,U001,2025-02-10 03:15:45,3,0,-18,-4155.98,0
ERP-001240,2025-02,Manual,U009,U005,2025-02-01 12:36:04,12,1,-27,525.22,0
ERP-001241,2025-02,Manual,U001,U008,2025-02-21 21:25:22,21,0,-7,-342.54,0
ERP-001242,2025-02,Interface,U010,U001,2025-02-18 02:40:30,2,0,-10,407.15,0
ERP-001243,2025-02,Interface,U010,U001,2025-02-16 04:00:53,4,1,-12,1687.23,1
ERP-001244,2025-02,Recurring,U011,U001,2025-02-03 22:08:10,22,0,-25,1185.7,0
ERP-001245,2025-02,Manual,U001,U007,2025-02-21 10:14:10,10,0,-7,515.67,0
ERP-001246,2025-02,Interface,U010,U001,2025-02-05 03:03:50,3,0,-23,2281.51,0
ERP-001247,2025-02,Manual,U006,U002,2025-02-18 10:45:20,10,0,-10,1238.61,0
ERP-001248,2025-02,Interface,U010,U001,2025-02-05 04:07:23,4,0,-23,883.22,0
ERP-001249,2025-02,Manual,U001,U007,2025-02-24 12:22:27,12,0,-4,352.22,0
ERP-001250,2025-02,Interface,U010,U001,2025-02-26 23:26:36,23,0,-2,6973.9,0
ERP-001251,2025-02,Interface,U010,U001,2025-02-19 23:14:23,23,0,-9,204.31,0
ERP-001252,2025-02,Interface,U010,U001,2025-02-02 23:00:42,23,1,-26,-4713.37,0
ERP-001253,2025-02,Interface,U010,U001,2025-02-26 03:04:16,3,0,-2,703.77,0
ERP-001254,2025-02,Interface,U010,U001,2025-02-22 04:01:55,4,1,-6,-5791.37,0
ERP-001255,2025-02,Recurring,U011,U001,2025-02-06 23:00:11,23,0,-22,-965.2,0
ERP-001256,2025-02,Manual,U006,U008,2025-02-01 09:36:42,9,1,-27,5946.04,0
ERP-001257,2025-02,Interface,U010,U001,2025-02-03 23:42:25,23,0,-25,2856.17,0
ERP-001258,2025-02,Interface,U010,U001,2025-02-17 03:33:35,3,0,-11,3155.54,0
ERP-001259,2025-02,Interface,U010,U001,2025-02-10 22:22:36,22,0,-18,12949.35,1
ERP-001260,2025-02,Recurring,U011,U001,2025-02-18 23:22:15,23,0,-10,2487.04,0
ERP-001261,2025-02,Interface,U010,U001,2025-02-07 03:14:38,3,0,-21,1214.87,0
ERP-001262,2025-02,Recurring,U011,U001,2025-02-28 03:10:03,3,0,0,-1181.56,0
ERP-001263,2025-02,Interface,U010,U001,2025-02-28 22:18:10,22,0,0,404.06,1
ERP-001264,2025-02,Manual,U004,U007,2025-02-09 12:50:29,12,1,-19,665.62,0
ERP-001265,2025-02,Recurring,U011,U001,2025-02-23 22:48:16,22,1,-5,500.4,0
ERP-001266,2025-02,Manual,U005,U004,2025-02-07 15:59:05,15,0,-21,2316.23,0
ERP-001267,2025-02,Recurring,U011,U001,2025-02-19 02:13:15,2,0,-9,816.53,0
ERP-001268,2025-02,Manual,U002,U005,2025-02-01 14:08:09,14,1,-27,-5604.39,0
ERP-001269,2025-02,Interface,U010,U001,2025-02-02 22:11:22,22,1,-26,866.67,0
ERP-001270,2025-02,Interface,U010,U001,2025-02-01 03:30:05,3,1,-27,-262.03,0
ERP-001271,2025-02,Interface,U010,U001,2025-02-20 22:13:52,22,0,-8,5474.95,0
ERP-001272,2025-02,Manual,U008,U002,2025-02-03 08:12:48,8,0,-25,-4011.02,0
ERP-001273,2025-02,Manual,U006,U001,2025-02-03 14:03:12,14,0,-25,-1176.3,0
ERP-001274,2025-02,Interface,U010,U001,2025-02-24 03:24:30,3,0,-4,775.03,0
ERP-001275,2025-02,Interface,U010,U001,2025-02-10 23:31:14,23,0,-18,-1277.73,0
ERP-001276,2025-02,Recurring,U011,U001,2025-02-25 02:53:58,2,0,-3,536.84,0
ERP-001277,2025-02,Interface,U010,U001,2025-02-19 04:34:56,4,0,-9,-4614.06,0
ERP-001278,2025-02,Interface,U010,U001,2025-02-02 22:22:58,22,1,-26,-2080.73,0
ERP-001279,2025-02,Interface,U010,U001,2025-02-28 23:51:27,23,0,0,7698.83,0
ERP-001280,2025-02,Manual,U007,U004,2025-02-27 06:15:06,6,0,-1,936.52,0
ERP-001281,2025-02,Manual,U004,U002,2025-02-20 13:05:39,13,0,-8,2539.95,0
ERP-001282,2025-02,Manual,U002,U007,2025-02-11 12:23:27,12,0,-17,123.35,0
ERP-001283,2025-02,Interface,U010,U001,2025-02-23 04:39:56,4,1,-5,6017.07,0
ERP-001284,2025-02,Manual,U003,U008,2025-02-11 13:24:35,13,0,-17,1027.5,0
ERP-001285,2025-02,Recurring,U011,U001,2025-02-05 03:41:40,3,0,-23,-185.49,0
ERP-001286,2025-02,Recurring,U011,U001,2025-02-05 02:37:23,2,0,-23,2364.21,0
ERP-001287,2025-02,Manual,U008,U006,2025-02-05 15:24:16,15,0,-23,-6324.57,0
ERP-001288,2025-02,Interface,U010,U001,2025-02-16 03:49:48,3,1,-12,1649.8,0
ERP-001289,2025-02,Interface,U010,U001,2025-02-24 22:54:34,22,0,-4,648.16,0
ERP-001290,2025-02,Recurring,U011,U001,2025-02-01 02:56:55,2,1,-27,17833.54,0
ERP-001291,2025-02,Interface,U010,U001,2025-02-06 22:22:30,22,0,-22,811.01,0
ERP-001292,2025-02,Recurring,U011,U001,2025-02-19 02:20:42,2,0,-9,1090.17,0
ERP-001293,2025-02,Manual,U008,U005,2025-02-28 08:45:33,8,0,0,242.4,0
ERP-001294,2025-02,Interface,U010,U001,2025-02-02 22:05:12,22,1,-26,-9652.84,0
ERP-001295,2025-02,Interface,U010,U001,2025-02-07 02:42:13,2,0,-21,3699.39,0
ERP-001296,2025-02,Interface,U010,U001,2025-02-09 03:48:37,3,1,-19,-901.94,0
ERP-001297,2025-02,Interface,U010,U001,2025-02-13 04:40:28,4,0,-15,909.04,0
ERP-001298,2025-02,Interface,U010,U001,2025-02-15 04:27:29,4,1,-13,682.92,0
ERP-001299,2025-02,Manual,U003,U003,2025-02-16 12:21:25,12,1,-12,4921.88,1
ERP-001300,2025-02,Interface,U010,U001,2025-02-22 23:11:43,23,1,-6,8948.85,0
ERP-001301,2025-02,Manual,U008,U002,2025-02-16 09:54:01,9,1,-12,-1107.37,0
ERP-001302,2025-02,Manual,U009,U005,2025-02-21 11:49:40,11,0,-7,3436.53,0
ERP-001303,2025-02,Recurring,U011,U001,2025-02-12 02:39:47,2,0,-16,2631.0,0
ERP-001304,2025-02,Interface,U010,U001,2025-02-01 04:17:56,4,1,-27,-2937.27,0
ERP-001305,2025-02,Interface,U010,U001,2025-02-04 03:21:47,3,0,-24,-3241.73,0
ERP-001306,2025-02,Manual,U002,U008,2025-02-02 17:29:08,17,1,-26,-170.08,0
ERP-001307,2025-02,Interface,U010,U001,2025-02-17 02:17:26,2,0,-11,468.6,0
ERP-001308,2025-02,Interface,U010,U001,2025-02-06 04:04:45,4,0,-22,1378.79,0
ERP-001309,2025-02,Interface,U010,U001,2025-02-26 04:06:17,4,0,-2,2777.3,0
ERP-001310,2025-02,Interface,U010,U001,2025-02-26 02:48:56,2,0,-2,3270.69,0
ERP-001311,2025-02,Recurring,U011,U001,2025-02-11 23:09:14,23,0,-17,-4576.54,0
ERP-001312,2025-02,Interface,U010,U001,2025-02-13 02:40:51,2,0,-15,3942.27,0
ERP-001313,2025-02,Recurring,U011,U001,2025-02-22 04:16:46,4,1,-6,2565.91,0
ERP-001314,2025-02,Manual,U005,U006,2025-02-19 13:31:46,13,0,-9,-4946.17,0
ERP-001315,2025-02,Recurring,U011,U001,2025-02-02 23:21:23,23,1,-26,5344.3,0
ERP-001316,2025-02,Manual,U009,U005,2025-02-13 09:35:19,9,0,-15,4615.5,0
ERP-001317,2025-02,Recurring,U011,U001,2025-02-04 03:56:43,3,0,-24,2450.03,0
ERP-001318,2025-02,Recurring,U011,U001,2025-02-15 23:51:08,23,1,-13,-959.82,0
ERP-001319,2025-02,Interface,U010,U001,2025-02-27 02:55:35,2,0,-1,2090.81,0
ERP-001320,2025-02,Interface,U010,U001,2025-02-04 03:57:59,3,0,-24,891.88,0
ERP-001321,2025-02,Interface,U010,U001,2025-02-25 03:13:04,3,0,-3,3732.57,0
ERP-001322,2025-02,Manual,U004,U008,2025-02-09 08:39:35,8,1,-19,1529.49,0
ERP-001323,2025-02,Recurring,U011,U001,2025-02-15 23:20:55,23,1,-13,1308.23,0
ERP-001324,2025-02,Manual,U006,U007,2025-02-22 15:01:06,15,1,-6,-6677.45,0
ERP-001325,2025-02,Interface,U010,U001,2025-02-17 04:02:28,4,0,-11,1033.26,0
ERP-001326,2025-02,Interface,U010,U001,2025-02-19 03:44:40,3,0,-9,-2922.75,0
ERP-001327,2025-02,Manual,U007,U007,2025-02-11 16:09:40,16,0,-17,357.54,0
ERP-001328,2025-02,Recurring,U011,U001,2025-02-17 02:26:51,2,0,-11,2069.35,0
ERP-001329,2025-02,Recurring,U011,U001,2025-02-04 23:08:43,23,0,-24,4707.23,0
ERP-001330,2025-02,Interface,U010,U001,2025-02-16 22:19:50,22,1,-12,579.78,0
ERP-001331,2025-02,Recurring,U011,U001,2025-02-03 22:45:59,22,0,-25,-275.78,1
ERP-001332,2025-02,Manual,U002,U006,2025-02-03 21:05:48,21,0,-25,3902.29,0
ERP-001333,2025-02,Interface,U010,U001,2025-02-05 02:43:01,2,0,-23,-1157.97,0
ERP-001334,2025-02,Manual,U008,U002,2025-02-04 23:44:46,23,0,-24,732.03,0
ERP-001335,2025-02,Interface,U010,U001,2025-02-07 02:51:07,2,0,-21,221.69,0
ERP-001336,2025-02,Manual,U006,U008,2025-02-27 21:49:40,21,0,-1,-3662.81,0
ERP-001337,2025-02,Manual,U007,U007,2025-02-18 08:55:18,8,0,-10,-1215.43,0
ERP-001338,2025-02,Recurring,U011,U001,2025-02-18 22:50:25,22,0,-10,2300.94,0
ERP-001339,2025-02,Recurring,U011,U001,2025-02-09 02:25:25,2,1,-19,-439.64,0
ERP-001340,2025-02,Manual,U004,U006,2025-02-11 12:22:38,12,0,-17,-2000.0,0
ERP-001341,2025-02,Recurring,U011,U001,2025-02-19 23:39:59,23,0,-9,2336.37,0
ERP-001342,2025-02,Interface,U010,U001,2025-02-23 04:57:30,4,1,-5,8374.08,0
ERP-001343,2025-02,Interface,U010,U001,2025-02-05 23:18:14,23,0,-23,1974.71,0
ERP-001344,2025-02,Interface,U010,U001,2025-02-12 03:10:01,3,0,-16,2005.6,0
ERP-001345,2025-02,Interface,U010,U001,2025-02-22 22:10:37,22,1,-6,2018.89,0
ERP-001346,2025-02,Manual,U001,U004,2025-02-23 15:22:57,15,1,-5,1805.17,0
ERP-001347,2025-02,Manual,U003,U005,2025-02-20 15:50:06,15,0,-8,431.7,0
ERP-001348,2025-02,Interface,U010,U001,2025-02-09 04:12:30,4,1,-19,968.58,0
ERP-001349,2025-02,Interface,U010,U001,2025-02-22 23:10:35,23,1,-6,-4738.82,1
ERP-001350,2025-02,Interface,U010,U001,2025-02-04 23:10:03,23,0,-24,5430.0,0
ERP-001351,2025-02,Manual,U006,U007,2025-02-23 16:39:47,16,1,-5,11802.0,0
ERP-001352,2025-02,Manual,U009,U001,2025-02-03 08:42:01,8,0,-25,-137.81,0
ERP-001353,2025-02,Interface,U010,U001,2025-02-11 02:35:51,2,0,-17,745.4,0
ERP-001354,2025-02,Interface,U010,U001,2025-02-03 02:04:42,2,0,-25,607.35,0
ERP-001355,2025-02,Interface,U010,U001,2025-02-26 04:40:36,4,0,-2,-5486.76,0
ERP-001356,2025-02,Interface,U010,U001,2025-02-05 04:11:39,4,0,-23,7291.28,0
ERP-001357,2025-02,Interface,U010,U001,2025-02-23 22:49:40,22,1,-5,1680.32,0
ERP-001358,2025-02,Interface,U010,U001,2025-02-04 03:33:18,3,0,-24,727.93,0
ERP-001359,2025-02,Manual,U009,U004,2025-02-16 14:28:23,14,1,-12,12174.28,0
ERP-001360,2025-02,Interface,U010,U001,2025-02-18 22:58:11,22,0,-10,517.65,0
ERP-001361,2025-02,Interface,U010,U001,2025-02-24 03:02:43,3,0,-4,677.94,0
ERP-001362,2025-02,Interface,U010,U001,2025-02-01 22:06:03,22,1,-27,-4256.47,0
ERP-001363,2025-02,Manual,U007,U008,2025-02-23 13:58:03,13,1,-5,-3749.64,0
ERP-001364,2025-02,Interface,U010,U001,2025-02-12 04:58:02,4,0,-16,2674.11,0
ERP-001365,2025-02,Interface,U010,U001,2025-02-07 03:14:27,3,0,-21,-1011.61,0
ERP-001366,2025-02,Interface,U010,U001,2025-02-19 22:16:47,22,0,-9,-501.59,0
ERP-001367,2025-02,Interface,U010,U001,2025-02-18 22:32:49,22,0,-10,654.32,0
ERP-001368,2025-02,Interface,U010,U001,2025-02-01 23:18:20,23,1,-27,5539.0,0
ERP-001369,2025-02,Interface,U010,U001,2025-02-22 02:34:41,2,1,-6,3517.65,0
ERP-001370,2025-02,Interface,U010,U001,2025-02-22 03:21:33,3,1,-6,235.46,0
ERP-001371,2025-02,Interface,U010,U001,2025-02-16 23:46:53,23,1,-12,-1284.13,0
ERP-001372,2025-02,Recurring,U011,U001,2025-02-20 04:23:43,4,0,-8,1481.88,1
ERP-001373,2025-02,Recurring,U011,U001,2025-02-18 04:41:50,4,0,-10,7003.92,0
ERP-001374,2025-02,Interface,U010,U001,2025-02-24 04:34:25,4,0,-4,4993.97,0
ERP-001375,2025-02,Manual,U001,U007,2025-02-11 11:54:05,11,0,-17,3699.93,0
ERP-001376,2025-02,Interface,U010,U001,2025-02-23 03:42:53,3,1,-5,1510.63,0
ERP-001377,2025-02,Recurring,U011,U001,2025-02-14 04:31:46,4,0,-14,-825.64,0
ERP-001378,2025-02,Manual,U004,U006,2025-02-20 12:36:13,12,0,-8,1944.3,0
ERP-001379,2025-02,Interface,U010,U001,2025-02-02 03:16:26,3,1,-26,3083.64,0
ERP-001380,2025-02,Interface,U010,U001,2025-02-12 03:56:27,3,0,-16,7324.92,0
ERP-001381,2025-02,Interface,U010,U001,2025-02-13 04:53:12,4,0,-15,9772.53,0
ERP-001382,2025-02,Manual,U005,U002,2025-02-28 20:05:09,20,0,0,884.28,0
ERP-001383,2025-02,Manual,U005,U001,2025-02-13 10:27:12,10,0,-15,1274.85,0
ERP-001384,2025-02,Interface,U010,U001,2025-02-21 22:22:29,22,0,-7,382.73,0
ERP-001385,2025-02,Manual,U001,U006,2025-02-07 13:10:53,13,0,-21,607.3,0
ERP-001386,2025-02,Interface,U010,U001,2025-02-09 02:38:37,2,1,-19,5590.23,0
ERP-001387,2025-02,Manual,U004,U003,2025-02-04 06:15:20,6,0,-24,2227.68,0
ERP-001388,2025-02,Recurring,U011,U001,2025-02-13 04:05:08,4,0,-15,657.58,0
ERP-001389,2025-02,Recurring,U011,U001,2025-02-14 22:40:58,22,0,-14,4236.4,0
ERP-001390,2025-02,Manual,U005,U008,2025-02-03 13:08:38,13,0,-25,866.16,0
ERP-001391,2025-02,Manual,U006,U007,2025-02-15 11:14:34,11,1,-13,2205.19,0
ERP-001392,2025-02,Interface,U010,U001,2025-02-07 02:59:42,2,0,-21,-9604.85,1
ERP-001393,2025-02,Interface,U010,U001,2025-02-19 04:28:52,4,0,-9,-1775.28,0
ERP-001394,2025-02,Manual,U005,U008,2025-02-25 17:16:53,17,0,-3,964.34,0
ERP-001395,2025-02,Interface,U010,U001,2025-02-12 02:15:36,2,0,-16,-674.46,0
ERP-001396,2025-02,Manual,U002,U001,2025-02-28 21:52:26,21,0,0,-4086.3,0
ERP-001397,2025-02,Interface,U010,U001,2025-02-13 23:27:35,23,0,-15,989.3,0
ERP-001398,2025-02,Recurring,U011,U001,2025-02-13 23:01:28,23,0,-15,6520.64,0
ERP-001399,2025-02,Manual,U002,U007,2025-02-18 16:33:19,16,0,-10,511.19,0
ERP-001400,2025-02,Manual,U007,U007,2025-02-04 15:55:27,15,0,-24,1082.42,1
ERP-001401,2025-02,Interface,U010,U001,2025-02-23 23:23:48,23,1,-5,-3670.83,0
ERP-001402,2025-02,Manual,U003,U003,2025-02-22 15:25:29,15,1,-6,-1602.8,0
ERP-001403,2025-02,Interface,U010,U001,2025-02-09 04:38:36,4,1,-19,-1526.12,0
ERP-001404,2025-02,Interface,U010,U001,2025-02-21 03:22:11,3,0,-7,-1817.9,0
ERP-001405,2025-02,Recurring,U011,U001,2025-02-20 04:14:47,4,0,-8,835.24,0
ERP-001406,2025-02,Recurring,U011,U001,2025-02-19 04:00:33,4,0,-9,3546.03,0
ERP-001407,2025-02,Interface,U010,U001,2025-02-24 04:01:07,4,0,-4,3159.44,0
ERP-001408,2025-02,Interface,U010,U001,2025-02-11 03:25:49,3,0,-17,-5462.87,0
ERP-001409,2025-02,Interface,U010,U001,2025-02-06 23:07:48,23,0,-22,1910.72,0
ERP-001410,2025-02,Manual,U002,U008,2025-02-21 13:49:37,13,0,-7,1000.0,0
ERP-001411,2025-02,Manual,U001,U007,2025-02-23 09:32:28,9,1,-5,-12296.63,0
ERP-001412,2025-02,Interface,U010,U001,2025-02-22 02:06:33,2,1,-6,1486.8,0
ERP-001413,2025-02,Interface,U010,U001,2025-02-01 23:23:20,23,1,-27,-221.51,0
ERP-001414,2025-02,Recurring,U011,U001,2025-02-18 02:19:14,2,0,-10,3659.12,0
ERP-001415,2025-02,Interface,U010,U001,2025-02-10 02:56:26,2,0,-18,2251.62,0
ERP-001416,2025-02,Recurring,U011,U001,2025-02-10 23:55:56,23,0,-18,7362.39,0
ERP-001417,2025-02,Interface,U010,U001,2025-02-13 02:25:00,2,0,-15,1102.33,0
ERP-001418,2025-02,Manual,U009,U005,2025-02-23 13:56:14,13,1,-5,-3544.99,0
ERP-001419,2025-02,Manual,U003,U008,2025-02-01 22:27:20,22,1,-27,3000.0,0
ERP-001420,2025-02,Recurring,U011,U001,2025-02-14 04:58:12,4,0,-14,4403.76,1
ERP-001421,2025-02,Interface,U010,U001,2025-02-09 04:00:30,4,1,-19,-436.99,0
ERP-001422,2025-02,Interface,U010,U001,2025-02-09 04:16:50,4,1,-19,-130.84,0
ERP-001423,2025-02,Manual,U002,U007,2025-02-12 14:25:29,14,0,-16,5728.02,0
ERP-001424,2025-02,Recurring,U011,U001,2025-02-05 02:19:46,2,0,-23,-413.75,0
ERP-001425,2025-02,Manual,U004,U007,2025-02-08 08:19:54,8,1,-20,-603.96,0
ERP-001426,2025-02,Interface,U010,U001,2025-02-26 22:33:27,22,0,-2,742.99,0
ERP-001427,2025-02,Interface,U010,U001,2025-02-21 23:30:29,23,0,-7,3372.63,0
ERP-001428,2025-02,Recurring,U011,U001,2025-02-17 03:00:02,3,0,-11,131.57,0
ERP-001429,2025-02,Interface,U010,U001,2025-02-08 23:12:30,23,1,-20,515.32,0
ERP-001430,2025-02,Manual,U007,U008,2025-02-03 20:32:33,20,0,-25,-1518.13,0
ERP-001431,2025-02,Interface,U010,U001,2025-02-16 22:39:42,22,1,-12,-1887.26,0
ERP-001432,2025-02,Manual,U006,U008,2025-02-10 15:37:19,15,0,-18,1529.35,0
ERP-001433,2025-02,Interface,U010,U001,2025-02-21 02:55:19,2,0,-7,-4897.64,0
ERP-001434,2025-02,Interface,U010,U001,2025-02-12 04:21:59,4,0,-16,3937.92,0
ERP-001435,2025-02,Recurring,U011,U001,2025-02-05 03:18:09,3,0,-23,-11435.98,0
ERP-001436,2025-02,Interface,U010,U001,2025-02-22 03:09:04,3,1,-6,1023.3,0
ERP-001437,2025-02,Manual,U002,U006,2025-02-05 09:20:54,9,0,-23,-3627.42,0
ERP-001438,2025-02,Interface,U010,U001,2025-02-22 02:14:52,2,1,-6,3243.89,0
ERP-001439,2025-02,Interface,U010,U001,2025-02-11 23:15:01,23,0,-17,2496.97,0
ERP-001440,2025-02,Interface,U010,U001,2025-02-13 22:22:30,22,0,-15,3809.36,0
ERP-001441,2025-02,Interface,U010,U001,2025-02-26 04:10:40,4,0,-2,-1227.91,0
ERP-001442,2025-02,Interface,U010,U001,2025-02-12 03:42:15,3,0,-16,13261.04,0
ERP-001443,2025-02,Interface,U010,U001,2025-02-25 03:12:55,3,0,-3,924.46,0
ERP-001444,2025-02,Recurring,U011,U001,2025-02-23 23:38:39,23,1,-5,-2213.91,0
ERP-001445,2025-02,Interface,U010,U001,2025-02-10 03:11:32,3,0,-18,1410.61,0
ERP-001446,2025-02,Interface,U010,U001,2025-02-08 22:21:43,22,1,-20,-4581.65,0
ERP-001447,2025-02,Interface,U010,U001,2025-02-17 03:45:04,3,0,-11,-13352.98,0
ERP-001448,2025-02,Interface,U010,U001,2025-02-16 04:50:08,4,1,-12,946.16,0
ERP-001449,2025-02,Interface,U010,U001,2025-02-16 02:54:44,2,1,-12,4370.63,0
ERP-001450,2025-02,Recurring,U011,U001,2025-02-16 02:16:20,2,1,-12,-1313.6,0
ERP-001451,2025-02,Recurring,U011,U001,2025-02-09 03:30:26,3,1,-19,1275.79,0
ERP-001452,2025-02,Manual,U005,U006,2025-02-02 00:52:48,0,1,-26,-3180.98,0
ERP-001453,2025-02,Manual,U009,U003,2025-02-25 21:52:21,21,0,-3,1438.48,0
ERP-001454,2025-02,Recurring,U011,U001,2025-02-24 23:41:55,23,0,-4,1037.61,0
ERP-001455,2025-02,Manual,U002,U004,2025-02-06 17:50:59,17,0,-22,6276.55,0
ERP-001456,2025-02,Manual,U009,U004,2025-02-19 13:27:04,13,0,-9,-4754.74,0
ERP-001457,2025-02,Manual,U009,U007,2025-02-13 08:53:56,8,0,-15,-1000.04,0
ERP-001458,2025-02,Interface,U010,U001,2025-02-16 23:52:46,23,1,-12,946.06,0
ERP-001459,2025-02,Recurring,U011,U001,2025-02-19 22:21:43,22,0,-9,642.06,0
ERP-001460,2025-02,Interface,U010,U001,2025-02-03 02:42:21,2,0,-25,767.03,0
ERP-001461,2025-02,Manual,U006,U007,2025-02-14 10:29:47,10,0,-14,-12152.0,0
ERP-001462,2025-02,Recurring,U011,U001,2025-02-07 02:37:39,2,0,-21,-1176.67,0
ERP-001463,2025-02,Manual,U008,U006,2025-02-02 05:54:46,5,1,-26,-8438.77,0
ERP-001464,2025-02,Interface,U010,U001,2025-02-17 02:20:05,2,0,-11,466.88,0
ERP-001465,2025-02,Interface,U010,U001,2025-02-20 02:47:22,2,0,-8,2556.96,0
ERP-001466,2025-02,Recurring,U011,U001,2025-02-02 02:50:04,2,1,-26,3300.13,0
ERP-001467,2025-02,Manual,U005,U001,2025-02-06 17:24:15,17,0,-22,3885.68,0
ERP-001468,2025-02,Interface,U010,U001,2025-02-08 04:47:02,4,1,-20,-1598.42,0
ERP-001469,2025-02,Interface,U010,U001,2025-02-12 02:23:49,2,0,-16,3431.02,0
ERP-001470,2025-02,Interface,U010,U001,2025-02-17 23:42:30,23,0,-11,4193.67,0
ERP-001471,2025-02,Recurring,U011,U001,2025-02-23 02:53:02,2,1,-5,3006.95,0
ERP-001472,2025-02,Manual,U001,U006,2025-02-13 15:21:00,15,0,-15,-956.56,0
ERP-001473,2025-02,Interface,U010,U001,2025-02-11 22:28:56,22,0,-17,-5007.16,0
ERP-001474,2025-02,Interface,U010,U001,2025-02-20 02:16:41,2,0,-8,215.25,0
ERP-001475,2025-02,Manual,U007,U007,2025-02-10 15:37:33,15,0,-18,-1104.59,0
ERP-001476,2025-02,Manual,U007,U001,2025-02-25 01:00:38,1,0,-3,-347.23,0
ERP-001477,2025-02,Interface,U010,U001,2025-02-13 02:54:36,2,0,-15,4953.18,0
ERP-001478,2025-02,Interface,U010,U001,2025-02-16 22:31:10,22,1,-12,4083.5,0
ERP-001479,2025-02,Interface,U010,U001,2025-02-10 23:32:35,23,0,-18,-1509.89,0
ERP-001480,2025-02,Recurring,U011,U001,2025-02-01 02:01:58,2,1,-27,754.04,0
ERP-001481,2025-02,Interface,U010,U001,2025-02-17 03:10:53,3,0,-11,292.8,0
ERP-001482,2025-02,Interface,U010,U001,2025-02-02 22:24:43,22,1,-26,6057.14,0
ERP-001483,2025-02,Recurring,U011,U001,2025-02-12 02:46:46,2,0,-16,-438.11,0
ERP-001484,2025-02,Interface,U010,U001,2025-02-18 02:38:40,2,0,-10,-4524.63,0
ERP-001485,2025-02,Interface,U010,U001,2025-02-18 03:36:00,3,0,-10,1184.67,0
ERP-001486,2025-02,Interface,U010,U001,2025-02-06 04:17:54,4,0,-22,231.43,0
ERP-001487,2025-02,Interface,U010,U001,2025-02-20 02:11:10,2,0,-8,1913.76,0
ERP-001488,2025-02,Recurring,U011,U001,2025-02-03 23:27:54,23,0,-25,-2563.55,0
ERP-001489,2025-02,Interface,U010,U001,2025-02-15 23:47:15,23,1,-13,-1507.16,0
ERP-001490,2025-02,Interface,U010,U001,2025-02-22 02:46:55,2,1,-6,8735.58,0
ERP-001491,2025-02,Interface,U010,U001,2025-02-12 03:17:08,3,0,-16,-656.71,0
ERP-001492,2025-02,Manual,U009,U007,2025-02-03 17:49:52,17,0,-25,2213.73,0
ERP-001493,2025-02,Interface,U010,U001,2025-02-07 04:56:59,4,0,-21,654.86,0
ERP-001494,2025-02,Interface,U010,U001,2025-02-23 02:45:13,2,1,-5,459.9,0
ERP-001495,2025-02,Interface,U010,U001,2025-02-11 04:33:29,4,0,-17,3432.42,1
ERP-001496,2025-02,Interface,U010,U001,2025-02-13 03:51:07,3,0,-15,2086.44,0
ERP-001497,2025-02,Manual,U007,U004,2025-02-16 08:40:52,8,1,-12,1185.78,0
ERP-001498,2025-02,Manual,U004,U005,2025-02-12 16:52:19,16,0,-16,290.73,0
ERP-001499,2025-02,Interface,U010,U001,2025-02-04 04:18:52,4,0,-24,1419.65,0
ERP-001500,2025-02,Interface,U010,U001,2025-02-23 02:48:18,2,1,-5,378.48,0
ERP-001501,2025-02,Manual,U005,U007,2025-02-24 17:01:48,17,0,-4,-12494.22,0
ERP-001502,2025-02,Interface,U010,U001,2025-02-28 04:05:53,4,0,0,943.52,0
ERP-001503,2025-02,Interface,U010,U001,2025-02-16 23:59:12,23,1,-12,1337.78,0
ERP-001504,2025-02,Interface,U010,U001,2025-02-06 03:46:23,3,0,-22,435.37,0
ERP-001505,2025-02,Recurring,U011,U001,2025-02-22 03:30:43,3,1,-6,-1176.6,0
ERP-001506,2025-02,Interface,U010,U001,2025-02-12 23:48:51,23,0,-16,4736.95,0
ERP-001507,2025-02,Manual,U002,U003,2025-02-27 10:51:17,10,0,-1,-714.66,0
ERP-001508,2025-02,Interface,U010,U001,2025-02-28 04:08:41,4,0,0,-5598.97,0
ERP-001509,2025-02,Manual,U008,U006,2025-02-28 10:52:02,10,0,0,-405.11,0
ERP-001510,2025-02,Manual,U006,U005,2025-02-21 08:09:26,8,0,-7,4522.52,0
ERP-001511,2025-02,Manual,U006,U003,2025-02-15 14:26:43,14,1,-13,-2063.05,0
ERP-001512,2025-02,Manual,U005,U008,2025-02-11 12:37:39,12,0,-17,1178.05,0
ERP-001513,2025-02,Interface,U010,U001,2025-02-18 03:43:05,3,0,-10,8046.45,0
ERP-001514,2025-02,Interface,U010,U001,2025-02-19 23:01:56,23,0,-9,172.02,0
ERP-001515,2025-02,Interface,U010,U001,2025-02-10 04:06:42,4,0,-18,1964.1,0
ERP-001516,2025-02,Manual,U003,U006,2025-02-26 09:19:29,9,0,-2,-7989.65,0
ERP-001517,2025-02,Manual,U008,U003,2025-02-27 15:12:41,15,0,-1,4940.6,0
ERP-001518,2025-02,Interface,U010,U001,2025-02-07 02:59:32,2,0,-21,3447.91,0
ERP-001519,2025-02,Interface,U010,U001,2025-02-08 23:04:51,23,1,-20,427.97,0
ERP-001520,2025-02,Recurring,U011,U001,2025-02-27 23:50:28,23,0,-1,1258.43,0
ERP-001521,2025-02,Manual,U009,U001,2025-02-18 13:10:57,13,0,-10,6233.1,0
ERP-001522,2025-02,Manual,U004,U003,2025-02-25 13:18:50,13,0,-3,-842.75,0
ERP-001523,2025-02,Manual,U008,U001,2025-02-23 16:23:42,16,1,-5,-1359.06,0
ERP-001524,2025-02,Recurring,U011,U001,2025-02-11 22:52:22,22,0,-17,1160.96,0
ERP-001525,2025-02,Interface,U010,U001,2025-02-22 04:07:40,4,1,-6,-5020.08,0
ERP-001526,2025-02,Recurring,U011,U001,2025-02-07 22:58:28,22,0,-21,-3458.72,0
ERP-001527,2025-02,Manual,U002,U008,2025-02-14 14:20:45,14,0,-14,1091.93,0
ERP-001528,2025-02,Interface,U010,U001,2025-02-25 23:51:08,23,0,-3,2370.82,0
ERP-001529,2025-02,Interface,U010,U001,2025-02-05 23:50:02,23,0,-23,3942.47,0
ERP-001530,2025-02,Manual,U009,U005,2025-02-09 14:28:12,14,1,-19,828.57,0
ERP-001531,2025-02,Manual,U001,U005,2025-02-13 11:34:39,11,0,-15,-5413.14,0
ERP-001532,2025-02,Manual,U002,U007,2025-02-09 16:04:09,16,1,-19,-15142.45,0
ERP-001533,2025-02,Interface,U010,U001,2025-02-06 04:30:46,4,0,-22,-3335.85,0
ERP-001534,2025-02,Interface,U010,U001,2025-02-11 23:18:57,23,0,-17,1168.3,0
ERP-001535,2025-02,Manual,U009,U006,2025-02-03 16:41:59,16,0,-25,8023.45,0
ERP-001536,2025-02,Interface,U010,U001,2025-02-05 03:05:22,3,0,-23,6546.0,0
ERP-001537,2025-02,Manual,U006,U002,2025-02-21 16:14:01,16,0,-7,8719.75,0
ERP-001538,2025-02,Manual,U007,U008,2025-02-09 16:55:15,16,1,-19,4943.46,0
ERP-001539,2025-02,Manual,U008,U005,2025-02-17 09:08:36,9,0,-11,248.98,0
ERP-001540,2025-02,Interface,U010,U001,2025-02-12 22:30:59,22,0,-16,1200.85,0
ERP-001541,2025-02,Recurring,U011,U001,2025-02-22 02:34:04,2,1,-6,462.01,0
ERP-001542,2025-02,Manual,U009,U003,2025-02-11 13:42:29,13,0,-17,-1007.68,0
ERP-001543,2025-02,Interface,U010,U001,2025-02-10 03:33:42,3,0,-18,3210.26,0
ERP-001544,2025-02,Interface,U010,U001,2025-02-25 04:38:55,4,0,-3,8163.3,0
ERP-001545,2025-02,Manual,U004,U005,2025-02-24 16:01:34,16,0,-4,-1226.33,0
ERP-001546,2025-02,Manual,U005,U002,2025-02-24 11:29:19,11,0,-4,300.22,0
ERP-001547,2025-02,Manual,U005,U007,2025-02-26 08:42:02,8,0,-2,1255.57,0
ERP-001548,2025-02,Interface,U010,U001,2025-02-25 02:14:18,2,0,-3,1431.98,0
ERP-001549,2025-02,Interface,U010,U001,2025-02-04 22:10:19,22,0,-24,2531.12,0
ERP-001550,2025-02,Manual,U004,U008,2025-02-20 08:08:26,8,0,-8,1454.74,0
ERP-001551,2025-02,Manual,U008,U002,2025-02-17 08:34:24,8,0,-11,1814.86,0
ERP-001552,2025-02,Interface,U010,U001,2025-02-08 23:44:00,23,1,-20,2156.48,0
ERP-001553,2025-02,Interface,U010,U001,2025-02-24 03:09:14,3,0,-4,-3395.75,0
ERP-001554,2025-02,Interface,U010,U001,2025-02-15 04:22:45,4,1,-13,1045.14,0
ERP-001555,2025-02,Manual,U002,U008,2025-02-08 15:14:00,15,1,-20,1704.21,0
ERP-001556,2025-02,Interface,U010,U001,2025-02-20 02:16:00,2,0,-8,-2526.67,0
ERP-001557,2025-02,Interface,U010,U001,2025-02-28 23:19:31,23,0,0,-4185.78,0
ERP-001558,2025-02,Interface,U010,U001,2025-02-08 02:21:04,2,1,-20,2287.79,0
ERP-001559,2025-02,Interface,U010,U001,2025-02-09 22:45:37,22,1,-19,4212.22,0
ERP-001560,2025-02,Interface,U010,U001,2025-02-02 02:42:26,2,1,-26,609.65,0
ERP-001561,2025-02,Manual,U001,U004,2025-02-22 11:12:36,11,1,-6,-4318.36,0
ERP-001562,2025-02,Recurring,U011,U001,2025-02-26 23:34:08,23,0,-2,3338.76,0
ERP-001563,2025-02,Interface,U010,U001,2025-02-27 02:08:14,2,0,-1,-1097.28,0
ERP-001564,2025-02,Interface,U010,U001,2025-02-24 22:14:19,22,0,-4,243.06,0
ERP-001565,2025-02,Manual,U008,U005,2025-02-19 17:24:59,17,0,-9,66763.08,0
ERP-001566,2025-02,Interface,U010,U001,2025-02-18 02:33:13,2,0,-10,-182.79,0
ERP-001567,2025-02,Manual,U005,U002,2025-02-18 05:18:22,5,0,-10,-1973.55,0
ERP-001568,2025-02,Interface,U010,U001,2025-02-17 22:35:21,22,0,-11,1285.94,0
ERP-001569,2025-02,Interface,U010,U001,2025-02-19 23:05:26,23,0,-9,1550.76,0
ERP-001570,2025-02,Interface,U010,U001,2025-02-11 03:07:11,3,0,-17,10670.86,0
ERP-001571,2025-02,Interface,U010,U001,2025-02-16 03:28:35,3,1,-12,-2120.24,0
ERP-001572,2025-02,Interface,U010,U001,2025-02-22 23:55:52,23,1,-6,2795.83,0
ERP-001573,2025-02,Manual,U008,U006,2025-02-07 17:58:45,17,0,-21,-13763.71,0
ERP-001574,2025-02,Recurring,U011,U001,2025-02-22 03:44:10,3,1,-6,-324.24,0
ERP-001575,2025-02,Manual,U006,U004,2025-02-25 09:11:00,9,0,-3,-2815.36,0
ERP-001576,2025-02,Interface,U010,U001,2025-02-05 04:56:51,4,0,-23,6461.67,0
ERP-001577,2025-02,Interface,U010,U001,2025-02-07 02:03:18,2,0,-21,-949.06,0
ERP-001578,2025-02,Recurring,U011,U001,2025-02-03 02:12:20,2,0,-25,903.53,0
ERP-001579,2025-02,Manual,U006,U004,2025-02-02 09:17:47,9,1,-26,386.9,0
ERP-001580,2025-02,Interface,U010,U001,2025-02-23 03:22:15,3,1,-5,1315.07,0
ERP-001581,2025-02,Interface,U010,U001,2025-02-10 04:53:58,4,0,-18,-261.85,0
ERP-001582,2025-02,Interface,U010,U001,2025-02-10 04:14:09,4,0,-18,1021.21,0
ERP-001583,2025-02,Interface,U010,U001,2025-02-16 03:28:26,3,1,-12,2002.62,0
ERP-001584,2025-02,Interface,U010,U001,2025-02-22 03:44:10,3,1,-6,4114.9,0
ERP-001585,2025-02,Interface,U010,U001,2025-02-09 03:35:28,3,1,-19,338.1,0
ERP-001586,2025-02,Interface,U010,U001,2025-02-18 02:22:38,2,0,-10,635.39,0
ERP-001587,2025-02,Interface,U010,U001,2025-02-26 23:57:53,23,0,-2,1397.08,0
ERP-001588,2025-02,Manual,U008,U004,2025-02-27 11:37:12,11,0,-1,4886.35,0
ERP-001589,2025-02,Interface,U010,U001,2025-02-22 04:52:00,4,1,-6,519.35,0
ERP-001590,2025-02,Manual,U009,U002,2025-02-17 09:46:50,9,0,-11,761.65,0
ERP-001591,2025-02,Manual,U001,U006,2025-02-08 15:50:15,15,1,-20,9766.37,0
ERP-001592,2025-02,Manual,U007,U003,2025-02-26 16:18:24,16,0,-2,-9580.26,0
ERP-001593,2025-02,Interface,U010,U001,2025-02-19 03:01:41,3,0,-9,632.7,0
ERP-001594,2025-02,Interface,U010,U001,2025-02-25 03:16:13,3,0,-3,1158.19,0
ERP-001595,2025-02,Interface,U010,U001,2025-02-10 22:58:47,22,0,-18,-451.94,0
ERP-001596,2025-02,Manual,U006,U003,2025-02-20 16:48:55,16,0,-8,1579.48,0
ERP-001597,2025-02,Manual,U004,U006,2025-02-08 14:43:32,14,1,-20,-1143.53,0
ERP-001598,2025-02,Manual,U009,U008,2025-02-14 15:54:51,15,0,-14,3960.53,0
ERP-001599,2025-02,Interface,U010,U001,2025-02-01 22:14:48,22,1,-27,-9277.67,0
ERP-001600,2025-02,Interface,U010,U001,2025-02-28 23:39:29,23,0,0,707.61,0
ERP-001601,2025-02,Manual,U005,U002,2025-02-28 16:44:14,16,0,0,1564.09,0
ERP-001602,2025-02,Interface,U010,U001,2025-02-05 04:11:29,4,0,-23,1971.88,0
ERP-001603,2025-02,Manual,U003,U006,2025-02-21 10:12:39,10,0,-7,617.77,1
ERP-001604,2025-02,Interface,U010,U001,2025-02-21 04:27:45,4,0,-7,3278.02,0
ERP-001605,2025-02,Interface,U010,U001,2025-02-25 02:42:58,2,0,-3,20158.16,0
ERP-001606,2025-02,Interface,U010,U001,2025-02-07 03:38:55,3,0,-21,-2648.32,0
ERP-001607,2025-02,Interface,U010,U001,2025-02-06 23:19:01,23,0,-22,13150.41,0
ERP-001608,2025-02,Interface,U010,U001,2025-02-13 04:37:48,4,0,-15,-748.61,0
ERP-001609,2025-02,Interface,U010,U001,2025-02-18 23:14:39,23,0,-10,3902.66,0
ERP-001610,2025-02,Interface,U010,U001,2025-02-15 22:57:54,22,1,-13,1320.95,0
ERP-001611,2025-02,Interface,U010,U001,2025-02-13 23:52:33,23,0,-15,18630.4,0
ERP-001612,2025-02,Interface,U010,U001,2025-02-25 03:00:04,3,0,-3,-1594.25,0
ERP-001613,2025-02,Interface,U010,U001,2025-02-14 22:44:17,22,0,-14,-145.28,0
ERP-001614,2025-02,Interface,U010,U001,2025-02-23 02:34:37,2,1,-5,2927.25,0
ERP-001615,2025-02,Interface,U010,U001,2025-02-15 04:35:49,4,1,-13,2091.48,0
ERP-001616,2025-02,Interface,U010,U001,2025-02-19 03:50:04,3,0,-9,1865.17,0
ERP-001617,2025-02,Interface,U010,U001,2025-02-25 04:41:23,4,0,-3,7681.5,0
ERP-001618,2025-02,Interface,U010,U001,2025-02-02 04:11:02,4,1,-26,1021.44,0
ERP-001619,2025-02,Interface,U010,U001,2025-02-11 23:37:49,23,0,-17,1511.77,0
ERP-001620,2025-02,Interface,U010,U001,2025-02-15 02:22:47,2,1,-13,1299.58,0
ERP-001621,2025-02,Interface,U010,U001,2025-02-06 23:09:53,23,0,-22,350.48,0
ERP-001622,2025-02,Interface,U010,U001,2025-02-13 04:57:07,4,0,-15,4221.9,0
ERP-001623,2025-02,Interface,U010,U001,2025-02-11 02:25:59,2,0,-17,-1823.42,0
ERP-001624,2025-02,Recurring,U011,U001,2025-02-13 23:57:02,23,0,-15,-398.61,0
ERP-001625,2025-02,Interface,U010,U001,2025-02-08 02:52:51,2,1,-20,2332.6,0
ERP-001626,2025-02,Interface,U010,U001,2025-02-19 22:39:12,22,0,-9,764.33,0
ERP-001627,2025-02,Interface,U010,U001,2025-02-05 03:18:44,3,0,-23,2882.85,0
ERP-001628,2025-02,Interface,U010,U001,2025-02-03 04:27:20,4,0,-25,-915.48,0
ERP-001629,2025-02,Recurring,U011,U001,2025-02-23 23:24:26,23,1,-5,-2866.53,0
ERP-001630,2025-02,Recurring,U011,U001,2025-02-08 22:26:00,22,1,-20,1779.59,0
ERP-001631,2025-02,Manual,U007,U003,2025-02-16 10:48:18,10,1,-12,1974.02,0
ERP-001632,2025-02,Recurring,U011,U001,2025-02-23 02:07:49,2,1,-5,3742.06,0
ERP-001633,2025-02,Interface,U010,U001,2025-02-28 04:11:38,4,0,0,684.6,0
ERP-001634,2025-02,Manual,U005,U003,2025-02-25 11:15:28,11,0,-3,1000.0,0
ERP-001635,2025-02,Recurring,U011,U001,2025-02-17 23:19:45,23,0,-11,-604.62,1
ERP-001636,2025-02,Interface,U010,U001,2025-02-19 22:07:47,22,0,-9,2160.25,0
ERP-001637,2025-02,Interface,U010,U001,2025-02-14 22:46:42,22,0,-14,6306.9,0
ERP-001638,2025-02,Manual,U007,U004,2025-02-27 06:59:45,6,0,-1,1861.16,0
ERP-001639,2025-02,Manual,U002,U006,2025-02-16 12:20:19,12,1,-12,1162.93,0
ERP-001640,2025-02,Interface,U010,U001,2025-02-14 02:24:29,2,0,-14,3623.15,0
ERP-001641,2025-02,Interface,U010,U001,2025-02-18 23:59:25,23,0,-10,346.34,0
ERP-001642,2025-02,Interface,U010,U001,2025-02-09 23:45:35,23,1,-19,472.92,0
ERP-001643,2025-02,Interface,U010,U001,2025-02-10 23:13:01,23,0,-18,1283.0,0
ERP-001644,2025-02,Interface,U010,U001,2025-02-04 03:33:27,3,0,-24,645.9,0
ERP-001645,2025-02,Recurring,U011,U001,2025-02-27 04:38:05,4,0,-1,-2543.95,0
ERP-001646,2025-02,Interface,U010,U001,2025-02-25 04:46:18,4,0,-3,-503.04,1
ERP-001647,2025-02,Interface,U010,U001,2025-02-06 02:05:13,2,0,-22,561.79,0
ERP-001648,2025-02,Interface,U010,U001,2025-02-10 02:24:25,2,0,-18,487.79,0
ERP-001649,2025-02,Interface,U010,U001,2025-02-03 03:13:43,3,0,-25,879.48,0
ERP-001650,2025-02,Manual,U008,U004,2025-02-16 11:42:15,11,1,-12,4894.49,0
ERP-001651,2025-02,Manual,U002,U001,2025-02-21 23:57:29,23,0,-7,1839.82,0
ERP-001652,2025-02,Manual,U007,U007,2025-02-28 15:55:32,15,0,0,-1467.62,0
ERP-001653,2025-02,Interface,U010,U001,2025-02-05 04:56:29,4,0,-23,2728.96,0
ERP-001654,2025-02,Interface,U010,U001,2025-02-26 02:31:35,2,0,-2,-1146.09,0
ERP-001655,2025-02,Interface,U010,U001,2025-02-02 23:13:15,23,1,-26,896.48,0
ERP-001656,2025-02,Interface,U010,U001,2025-02-14 04:06:06,4,0,-14,6820.84,0
ERP-001657,2025-02,Manual,U005,U007,2025-02-18 14:33:19,14,0,-10,-843.83,0
ERP-001658,2025-02,Recurring,U011,U001,2025-02-03 22:36:01,22,0,-25,1047.94,0
ERP-001659,2025-02,Interface,U010,U001,2025-02-19 02:21:22,2,0,-9,729.98,0
ERP-001660,2025-02,Interface,U010,U001,2025-02-07 04:28:36,4,0,-21,3059.54,0
ERP-001661,2025-02,Interface,U010,U001,2025-02-27 23:19:19,23,0,-1,1791.84,0
ERP-001662,2025-02,Manual,U001,U006,2025-02-08 12:00:35,12,1,-20,595.61,0
ERP-001663,2025-02,Interface,U010,U001,2025-02-07 03:39:57,3,0,-21,3022.77,0
ERP-001664,2025-02,Manual,U005,U002,2025-02-28 08:51:45,8,0,0,3796.29,0
ERP-001665,2025-02,Interface,U010,U001,2025-02-25 23:49:58,23,0,-3,1863.58,0
ERP-001666,2025-02,Interface,U010,U001,2025-02-01 22:24:12,22,1,-27,2488.22,0
ERP-001667,2025-02,Interface,U010,U001,2025-02-21 04:11:42,4,0,-7,3702.34,0
ERP-001668,2025-02,Interface,U010,U001,2025-02-12 23:55:04,23,0,-16,2329.76,0
ERP-001669,2025-02,Interface,U010,U001,2025-02-05 22:57:31,22,0,-23,416.93,0
ERP-001670,2025-02,Interface,U010,U001,2025-02-19 04:26:54,4,0,-9,2491.48,0
ERP-001671,2025-02,Interface,U010,U001,2025-02-03 23:48:46,23,0,-25,10513.29,0
ERP-001672,2025-02,Interface,U010,U001,2025-02-25 02:55:17,2,0,-3,553.37,0
ERP-001673,2025-02,Interface,U010,U001,2025-02-09 02:14:21,2,1,-19,-608.4,0
ERP-001674,2025-02,Recurring,U011,U001,2025-02-04 22:39:40,22,0,-24,748.97,0
ERP-001675,2025-02,Interface,U010,U001,2025-02-17 02:33:01,2,0,-11,947.49,0
ERP-001676,2025-02,Manual,U006,U002,2025-02-15 10:07:22,10,1,-13,-716.68,0
ERP-001677,2025-02,Interface,U010,U001,2025-02-08 04:16:32,4,1,-20,750.47,0
ERP-001678,2025-02,Recurring,U011,U001,2025-02-16 02:12:08,2,1,-12,-3572.25,0
ERP-001679,2025-02,Recurring,U011,U001,2025-02-21 03:37:22,3,0,-7,-179.6,0
ERP-001680,2025-02,Interface,U010,U001,2025-02-03 23:20:22,23,0,-25,2841.32,0
ERP-001681,2025-02,Interface,U010,U001,2025-02-08 23:14:22,23,1,-20,-458.2,0
ERP-001682,2025-02,Interface,U010,U001,2025-02-25 23:49:58,23,0,-3,1027.66,0
ERP-001683,2025-02,Recurring,U011,U001,2025-02-05 23:59:02,23,0,-23,-1713.04,0
ERP-001684,2025-02,Recurring,U011,U001,2025-02-20 03:46:00,3,0,-8,4891.8,0
ERP-001685,2025-02,Interface,U010,U001,2025-02-11 02:28:44,2,0,-17,2288.75,0
ERP-001686,2025-02,Interface,U010,U001,2025-02-23 04:14:59,4,1,-5,997.81,0
ERP-001687,2025-02,Recurring,U011,U001,2025-02-01 02:18:21,2,1,-27,1034.95,0
ERP-001688,2025-02,Interface,U010,U001,2025-02-20 22:11:23,22,0,-8,394.43,1
ERP-001689,2025-02,Interface,U010,U001,2025-02-05 22:49:06,22,0,-23,2228.63,0
ERP-001690,2025-02,Interface,U010,U001,2025-02-17 22:43:52,22,0,-11,1059.69,0
ERP-001691,2025-02,Interface,U010,U001,2025-02-17 03:39:40,3,0,-11,1368.83,0
ERP-001692,2025-02,Recurring,U011,U001,2025-02-21 04:56:49,4,0,-7,2885.69,0
ERP-001693,2025-02,Interface,U010,U001,2025-02-08 02:27:30,2,1,-20,-1008.29,0
ERP-001694,2025-02,Interface,U010,U001,2025-02-27 23:07:21,23,0,-1,4430.39,0
ERP-001695,2025-02,Manual,U002,U001,2025-02-05 13:34:38,13,0,-23,665.19,0
ERP-001696,2025-02,Recurring,U011,U001,2025-02-10 03:44:18,3,0,-18,4930.76,0
ERP-001697,2025-02,Interface,U010,U001,2025-02-22 22:46:58,22,1,-6,2355.92,0
ERP-001698,2025-02,Recurring,U011,U001,2025-02-23 22:59:10,22,1,-5,8619.76,0
ERP-001699,2025-02,Manual,U007,U003,2025-02-24 08:25:00,8,0,-4,901.16,0
ERP-001700,2025-02,Interface,U010,U001,2025-02-02 02:35:02,2,1,-26,-529.84,0
ERP-001701,2025-02,Manual,U001,U001,2025-02-03 23:53:23,23,0,-25,1890.17,1
ERP-001702,2025-02,Recurring,U011,U001,2025-02-16 04:59:04,4,1,-12,923.62,0
ERP-001703,2025-02,Recurring,U011,U001,2025-02-14 22:54:43,22,0,-14,7669.67,0
ERP-001704,2025-02,Interface,U010,U001,2025-02-20 04:23:40,4,0,-8,773.1,0
ERP-001705,2025-02,Interface,U010,U001,2025-02-22 02:17:33,2,1,-6,217.81,0
ERP-001706,2025-02,Interface,U010,U001,2025-02-07 02:35:03,2,0,-21,3703.97,0
ERP-001707,2025-02,Interface,U010,U001,2025-02-08 23:30:11,23,1,-20,7553.86,0
ERP-001708,2025-02,Manual,U001,U003,2025-02-06 09:26:02,9,0,-22,7000.0,1
ERP-001709,2025-02,Manual,U005,U004,2025-02-11 09:06:08,9,0,-17,-5318.63,0
ERP-001710,2025-02,Interface,U010,U001,2025-02-18 03:49:16,3,0,-10,25810.18,0
ERP-001711,2025-02,Interface,U010,U001,2025-02-16 22:22:01,22,1,-12,3832.21,0
ERP-001712,2025-02,Interface,U010,U001,2025-02-28 04:42:55,4,0,0,9407.87,0
ERP-001713,2025-02,Manual,U006,U003,2025-02-26 12:49:32,12,0,-2,1012.55,0
ERP-001714,2025-02,Manual,U004,U004,2025-02-07 12:27:38,12,0,-21,1492.31,0
ERP-001715,2025-02,Recurring,U011,U001,2025-02-28 22:17:43,22,0,0,2482.51,0
ERP-001716,2025-02,Interface,U010,U001,2025-02-14 22:03:25,22,0,-14,558.64,0
ERP-001717,2025-02,Recurring,U011,U001,2025-02-02 22:40:41,22,1,-26,2807.95,0
ERP-001718,2025-02,Manual,U003,U006,2025-02-10 09:41:30,9,0,-18,-2583.49,0
ERP-001719,2025-02,Manual,U006,U002,2025-02-06 10:35:38,10,0,-22,1262.52,0
ERP-001720,2025-02,Recurring,U011,U001,2025-02-26 04:15:25,4,0,-2,-303.27,0
ERP-001721,2025-02,Manual,U001,U004,2025-02-27 12:31:07,12,0,-1,12236.71,0
ERP-001722,2025-02,Manual,U007,U003,2025-02-20 16:51:52,16,0,-8,-1041.47,0
ERP-001723,2025-02,Manual,U007,U003,2025-02-24 15:01:06,15,0,-4,-229.23,0
ERP-001724,2025-02,Recurring,U011,U001,2025-02-18 04:09:42,4,0,-10,-608.86,0
ERP-001725,2025-02,Manual,U006,U001,2025-02-18 08:14:04,8,0,-10,986.56,0
ERP-001726,2025-02,Interface,U010,U001,2025-02-11 23:59:34,23,0,-17,-7125.32,0
ERP-001727,2025-02,Interface,U010,U001,2025-02-13 23:02:50,23,0,-15,3313.42,0
ERP-001728,2025-02,Manual,U008,U004,2025-02-14 10:48:43,10,0,-14,-1516.28,0
ERP-001729,2025-02,Interface,U010,U001,2025-02-18 03:13:02,3,0,-10,-8703.34,0
ERP-001730,2025-02,Recurring,U011,U001,2025-02-26 04:42:16,4,0,-2,1969.16,0
ERP-001731,2025-02,Interface,U010,U001,2025-02-17 22:07:04,22,0,-11,11416.89,0
ERP-001732,2025-02,Recurring,U011,U001,2025-02-10 03:34:10,3,0,-18,348.37,0
ERP-001733,2025-02,Interface,U010,U001,2025-02-10 22:56:27,22,0,-18,2355.25,0
ERP-001734,2025-02,Interface,U010,U001,2025-02-07 23:25:08,23,0,-21,7203.21,0
ERP-001735,2025-02,Interface,U010,U001,2025-02-22 22:37:13,22,1,-6,1640.07,0
ERP-001736,2025-02,Recurring,U011,U001,2025-02-16 22:56:50,22,1,-12,-1953.3,0
ERP-001737,2025-02,Interface,U010,U001,2025-02-18 04:13:35,4,0,-10,668.84,1
ERP-001738,2025-02,Interface,U010,U001,2025-02-12 02:44:18,2,0,-16,638.89,0
ERP-001739,2025-02,Interface,U010,U001,2025-02-03 23:36:07,23,0,-25,3158.77,0
ERP-001740,2025-02,Interface,U010,U001,2025-02-08 23:00:34,23,1,-20,2131.78,0
ERP-001741,2025-02,Manual,U008,U006,2025-02-06 15:50:48,15,0,-22,1756.17,0
ERP-001742,2025-02,Recurring,U011,U001,2025-02-25 03:14:03,3,0,-3,-1051.38,0
ERP-001743,2025-02,Manual,U007,U001,2025-02-20 14:10:42,14,0,-8,5125.49,0
ERP-001744,2025-02,Interface,U010,U001,2025-02-01 03:52:31,3,1,-27,15828.29,0
ERP-001745,2025-02,Manual,U003,U008,2025-02-16 15:52:35,15,1,-12,10069.92,0
ERP-001746,2025-02,Interface,U010,U001,2025-02-02 23:39:32,23,1,-26,-3044.57,0
ERP-001747,2025-02,Manual,U001,U005,2025-02-01 16:56:37,16,1,-27,1276.26,0
ERP-001748,2025-02,Manual,U001,U002,2025-02-05 09:17:26,9,0,-23,9365.28,0
ERP-001749,2025-02,Interface,U010,U001,2025-02-23 04:12:05,4,1,-5,8819.28,0
ERP-001750,2025-02,Interface,U010,U001,2025-02-02 23:07:50,23,1,-26,1560.33,0
ERP-001751,2025-02,Manual,U002,U001,2025-02-05 15:55:21,15,0,-23,1812.87,0
ERP-001752,2025-02,Interface,U010,U001,2025-02-12 23:34:52,23,0,-16,7040.11,0
ERP-001753,2025-02,Recurring,U011,U001,2025-02-21 22:43:32,22,0,-7,-1010.11,0
ERP-001754,2025-02,Interface,U010,U001,2025-02-12 04:00:45,4,0,-16,2262.35,0
ERP-001755,2025-02,Recurring,U011,U001,2025-02-12 03:24:59,3,0,-16,-1370.0,0
ERP-001756,2025-02,Manual,U008,U006,2025-02-17 14:06:12,14,0,-11,3210.67,0
ERP-001757,2025-02,Interface,U010,U001,2025-02-02 03:30:00,3,1,-26,144.77,0
ERP-001758,2025-02,Interface,U010,U001,2025-02-23 22:05:06,22,1,-5,-752.76,0
ERP-001759,2025-02,Interface,U010,U001,2025-02-01 23:37:11,23,1,-27,869.43,0
ERP-001760,2025-02,Manual,U006,U007,2025-02-12 16:55:59,16,0,-16,1227.77,0
ERP-001761,2025-02,Manual,U007,U007,2025-02-23 09:12:05,9,1,-5,-9456.64,0
ERP-001762,2025-02,Recurring,U011,U001,2025-02-06 22:08:51,22,0,-22,1244.28,0
ERP-001763,2025-02,Manual,U003,U004,2025-02-16 17:17:17,17,1,-12,8384.97,0
ERP-001764,2025-02,Interface,U010,U001,2025-02-04 04:10:11,4,0,-24,5067.4,0
ERP-001765,2025-02,Manual,U006,U004,2025-02-18 16:29:40,16,0,-10,4929.94,0
ERP-001766,2025-02,Manual,U002,U003,2025-02-25 14:16:56,14,0,-3,5000.0,0
ERP-001767,2025-02,Manual,U007,U003,2025-02-26 23:31:48,23,0,-2,754.37,0
ERP-001768,2025-02,Interface,U010,U001,2025-02-25 22:44:51,22,0,-3,685.05,0
ERP-001769,2025-02,Interface,U010,U001,2025-02-19 22:15:33,22,0,-9,1052.55,0
ERP-001770,2025-02,Manual,U003,U004,2025-02-19 15:40:37,15,0,-9,2069.61,0
ERP-001771,2025-02,Interface,U010,U001,2025-02-28 22:52:21,22,0,0,-5713.74,0
ERP-001772,2025-02,Manual,U006,U001,2025-02-05 13:02:16,13,0,-23,1379.45,0
ERP-001773,2025-02,Interface,U010,U001,2025-02-18 03:59:24,3,0,-10,-3470.83,0
ERP-001774,2025-02,Manual,U009,U001,2025-02-16 08:14:46,8,1,-12,553.6,0
ERP-001775,2025-02,Manual,U004,U006,2025-02-08 08:01:38,8,1,-20,951.59,0
ERP-001776,2025-02,Recurring,U011,U001,2025-02-11 23:47:16,23,0,-17,-530.47,0
ERP-001777,2025-02,Manual,U009,U007,2025-02-10 16:47:41,16,0,-18,3391.18,0
ERP-001778,2025-02,Interface,U010,U001,2025-02-20 04:51:07,4,0,-8,1904.73,0
ERP-001779,2025-02,Interface,U010,U001,2025-02-23 22:24:15,22,1,-5,-8993.88,0
ERP-001780,2025-02,Interface,U010,U001,2025-02-02 22:44:18,22,1,-26,3798.82,0
ERP-001781,2025-02,Interface,U010,U001,2025-02-20 03:58:32,3,0,-8,419.14,0
ERP-001782,2025-02,Interface,U010,U001,2025-02-27 22:19:53,22,0,-1,2772.01,0
ERP-001783,2025-02,Interface,U010,U001,2025-02-09 02:37:41,2,1,-19,3205.68,0
ERP-001784,2025-02,Manual,U003,U003,2025-02-13 15:31:10,15,0,-15,1052.72,0
ERP-001785,2025-02,Interface,U010,U001,2025-02-09 04:35:34,4,1,-19,853.47,0
ERP-001786,2025-02,Interface,U010,U001,2025-02-27 03:40:55,3,0,-1,868.91,0
ERP-001787,2025-02,Interface,U010,U001,2025-02-06 23:42:54,23,0,-22,12660.85,0
ERP-001788,2025-02,Interface,U010,U001,2025-02-15 04:58:33,4,1,-13,-2549.66,0
ERP-001789,2025-02,Manual,U009,U005,2025-02-28 14:08:48,14,0,0,2249.01,0
ERP-001790,2025-02,Recurring,U011,U001,2025-02-22 04:39:34,4,1,-6,-1919.59,0
ERP-001791,2025-02,Interface,U010,U001,2025-02-07 23:07:38,23,0,-21,1635.07,0
ERP-001792,2025-02,Interface,U010,U001,2025-02-22 04:24:25,4,1,-6,-3251.02,0
ERP-001793,2025-02,Interface,U010,U001,2025-02-06 02:15:52,2,0,-22,1575.74,0
ERP-001794,2025-02,Recurring,U011,U001,2025-02-25 03:24:03,3,0,-3,-4038.55,0
ERP-001795,2025-02,Manual,U003,U005,2025-02-04 22:13:32,22,0,-24,1791.19,0
ERP-001796,2025-02,Interface,U010,U001,2025-02-12 23:58:55,23,0,-16,1443.02,0
ERP-001797,2025-02,Interface,U010,U001,2025-02-26 03:29:18,3,0,-2,130.74,0
ERP-001798,2025-02,Interface,U010,U001,2025-02-16 02:12:31,2,1,-12,-2865.85,0
ERP-001799,2025-02,Recurring,U011,U001,2025-02-02 23:03:20,23,1,-26,2326.01,0
ERP-001800,2025-02,Interface,U010,U001,2025-02-04 04:02:36,4,0,-24,8371.16,0
ERP-001801,2025-03,Manual,U004,U005,2025-03-31 10:39:27,10,0,0,917.34,0
ERP-001802,2025-03,Interface,U010,U001,2025-03-08 23:58:07,23,1,-23,260.22,0
ERP-001803,2025-03,Interface,U010,U001,2025-03-14 03:02:09,3,0,-17,-1920.58,1
ERP-001804,2025-03,Interface,U010,U001,2025-03-22 04:33:46,4,1,-9,-467.11,0
ERP-001805,2025-03,Interface,U010,U001,2025-03-01 02:06:10,2,1,-30,580.86,0
ERP-001806,2025-03,Recurring,U011,U001,2025-03-12 23:27:47,23,0,-19,-1900.03,0
ERP-001807,2025-03,Recurring,U011,U001,2025-03-27 04:55:01,4,0,-4,-2339.37,0
ERP-001808,2025-03,Recurring,U011,U001,2025-03-27 23:42:09,23,0,-4,2760.99,0
ERP-001809,2025-03,Interface,U010,U001,2025-03-10 22:28:03,22,0,-21,-3057.39,0
ERP-001810,2025-03,Interface,U010,U001,2025-03-25 02:20:05,2,0,-6,10615.67,0
ERP-001811,2025-03,Manual,U007,U005,2025-03-20 09:30:34,9,0,-11,-4554.91,0
ERP-001812,2025-03,Interface,U010,U001,2025-03-11 03:27:05,3,0,-20,3385.95,0
ERP-001813,2025-03,Interface,U010,U001,2025-03-25 02:20:21,2,0,-6,467.45,0
ERP-001814,2025-03,Manual,U002,U001,2025-03-31 09:38:58,9,0,0,659.9,0
ERP-001815,2025-03,Interface,U010,U001,2025-03-11 04:03:26,4,0,-20,-15918.97,0
ERP-001816,2025-03,Manual,U006,U003,2025-03-20 08:29:48,8,0,-11,19358.51,0
ERP-001817,2025-03,Interface,U010,U001,2025-03-09 23:29:56,23,1,-22,2521.53,0
ERP-001818,2025-03,Interface,U010,U001,2025-03-13 02:12:48,2,0,-18,-1851.95,0
ERP-001819,2025-03,Manual,U006,U002,2025-03-14 10:47:46,10,0,-17,2720.01,0
ERP-001820,2025-03,Interface,U010,U001,2025-03-14 22:52:25,22,0,-17,3128.83,0
ERP-001821,2025-03,Interface,U010,U001,2025-03-22 04:21:42,4,1,-9,2155.66,0
ERP-001822,2025-03,Interface,U010,U001,2025-03-13 02:59:36,2,0,-18,736.63,0
ERP-001823,2025-03,Interface,U010,U001,2025-03-27 23:51:50,23,0,-4,-532.51,0
ERP-001824,2025-03,Interface,U010,U001,2025-03-15 23:19:30,23,1,-16,-3538.42,0
ERP-001825,2025-03,Interface,U010,U001,2025-03-22 03:15:22,3,1,-9,13199.56,0
ERP-001826,2025-03,Recurring,U011,U001,2025-03-22 03:49:45,3,1,-9,955.13,0
ERP-001827,2025-03,Recurring,U011,U001,2025-03-20 03:54:16,3,0,-11,590.5,0
ERP-001828,2025-03,Interface,U010,U001,2025-03-11 03:05:53,3,0,-20,-1435.75,0
ERP-001829,2025-03,Manual,U009,U002,2025-03-14 13:09:04,13,0,-17,465.33,0
ERP-001830,2025-03,Interface,U010,U001,2025-03-29 03:44:47,3,1,-2,-2709.3,0
ERP-001831,2025-03,Interface,U010,U001,2025-03-24 03:38:41,3,0,-7,519.2,0
ERP-001832,2025-03,Interface,U010,U001,2025-03-25 23:24:26,23,0,-6,13732.16,0
ERP-001833,2025-03,Manual,U005,U001,2025-03-10 11:25:40,11,0,-21,-1911.24,0
ERP-001834,2025-03,Interface,U010,U001,2025-03-28 22:03:37,22,0,-3,2479.93,0
ERP-001835,2025-03,Interface,U010,U001,2025-03-15 02:56:16,2,1,-16,497.41,0
ERP-001836,2025-03,Interface,U010,U001,2025-03-09 23:12:42,23,1,-22,1925.28,0
ERP-001837,2025-03,Recurring,U011,U001,2025-03-06 22:53:54,22,0,-25,1847.86,0
ERP-001838,2025-03,Manual,U006,U007,2025-03-08 12:05:29,12,1,-23,4956.28,0
ERP-001839,2025-03,Interface,U010,U001,2025-03-13 02:53:58,2,0,-18,-997.64,0
ERP-001840,2025-03,Manual,U003,U007,2025-03-28 10:16:57,10,0,-3,-1628.92,0
ERP-001841,2025-03,Interface,U010,U001,2025-03-13 04:44:51,4,0,-18,763.16,0
ERP-001842,2025-03,Recurring,U011,U001,2025-03-13 02:49:30,2,0,-18,841.43,0
ERP-001843,2025-03,Interface,U010,U001,2025-03-24 22:40:10,22,0,-7,-6872.44,0
ERP-001844,2025-03,Interface,U010,U001,2025-03-15 03:04:39,3,1,-16,1514.51,0
ERP-001845,2025-03,Interface,U010,U001,2025-03-19 23:40:42,23,0,-12,-2591.41,0
ERP-001846,2025-03,Manual,U002,U005,2025-03-11 14:01:42,14,0,-20,610.51,1
ERP-001847,2025-03,Recurring,U011,U001,2025-03-16 02:23:52,2,1,-15,-13761.89,0
ERP-001848,2025-03,Manual,U001,U008,2025-03-24 11:38:48,11,0,-7,-2249.4,0
ERP-001849,2025-03,Interface,U010,U001,2025-03-11 02:43:16,2,0,-20,3967.58,0
ERP-001850,2025-03,Recurring,U011,U001,2025-03-19 02:41:28,2,0,-12,-1592.68,0
ERP-001851,2025-03,Manual,U004,U006,2025-03-16 14:55:24,14,1,-15,1098.4,0
ERP-001852,2025-03,Interface,U010,U001,2025-03-25 03:08:07,3,0,-6,3130.22,0
ERP-001853,2025-03,Manual,U001,U008,2025-03-22 10:40:09,10,1,-9,1597.67,0
ERP-001854,2025-03,Recurring,U011,U001,2025-03-09 04:40:18,4,1,-22,-1264.37,0
ERP-001855,2025-03,Interface,U010,U001,2025-03-11 02:22:24,2,0,-20,535.05,0
ERP-001856,2025-03,Manual,U002,U004,2025-03-11 14:14:06,14,0,-20,2167.38,0
ERP-001857,2025-03,Manual,U006,U008,2025-03-25 17:11:34,17,0,-6,388.79,0
ERP-001858,2025-03,Interface,U010,U001,2025-03-18 03:01:08,3,0,-13,1403.29,0
ERP-001859,2025-03,Interface,U010,U001,2025-03-01 02:27:53,2,1,-30,-2619.41,0
ERP-001860,2025-03,Interface,U010,U001,2025-03-08 04:01:01,4,1,-23,364.79,0
ERP-001861,2025-03,Interface,U010,U001,2025-03-07 03:29:59,3,0,-24,5813.11,0
ERP-001862,2025-03,Interface,U010,U001,2025-03-31 04:29:19,4,0,0,2865.0,0
ERP-001863,2025-03,Interface,U010,U001,2025-03-20 22:22:30,22,0,-11,-917.42,0
ERP-001864,2025-03,Interface,U010,U001,2025-03-15 23:05:35,23,1,-16,1255.96,0
ERP-001865,2025-03,Manual,U005,U008,2025-03-16 16:16:45,16,1,-15,494.34,0
ERP-001866,2025-03,Interface,U010,U001,2025-03-04 22:46:41,22,0,-27,-3713.37,1
ERP-001867,2025-03,Interface,U010,U001,2025-03-04 03:04:08,3,0,-27,-1973.76,0
ERP-001868,2025-03,Interface,U010,U001,2025-03-15 04:23:19,4,1,-16,-1168.74,0
ERP-001869,2025-03,Interface,U010,U001,2025-03-05 23:19:37,23,0,-26,-24126.0,0
ERP-001870,2025-03,Manual,U008,U007,2025-03-02 01:16:43,1,1,-29,574.22,0
ERP-001871,2025-03,Manual,U004,U003,2025-03-30 15:05:33,15,1,-1,-9044.68,0
ERP-001872,2025-03,Interface,U010,U001,2025-03-06 22:45:36,22,0,-25,1903.9,0
ERP-001873,2025-03,Manual,U003,U003,2025-03-24 16:10:11,16,0,-7,-5614.08,1
ERP-001874,2025-03,Manual,U006,U002,2025-03-22 14:50:30,14,1,-9,-13857.41,0
ERP-001875,2025-03,Interface,U010,U001,2025-03-10 04:15:12,4,0,-21,742.93,0
ERP-001876,2025-03,Manual,U006,U002,2025-03-19 12:18:08,12,0,-12,-569.45,0
ERP-001877,2025-03,Manual,U003,U005,2025-03-29 10:41:21,10,1,-2,926.87,0
ERP-001878,2025-03,Manual,U003,U002,2025-03-10 10:29:45,10,0,-21,-5168.4,0
ERP-001879,2025-03,Manual,U002,U008,2025-03-30 12:10:11,12,1,-1,159.6,0
ERP-001880,2025-03,Interface,U010,U001,2025-03-30 04:59:35,4,1,-1,645.71,0
ERP-001881,2025-03,Interface,U010,U001,2025-03-08 04:06:13,4,1,-23,11993.14,0
ERP-001882,2025-03,Recurring,U011,U001,2025-03-28 04:10:38,4,0,-3,1701.28,0
ERP-001883,2025-03,Interface,U010,U001,2025-03-02 23:36:15,23,1,-29,-917.49,0
ERP-001884,2025-03,Interface,U010,U001,2025-03-15 22:45:14,22,1,-16,-573.86,0
ERP-001885,2025-03,Interface,U010,U001,2025-03-05 04:38:18,4,0,-26,3195.46,0
ERP-001886,2025-03,Interface,U010,U001,2025-03-15 04:59:12,4,1,-16,-1467.38,0
ERP-001887,2025-03,Manual,U008,U007,2025-03-18 14:45:40,14,0,-13,612.84,0
ERP-001888,2025-03,Manual,U005,U003,2025-03-01 22:39:22,22,1,-30,-2423.56,0
ERP-001889,2025-03,Interface,U010,U001,2025-03-11 23:03:59,23,0,-20,-4413.84,0
ERP-001890,2025-03,Interface,U010,U001,2025-03-27 03:48:36,3,0,-4,273.2,0
ERP-001891,2025-03,Interface,U010,U001,2025-03-15 03:54:19,3,1,-16,3385.65,0
ERP-001892,2025-03,Recurring,U011,U001,2025-03-13 23:36:14,23,0,-18,1665.45,0
ERP-001893,2025-03,Interface,U010,U001,2025-03-03 02:53:55,2,0,-28,947.73,0
ERP-001894,2025-03,Interface,U010,U001,2025-03-20 03:31:31,3,0,-11,273.74,0
ERP-001895,2025-03,Interface,U010,U001,2025-03-05 22:22:17,22,0,-26,-5782.25,0
ERP-001896,2025-03,Interface,U010,U001,2025-03-11 03:59:54,3,0,-20,7617.77,0
ERP-001897,2025-03,Interface,U010,U001,2025-03-25 02:45:26,2,0,-6,3697.46,0
ERP-001898,2025-03,Recurring,U011,U001,2025-03-22 02:10:53,2,1,-9,450.58,0
ERP-001899,2025-03,Interface,U010,U001,2025-03-29 23:03:19,23,1,-2,985.9,0
ERP-001900,2025-03,Recurring,U011,U001,2025-03-14 04:44:58,4,0,-17,2438.35,1
ERP-001901,2025-03,Interface,U010,U001,2025-03-26 23:14:43,23,0,-5,1867.78,0
ERP-001902,2025-03,Manual,U008,U006,2025-03-18 09:07:54,9,0,-13,-4713.39,0
ERP-001903,2025-03,Recurring,U011,U001,2025-03-25 02:46:12,2,0,-6,823.97,0
ERP-001904,2025-03,Interface,U010,U001,2025-03-13 03:49:45,3,0,-18,1916.46,0
ERP-001905,2025-03,Recurring,U011,U001,2025-03-30 22:31:22,22,1,-1,3931.33,0
ERP-001906,2025-03,Manual,U006,U007,2025-03-23 09:25:18,9,1,-8,476.3,0
ERP-001907,2025-03,Interface,U010,U001,2025-03-27 23:46:38,23,0,-4,326.97,0
ERP-001908,2025-03,Interface,U010,U001,2025-03-01 02:35:54,2,1,-30,4373.6,0
ERP-001909,2025-03,Manual,U005,U006,2025-03-18 09:03:51,9,0,-13,17797.07,0
ERP-001910,2025-03,Interface,U010,U001,2025-03-23 23:26:11,23,1,-8,2157.57,0
ERP-001911,2025-03,Interface,U010,U001,2025-03-06 23:06:36,23,0,-25,-28942.34,0
ERP-001912,2025-03,Interface,U010,U001,2025-03-26 02:19:11,2,0,-5,4451.13,0
ERP-001913,2025-03,Interface,U010,U001,2025-03-10 23:28:36,23,0,-21,3572.76,1
ERP-001914,2025-03,Interface,U010,U001,2025-03-21 04:25:24,4,0,-10,-4340.93,0
ERP-001915,2025-03,Manual,U002,U007,2025-03-28 13:11:44,13,0,-3,339.57,0
ERP-001916,2025-03,Manual,U009,U002,2025-03-28 14:53:19,14,0,-3,4727.96,0
ERP-001917,2025-03,Interface,U010,U001,2025-03-19 23:43:00,23,0,-12,9434.96,0
ERP-001918,2025-03,Manual,U004,U008,2025-03-23 08:02:44,8,1,-8,1512.55,0
ERP-001919,2025-03,Manual,U004,U002,2025-03-04 09:21:44,9,0,-27,3321.69,0
ERP-001920,2025-03,Interface,U010,U001,2025-03-13 03:16:49,3,0,-18,2525.15,0
ERP-001921,2025-03,Interface,U010,U001,2025-03-17 03:54:11,3,0,-14,353.75,0
ERP-001922,2025-03,Interface,U010,U001,2025-03-27 22:02:19,22,0,-4,1828.47,0
ERP-001923,2025-03,Interface,U010,U001,2025-03-05 23:34:50,23,0,-26,9460.55,0
ERP-001924,2025-03,Interface,U010,U001,2025-03-17 23:31:42,23,0,-14,833.41,0
ERP-001925,2025-03,Interface,U010,U001,2025-03-08 22:27:21,22,1,-23,4619.88,0
ERP-001926,2025-03,Interface,U010,U001,2025-03-15 23:41:19,23,1,-16,3000.58,0
ERP-001927,2025-03,Interface,U010,U001,2025-03-10 03:37:14,3,0,-21,455.74,0
ERP-001928,2025-03,Interface,U010,U001,2025-03-11 04:58:08,4,0,-20,1380.99,0
ERP-001929,2025-03,Manual,U004,U006,2025-03-22 16:24:00,16,1,-9,458.04,0
ERP-001930,2025-03,Interface,U010,U001,2025-03-05 03:09:16,3,0,-26,-1097.43,0
ERP-001931,2025-03,Interface,U010,U001,2025-03-12 04:32:01,4,0,-19,5640.61,0
ERP-001932,2025-03,Recurring,U011,U001,2025-03-21 03:41:20,3,0,-10,10859.69,0
ERP-001933,2025-03,Interface,U010,U001,2025-03-22 02:00:45,2,1,-9,-706.86,0
ERP-001934,2025-03,Interface,U010,U001,2025-03-19 04:13:34,4,0,-12,-343.76,0
ERP-001935,2025-03,Manual,U001,U003,2025-03-29 14:09:51,14,1,-2,2085.28,0
ERP-001936,2025-03,Recurring,U011,U001,2025-03-08 02:35:44,2,1,-23,1301.84,0
ERP-001937,2025-03,Interface,U010,U001,2025-03-27 02:17:10,2,0,-4,-3542.68,1
ERP-001938,2025-03,Interface,U010,U001,2025-03-20 04:29:21,4,0,-11,962.8,0
ERP-001939,2025-03,Interface,U010,U001,2025-03-28 23:20:53,23,0,-3,-3998.93,0
ERP-001940,2025-03,Interface,U010,U001,2025-03-22 02:17:54,2,1,-9,2317.72,0
ERP-001941,2025-03,Interface,U010,U001,2025-03-28 03:59:36,3,0,-3,1993.22,0
ERP-001942,2025-03,Interface,U010,U001,2025-03-25 03:02:28,3,0,-6,1164.82,0
ERP-001943,2025-03,Interface,U010,U001,2025-03-17 02:19:01,2,0,-14,4403.08,0
ERP-001944,2025-03,Interface,U010,U001,2025-03-14 22:56:38,22,0,-17,8783.47,0
ERP-001945,2025-03,Manual,U008,U005,2025-03-22 09:14:15,9,1,-9,-3940.93,0
ERP-001946,2025-03,Interface,U010,U001,2025-03-28 02:16:54,2,0,-3,1036.29,0
ERP-001947,2025-03,Interface,U010,U001,2025-03-09 04:38:14,4,1,-22,1582.83,0
ERP-001948,2025-03,Interface,U010,U001,2025-03-07 23:24:27,23,0,-24,291.9,0
ERP-001949,2025-03,Interface,U010,U001,2025-03-24 02:19:53,2,0,-7,6422.64,1
ERP-001950,2025-03,Recurring,U011,U001,2025-03-17 23:56:46,23,0,-14,2605.51,0
ERP-001951,2025-03,Manual,U008,U003,2025-03-03 21:36:35,21,0,-28,-5767.21,0
ERP-001952,2025-03,Recurring,U011,U001,2025-03-09 23:23:58,23,1,-22,195.03,0
ERP-001953,2025-03,Interface,U010,U001,2025-03-22 22:58:07,22,1,-9,-1091.0,0
ERP-001954,2025-03,Recurring,U011,U001,2025-03-21 02:03:30,2,0,-10,2939.38,0
ERP-001955,2025-03,Interface,U010,U001,2025-03-12 03:06:22,3,0,-19,-498.68,0
ERP-001956,2025-03,Interface,U010,U001,2025-03-29 02:05:17,2,1,-2,-1684.58,0
ERP-001957,2025-03,Manual,U002,U008,2025-03-15 16:27:17,16,1,-16,16391.71,0
ERP-001958,2025-03,Interface,U010,U001,2025-03-20 23:21:21,23,0,-11,2685.08,0
ERP-001959,2025-03,Manual,U007,U005,2025-03-02 12:28:29,12,1,-29,686.76,0
ERP-001960,2025-03,Recurring,U011,U001,2025-03-11 22:12:41,22,0,-20,1362.09,0
ERP-001961,2025-03,Interface,U010,U001,2025-03-05 03:01:26,3,0,-26,3775.41,0
ERP-001962,2025-03,Interface,U010,U001,2025-03-24 04:39:35,4,0,-7,-6001.46,0
ERP-001963,2025-03,Interface,U010,U001,2025-03-05 02:21:30,2,0,-26,785.43,0
ERP-001964,2025-03,Interface,U010,U001,2025-03-16 03:25:36,3,1,-15,-912.95,0
ERP-001965,2025-03,Interface,U010,U001,2025-03-13 03:45:49,3,0,-18,7895.22,0
ERP-001966,2025-03,Manual,U008,U001,2025-03-27 08:34:35,8,0,-4,1018.73,0
ERP-001967,2025-03,Recurring,U011,U001,2025-03-24 23:07:25,23,0,-7,1082.23,0
ERP-001968,2025-03,Interface,U010,U001,2025-03-05 02:46:27,2,0,-26,1097.19,0
ERP-001969,2025-03,Interface,U010,U001,2025-03-30 22:44:52,22,1,-1,9098.15,0
ERP-001970,2025-03,Interface,U010,U001,2025-03-23 02:21:07,2,1,-8,1447.51,0
ERP-001971,2025-03,Recurring,U011,U001,2025-03-30 23:43:07,23,1,-1,-1079.47,0
ERP-001972,2025-03,Manual,U007,U002,2025-03-29 17:43:31,17,1,-2,720.61,0
ERP-001973,2025-03,Interface,U010,U001,2025-03-13 23:48:17,23,0,-18,2500.25,0
ERP-001974,2025-03,Manual,U002,U001,2025-03-06 10:11:00,10,0,-25,1520.93,0
ERP-001975,2025-03,Manual,U008,U007,2025-03-15 11:32:00,11,1,-16,-4895.76,0
ERP-001976,2025-03,Manual,U007,U007,2025-03-20 13:57:46,13,0,-11,2676.26,0
ERP-001977,2025-03,Interface,U010,U001,2025-03-23 04:51:18,4,1,-8,615.3,0
ERP-001978,2025-03,Interface,U010,U001,2025-03-24 22:49:40,22,0,-7,356.15,0
ERP-001979,2025-03,Interface,U010,U001,2025-03-01 23:49:05,23,1,-30,4321.6,0
ERP-001980,2025-03,Manual,U001,U004,2025-03-12 12:59:30,12,0,-19,555.65,0
ERP-001981,2025-03,Interface,U010,U001,2025-03-12 04:42:26,4,0,-19,2558.28,0
ERP-001982,2025-03,Interface,U010,U001,2025-03-26 04:29:13,4,0,-5,-1919.4,0
ERP-001983,2025-03,Interface,U010,U001,2025-03-29 02:59:29,2,1,-2,1135.18,0
ERP-001984,2025-03,Interface,U010,U001,2025-03-22 22:23:15,22,1,-9,1000.73,0
ERP-001985,2025-03,Interface,U010,U001,2025-03-08 03:35:36,3,1,-23,488.44,0
ERP-001986,2025-03,Manual,U005,U002,2025-03-28 13:13:41,13,0,-3,-14950.79,0
ERP-001987,2025-03,Manual,U009,U003,2025-03-01 09:51:58,9,1,-30,2306.41,0
ERP-001988,2025-03,Recurring,U011,U001,2025-03-03 23:29:12,23,0,-28,5070.53,0
ERP-001989,2025-03,Interface,U010,U001,2025-03-01 22:23:26,22,1,-30,6832.06,0
ERP-001990,2025-03,Interface,U010,U001,2025-03-16 22:19:12,22,1,-15,-9930.57,0
ERP-001991,2025-03,Interface,U010,U001,2025-03-07 04:30:02,4,0,-24,-2845.42,0
ERP-001992,2025-03,Interface,U010,U001,2025-03-02 23:57:08,23,1,-29,-1703.97,0
ERP-001993,2025-03,Manual,U004,U005,2025-03-25 14:13:59,14,0,-6,176.29,0
ERP-001994,2025-03,Manual,U003,U007,2025-03-06 11:08:28,11,0,-25,-939.97,0
ERP-001995,2025-03,Manual,U003,U004,2025-03-12 16:24:58,16,0,-19,-287.04,0
ERP-001996,2025-03,Recurring,U011,U001,2025-03-13 22:00:25,22,0,-18,1693.46,0
ERP-001997,2025-03,Interface,U010,U001,2025-03-31 22:36:02,22,0,0,-6981.89,0
ERP-001998,2025-03,Manual,U009,U004,2025-03-09 13:38:39,13,1,-22,378.22,0
ERP-001999,2025-03,Interface,U010,U001,2025-03-08 04:15:50,4,1,-23,3044.7,0
ERP-002000,2025-03,Interface,U010,U001,2025-03-13 03:31:37,3,0,-18,1446.16,0
ERP-002001,2025-03,Manual,U007,U007,2025-03-30 16:32:54,16,1,-1,10561.53,0
ERP-002002,2025-03,Recurring,U011,U001,2025-03-12 22:31:30,22,0,-19,523.59,0
ERP-002003,2025-03,Interface,U010,U001,2025-03-06 22:12:00,22,0,-25,-6641.34,0
ERP-002004,2025-03,Interface,U010,U001,2025-03-15 04:42:56,4,1,-16,2818.22,0
ERP-002005,2025-03,Manual,U001,U008,2025-03-23 13:25:47,13,1,-8,1754.58,0
ERP-002006,2025-03,Interface,U010,U001,2025-03-06 04:34:34,4,0,-25,-6301.18,0
ERP-002007,2025-03,Interface,U010,U001,2025-03-09 22:36:38,22,1,-22,21296.54,0
ERP-002008,2025-03,Interface,U010,U001,2025-03-01 04:30:48,4,1,-30,4233.23,0
ERP-002009,2025-03,Manual,U006,U001,2025-03-07 10:24:08,10,0,-24,959.82,0
ERP-002010,2025-03,Interface,U010,U001,2025-03-03 23:41:39,23,0,-28,8307.63,0
ERP-002011,2025-03,Interface,U010,U001,2025-03-22 22:41:43,22,1,-9,-2352.16,0
ERP-002012,2025-03,Manual,U004,U002,2025-03-17 17:46:17,17,0,-14,-637.65,0
ERP-002013,2025-03,Interface,U010,U001,2025-03-22 04:13:51,4,1,-9,5192.79,0
ERP-002014,2025-03,Manual,U004,U008,2025-03-26 12:34:15,12,0,-5,929.4,0
ERP-002015,2025-03,Manual,U002,U005,2025-03-04 08:28:56,8,0,-27,-1040.84,0
ERP-002016,2025-03,Interface,U010,U001,2025-03-15 02:57:56,2,1,-16,-10209.48,0
ERP-002017,2025-03,Recurring,U011,U001,2025-03-22 02:10:01,2,1,-9,8937.84,0
ERP-002018,2025-03,Interface,U010,U001,2025-03-10 04:51:07,4,0,-21,-3068.82,0
ERP-002019,2025-03,Recurring,U011,U001,2025-03-19 23:51:57,23,0,-12,5302.03,0
ERP-002020,2025-03,Manual,U001,U005,2025-03-22 16:29:27,16,1,-9,1494.95,0
ERP-002021,2025-03,Interface,U010,U001,2025-03-13 03:34:50,3,0,-18,1323.93,0
ERP-002022,2025-03,Interface,U010,U001,2025-03-06 02:02:46,2,0,-25,3040.59,0
ERP-002023,2025-03,Recurring,U011,U001,2025-03-21 03:13:52,3,0,-10,1529.83,0
ERP-002024,2025-03,Interface,U010,U001,2025-03-19 23:20:11,23,0,-12,82.72,0
ERP-002025,2025-03,Interface,U010,U001,2025-03-06 02:48:31,2,0,-25,-4884.46,0
ERP-002026,2025-03,Interface,U010,U001,2025-03-08 02:48:43,2,1,-23,893.88,0
ERP-002027,2025-03,Recurring,U011,U001,2025-03-07 02:38:02,2,0,-24,-2257.93,0
ERP-002028,2025-03,Interface,U010,U001,2025-03-23 04:58:34,4,1,-8,2539.4,1
ERP-002029,2025-03,Interface,U010,U001,2025-03-31 02:05:45,2,0,0,6332.27,0
ERP-002030,2025-03,Interface,U010,U001,2025-03-25 03:51:13,3,0,-6,937.68,0
ERP-002031,2025-03,Interface,U010,U001,2025-03-02 03:15:41,3,1,-29,333.3,0
ERP-002032,2025-03,Manual,U002,U004,2025-03-11 09:41:06,9,0,-20,2237.95,0
ERP-002033,2025-03,Interface,U010,U001,2025-03-20 23:38:43,23,0,-11,1419.2,1
ERP-002034,2025-03,Recurring,U011,U001,2025-03-05 23:17:44,23,0,-26,1744.47,0
ERP-002035,2025-03,Interface,U010,U001,2025-03-19 23:40:45,23,0,-12,7319.79,0
ERP-002036,2025-03,Manual,U006,U004,2025-03-28 12:52:28,12,0,-3,1535.36,0
ERP-002037,2025-03,Interface,U010,U001,2025-03-22 02:02:55,2,1,-9,-646.36,0
ERP-002038,2025-03,Interface,U010,U001,2025-03-11 23:04:41,23,0,-20,1633.23,0
ERP-002039,2025-03,Interface,U010,U001,2025-03-06 02:21:15,2,0,-25,715.76,0
ERP-002040,2025-03,Interface,U010,U001,2025-03-18 04:00:41,4,0,-13,-944.13,0
ERP-002041,2025-03,Interface,U010,U001,2025-03-09 23:02:46,23,1,-22,14287.56,0
ERP-002042,2025-03,Recurring,U011,U001,2025-03-13 04:33:53,4,0,-18,637.39,0
ERP-002043,2025-03,Interface,U010,U001,2025-03-22 03:55:08,3,1,-9,15315.1,0
ERP-002044,2025-03,Interface,U010,U001,2025-03-25 03:22:48,3,0,-6,1782.04,0
ERP-002045,2025-03,Manual,U006,U003,2025-03-03 20:10:39,20,0,-28,4759.28,1
ERP-002046,2025-03,Interface,U010,U001,2025-03-11 03:04:36,3,0,-20,-470.23,0
ERP-002047,2025-03,Interface,U010,U001,2025-03-22 22:34:17,22,1,-9,924.17,0
ERP-002048,2025-03,Interface,U010,U001,2025-03-04 03:08:55,3,0,-27,-6224.98,0
ERP-002049,2025-03,Recurring,U011,U001,2025-03-11 23:22:53,23,0,-20,1961.85,0
ERP-002050,2025-03,Interface,U010,U001,2025-03-08 02:47:29,2,1,-23,693.64,0
ERP-002051,2025-03,Interface,U010,U001,2025-03-04 02:53:38,2,0,-27,194.35,0
ERP-002052,2025-03,Interface,U010,U001,2025-03-21 04:11:24,4,0,-10,1648.82,0
ERP-002053,2025-03,Interface,U010,U001,2025-03-04 02:24:57,2,0,-27,6158.78,0
ERP-002054,2025-03,Recurring,U011,U001,2025-03-20 23:06:43,23,0,-11,2417.37,0
ERP-002055,2025-03,Interface,U010,U001,2025-03-22 03:54:16,3,1,-9,-47.23,0
ERP-002056,2025-03,Interface,U010,U001,2025-03-23 23:39:04,23,1,-8,39067.46,0
ERP-002057,2025-03,Interface,U010,U001,2025-03-17 03:14:25,3,0,-14,-3338.95,0
ERP-002058,2025-03,Interface,U010,U001,2025-03-20 04:40:00,4,0,-11,2439.2,0
ERP-002059,2025-03,Interface,U010,U001,2025-03-15 02:38:19,2,1,-16,2187.95,0
ERP-002060,2025-03,Interface,U010,U001,2025-03-12 23:50:54,23,0,-19,1661.32,0
ERP-002061,2025-03,Recurring,U011,U001,2025-03-17 03:51:18,3,0,-14,6641.47,0
ERP-002062,2025-03,Recurring,U011,U001,2025-03-16 03:49:53,3,1,-15,3825.12,0
ERP-002063,2025-03,Recurring,U011,U001,2025-03-21 23:11:28,23,0,-10,1982.99,0
ERP-002064,2025-03,Interface,U010,U001,2025-03-25 04:34:52,4,0,-6,4021.0,0
ERP-002065,2025-03,Recurring,U011,U001,2025-03-11 22:15:29,22,0,-20,1102.29,0
ERP-002066,2025-03,Manual,U009,U008,2025-03-24 15:50:12,15,0,-7,2862.04,0
ERP-002067,2025-03,Interface,U010,U001,2025-03-05 23:12:33,23,0,-26,2825.1,0
ERP-002068,2025-03,Interface,U010,U001,2025-03-02 03:41:43,3,1,-29,200.08,0
ERP-002069,2025-03,Interface,U010,U001,2025-03-16 03:08:02,3,1,-15,876.16,0
ERP-002070,2025-03,Interface,U010,U001,2025-03-27 04:07:30,4,0,-4,4724.62,0
ERP-002071,2025-03,Interface,U010,U001,2025-03-02 22:10:06,22,1,-29,2792.62,0
ERP-002072,2025-03,Manual,U001,U004,2025-03-23 15:45:45,15,1,-8,-435.56,0
ERP-002073,2025-03,Recurring,U011,U001,2025-03-15 03:58:48,3,1,-16,7535.86,0
ERP-002074,2025-03,Interface,U010,U001,2025-03-22 23:31:40,23,1,-9,789.79,0
ERP-002075,2025-03,Interface,U010,U001,2025-03-26 22:45:03,22,0,-5,860.39,0
ERP-002076,2025-03,Recurring,U011,U001,2025-03-16 23:26:42,23,1,-15,1748.9,0
ERP-002077,2025-03,Interface,U010,U001,2025-03-05 02:44:56,2,0,-26,710.4,0
ERP-002078,2025-03,Manual,U006,U004,2025-03-29 17:25:30,17,1,-2,3117.9,0
ERP-002079,2025-03,Interface,U010,U001,2025-03-14 02:33:46,2,0,-17,-913.77,0
ERP-002080,2025-03,Interface,U010,U001,2025-03-08 22:21:07,22,1,-23,4268.09,0
ERP-002081,2025-03,Interface,U010,U001,2025-03-26 04:27:59,4,0,-5,274.67,0
ERP-002082,2025-03,Manual,U002,U001,2025-03-23 16:04:29,16,1,-8,-2412.02,0
ERP-002083,2025-03,Interface,U010,U001,2025-03-28 02:57:00,2,0,-3,5930.59,0
ERP-002084,2025-03,Interface,U010,U001,2025-03-01 23:56:42,23,1,-30,-6781.64,0
ERP-002085,2025-03,Manual,U009,U008,2025-03-16 13:07:07,13,1,-15,-899.15,0
ERP-002086,2025-03,Interface,U010,U001,2025-03-13 04:24:06,4,0,-18,-4150.79,0
ERP-002087,2025-03,Manual,U007,U007,2025-03-15 08:40:36,8,1,-16,3403.84,0
ERP-002088,2025-03,Recurring,U011,U001,2025-03-14 03:57:59,3,0,-17,-162.91,1
ERP-002089,2025-03,Manual,U008,U005,2025-03-06 17:58:03,17,0,-25,-1519.1,0
ERP-002090,2025-03,Interface,U010,U001,2025-03-06 22:50:15,22,0,-25,3391.79,0
ERP-002091,2025-03,Interface,U010,U001,2025-03-13 22:11:19,22,0,-18,899.78,0
ERP-002092,2025-03,Recurring,U011,U001,2025-03-15 22:35:20,22,1,-16,401.45,0
ERP-002093,2025-03,Interface,U010,U001,2025-03-21 22:32:01,22,0,-10,-3764.06,0
ERP-002094,2025-03,Interface,U010,U001,2025-03-09 23:09:40,23,1,-22,-585.96,0
ERP-002095,2025-03,Interface,U010,U001,2025-03-07 02:09:42,2,0,-24,-1167.09,0
ERP-002096,2025-03,Interface,U010,U001,2025-03-05 02:09:24,2,0,-26,2198.78,0
ERP-002097,2025-03,Manual,U002,U003,2025-03-02 11:22:54,11,1,-29,2486.28,0
ERP-002098,2025-03,Interface,U010,U001,2025-03-27 04:32:57,4,0,-4,935.7,0
ERP-002099,2025-03,Interface,U010,U001,2025-03-25 22:15:56,22,0,-6,646.81,0
ERP-002100,2025-03,Interface,U010,U001,2025-03-31 03:36:56,3,0,0,-1224.86,0
ERP-002101,2025-03,Manual,U004,U007,2025-03-24 09:17:23,9,0,-7,4538.88,0
ERP-002102,2025-03,Manual,U009,U005,2025-03-02 08:04:59,8,1,-29,-12143.2,0
ERP-002103,2025-03,Manual,U004,U005,2025-03-06 12:58:29,12,0,-25,2587.28,0
ERP-002104,2025-03,Interface,U010,U001,2025-03-26 23:41:17,23,0,-5,-3014.86,0
ERP-002105,2025-03,Interface,U010,U001,2025-03-05 23:55:19,23,0,-26,3633.27,0
ERP-002106,2025-03,Interface,U010,U001,2025-03-07 22:59:24,22,0,-24,2090.77,0
ERP-002107,2025-03,Interface,U010,U001,2025-03-17 03:06:16,3,0,-14,9888.78,0
ERP-002108,2025-03,Recurring,U011,U001,2025-03-17 23:36:51,23,0,-14,397.28,0
ERP-002109,2025-03,Recurring,U011,U001,2025-03-17 02:22:00,2,0,-14,635.56,0
ERP-002110,2025-03,Interface,U010,U001,2025-03-10 04:07:26,4,0,-21,1864.96,0
ERP-002111,2025-03,Interface,U010,U001,2025-03-11 22:43:39,22,0,-20,13646.18,0
ERP-002112,2025-03,Recurring,U011,U001,2025-03-08 02:24:32,2,1,-23,-391.41,0
ERP-002113,2025-03,Interface,U010,U001,2025-03-16 03:09:04,3,1,-15,-1205.77,0
ERP-002114,2025-03,Interface,U010,U001,2025-03-06 02:26:08,2,0,-25,2687.94,0
ERP-002115,2025-03,Interface,U010,U001,2025-03-31 02:01:59,2,0,0,-3064.13,0
ERP-002116,2025-03,Interface,U010,U001,2025-03-14 23:24:39,23,0,-17,-2738.77,0
ERP-002117,2025-03,Interface,U010,U001,2025-03-27 03:47:44,3,0,-4,-623.19,1
ERP-002118,2025-03,Interface,U010,U001,2025-03-24 04:34:54,4,0,-7,138.35,1
ERP-002119,2025-03,Recurring,U011,U001,2025-03-17 02:31:08,2,0,-14,1416.74,0
ERP-002120,2025-03,Interface,U010,U001,2025-03-04 02:24:15,2,0,-27,-1115.05,0
ERP-002121,2025-03,Interface,U010,U001,2025-03-03 22:16:48,22,0,-28,6646.35,0
ERP-002122,2025-03,Manual,U008,U005,2025-03-26 08:13:44,8,0,-5,845.17,0
ERP-002123,2025-03,Interface,U010,U001,2025-03-29 04:59:11,4,1,-2,4544.27,0
ERP-002124,2025-03,Manual,U003,U003,2025-03-02 16:01:11,16,1,-29,13116.41,0
ERP-002125,2025-03,Manual,U007,U006,2025-03-02 09:05:45,9,1,-29,-1310.43,0
ERP-002126,2025-03,Interface,U010,U001,2025-03-11 03:41:00,3,0,-20,912.63,0
ERP-002127,2025-03,Manual,U007,U006,2025-03-08 14:27:18,14,1,-23,1341.39,0
ERP-002128,2025-03,Interface,U010,U001,2025-03-24 02:32:33,2,0,-7,830.36,0
ERP-002129,2025-03,Interface,U010,U001,2025-03-22 03:27:25,3,1,-9,256.23,0
ERP-002130,2025-03,Interface,U010,U001,2025-03-06 04:45:56,4,0,-25,-2136.95,0
ERP-002131,2025-03,Interface,U010,U001,2025-03-07 04:08:27,4,0,-24,-839.24,0
ERP-002132,2025-03,Manual,U003,U006,2025-03-08 09:58:37,9,1,-23,-6725.53,0
ERP-002133,2025-03,Recurring,U011,U001,2025-03-25 23:36:02,23,0,-6,-588.3,0
ERP-002134,2025-03,Interface,U010,U001,2025-03-13 02:22:11,2,0,-18,1027.39,0
ERP-002135,2025-03,Interface,U010,U001,2025-03-23 22:02:22,22,1,-8,1651.75,0
ERP-002136,2025-03,Recurring,U011,U001,2025-03-05 22:56:22,22,0,-26,794.88,0
ERP-002137,2025-03,Manual,U009,U008,2025-03-11 09:37:57,9,0,-20,6691.62,0
ERP-002138,2025-03,Recurring,U011,U001,2025-03-16 03:36:37,3,1,-15,1939.3,0
ERP-002139,2025-03,Interface,U010,U001,2025-03-07 02:59:14,2,0,-24,8420.15,0
ERP-002140,2025-03,Manual,U007,U007,2025-03-02 12:53:35,12,1,-29,1039.04,0
ERP-002141,2025-03,Interface,U010,U001,2025-03-11 03:50:03,3,0,-20,11655.06,0
ERP-002142,2025-03,Recurring,U011,U001,2025-03-31 22:29:34,22,0,0,2250.98,0
ERP-002143,2025-03,Interface,U010,U001,2025-03-29 22:27:29,22,1,-2,1236.36,0
ERP-002144,2025-03,Interface,U010,U001,2025-03-03 02:45:58,2,0,-28,3035.75,0
ERP-002145,2025-03,Interface,U010,U001,2025-03-06 23:59:00,23,0,-25,66229.39,0
ERP-002146,2025-03,Recurring,U011,U001,2025-03-06 04:30:58,4,0,-25,-7482.96,0
ERP-002147,2025-03,Manual,U007,U003,2025-03-26 13:50:32,13,0,-5,9946.54,1
ERP-002148,2025-03,Interface,U010,U001,2025-03-03 04:28:08,4,0,-28,-3315.9,0
ERP-002149,2025-03,Interface,U010,U001,2025-03-01 22:48:45,22,1,-30,1001.57,0
ERP-002150,2025-03,Interface,U010,U001,2025-03-03 23:21:25,23,0,-28,-267.82,0
ERP-002151,2025-03,Interface,U010,U001,2025-03-31 22:55:16,22,0,0,13482.79,0
ERP-002152,2025-03,Interface,U010,U001,2025-03-12 02:57:47,2,0,-19,1558.93,0
ERP-002153,2025-03,Interface,U010,U001,2025-03-19 04:26:44,4,0,-12,-30095.95,0
ERP-002154,2025-03,Interface,U010,U001,2025-03-19 04:52:07,4,0,-12,-1769.84,0
ERP-002155,2025-03,Interface,U010,U001,2025-03-01 22:46:07,22,1,-30,1350.74,0
ERP-002156,2025-03,Interface,U010,U001,2025-03-25 23:02:39,23,0,-6,10850.13,0
ERP-002157,2025-03,Interface,U010,U001,2025-03-06 02:07:31,2,0,-25,-379.89,0
ERP-002158,2025-03,Interface,U010,U001,2025-03-28 02:59:55,2,0,-3,-1213.45,0
ERP-002159,2025-03,Recurring,U011,U001,2025-03-14 04:58:36,4,0,-17,-10485.61,0
ERP-002160,2025-03,Interface,U010,U001,2025-03-16 02:35:53,2,1,-15,2798.29,0
ERP-002161,2025-03,Interface,U010,U001,2025-03-12 02:35:07,2,0,-19,-1860.92,0
ERP-002162,2025-03,Interface,U010,U001,2025-03-22 23:10:34,23,1,-9,2715.33,0
ERP-002163,2025-03,Manual,U003,U003,2025-03-10 14:55:30,14,0,-21,6006.8,0
ERP-002164,2025-03,Manual,U001,U003,2025-03-17 16:40:32,16,0,-14,402.89,0
ERP-002165,2025-03,Manual,U001,U007,2025-03-03 17:59:43,17,0,-28,886.79,0
ERP-002166,2025-03,Interface,U010,U001,2025-03-22 03:47:36,3,1,-9,-1690.28,0
ERP-002167,2025-03,Interface,U010,U001,2025-03-07 04:28:01,4,0,-24,-6073.97,0
ERP-002168,2025-03,Interface,U010,U001,2025-03-20 23:20:56,23,0,-11,-1993.75,0
ERP-002169,2025-03,Recurring,U011,U001,2025-03-12 04:56:11,4,0,-19,690.7,0
ERP-002170,2025-03,Interface,U010,U001,2025-03-28 04:51:48,4,0,-3,-12255.49,0
ERP-002171,2025-03,Recurring,U011,U001,2025-03-22 23:32:42,23,1,-9,2532.36,0
ERP-002172,2025-03,Manual,U004,U002,2025-03-17 16:11:38,16,0,-14,1410.95,0
ERP-002173,2025-03,Interface,U010,U001,2025-03-30 04:27:45,4,1,-1,5268.65,0
ERP-002174,2025-03,Interface,U010,U001,2025-03-20 02:26:04,2,0,-11,-6432.87,0
ERP-002175,2025-03,Interface,U010,U001,2025-03-25 02:52:55,2,0,-6,-4174.8,0
ERP-002176,2025-03,Interface,U010,U001,2025-03-07 23:32:37,23,0,-24,-1028.18,0
ERP-002177,2025-03,Interface,U010,U001,2025-03-15 04:50:56,4,1,-16,-1620.94,0
ERP-002178,2025-03,Interface,U010,U001,2025-03-13 04:12:35,4,0,-18,1558.47,0
ERP-002179,2025-03,Interface,U010,U001,2025-03-08 22:45:45,22,1,-23,995.34,0
ERP-002180,2025-03,Interface,U010,U001,2025-03-11 23:31:19,23,0,-20,693.2,0
ERP-002181,2025-03,Manual,U005,U002,2025-03-10 10:11:50,10,0,-21,-344.69,0
ERP-002182,2025-03,Interface,U010,U001,2025-03-17 04:28:56,4,0,-14,13396.06,0
ERP-002183,2025-03,Interface,U010,U001,2025-03-20 04:51:43,4,0,-11,-5580.2,0
ERP-002184,2025-03,Interface,U010,U001,2025-03-08 03:32:56,3,1,-23,12213.5,0
ERP-002185,2025-03,Interface,U010,U001,2025-03-21 03:48:27,3,0,-10,1021.1,0
ERP-002186,2025-03,Interface,U010,U001,2025-03-26 04:43:45,4,0,-5,846.17,1
ERP-002187,2025-03,Recurring,U011,U001,2025-03-14 22:11:57,22,0,-17,-10594.38,0
ERP-002188,2025-03,Interface,U010,U001,2025-03-18 03:30:11,3,0,-13,1163.53,0
ERP-002189,2025-03,Manual,U006,U003,2025-03-26 13:35:43,13,0,-5,1849.61,0
ERP-002190,2025-03,Interface,U010,U001,2025-03-09 03:51:43,3,1,-22,-2990.48,0
ERP-002191,2025-03,Manual,U007,U001,2025-03-27 14:08:51,14,0,-4,1762.52,0
ERP-002192,2025-03,Interface,U010,U001,2025-03-22 03:29:57,3,1,-9,6009.08,0
ERP-002193,2025-03,Interface,U010,U001,2025-03-05 04:54:15,4,0,-26,2356.65,0
ERP-002194,2025-03,Interface,U010,U001,2025-03-27 02:10:47,2,0,-4,782.59,0
ERP-002195,2025-03,Recurring,U011,U001,2025-03-13 22:20:37,22,0,-18,1095.96,0
ERP-002196,2025-03,Interface,U010,U001,2025-03-03 02:01:33,2,0,-28,-94.29,0
ERP-002197,2025-03,Recurring,U011,U001,2025-03-03 02:20:44,2,0,-28,4726.02,0
ERP-002198,2025-03,Interface,U010,U001,2025-03-13 04:03:17,4,0,-18,2415.37,0
ERP-002199,2025-03,Recurring,U011,U001,2025-03-29 03:42:25,3,1,-2,641.86,0
ERP-002200,2025-03,Interface,U010,U001,2025-03-12 23:13:03,23,0,-19,-2282.55,0
ERP-002201,2025-03,Manual,U006,U001,2025-03-03 21:15:50,21,0,-28,1876.06,0
ERP-002202,2025-03,Manual,U004,U003,2025-03-06 17:10:23,17,0,-25,1050.86,0
ERP-002203,2025-03,Interface,U010,U001,2025-03-15 22:06:11,22,1,-16,21831.97,0
ERP-002204,2025-03,Interface,U010,U001,2025-03-30 02:33:22,2,1,-1,750.0,0
ERP-002205,2025-03,Interface,U010,U001,2025-03-14 04:22:49,4,0,-17,1175.03,0
ERP-002206,2025-03,Recurring,U011,U001,2025-03-03 22:01:16,22,0,-28,7913.0,1
ERP-002207,2025-03,Manual,U009,U003,2025-03-28 13:15:36,13,0,-3,-1454.19,0
ERP-002208,2025-03,Manual,U007,U004,2025-03-14 14:07:33,14,0,-17,-2281.37,0
ERP-002209,2025-03,Manual,U001,U007,2025-03-26 17:33:23,17,0,-5,-4507.3,0
ERP-002210,2025-03,Interface,U010,U001,2025-03-29 22:57:02,22,1,-2,-1209.85,0
ERP-002211,2025-03,Recurring,U011,U001,2025-03-09 22:28:20,22,1,-22,180.15,0
ERP-002212,2025-03,Interface,U010,U001,2025-03-25 22:02:26,22,0,-6,2428.87,0
ERP-002213,2025-03,Interface,U010,U001,2025-03-27 22:59:52,22,0,-4,1206.67,0
ERP-002214,2025-03,Interface,U010,U001,2025-03-23 03:38:32,3,1,-8,-903.72,0
ERP-002215,2025-03,Interface,U010,U001,2025-03-05 23:50:46,23,0,-26,1273.58,0
ERP-002216,2025-03,Interface,U010,U001,2025-03-02 02:24:05,2,1,-29,20334.66,0
ERP-002217,2025-03,Manual,U002,U004,2025-03-07 10:42:10,10,0,-24,-1316.66,0
ERP-002218,2025-03,Manual,U008,U002,2025-03-25 00:27:19,0,0,-6,-1104.73,0
ERP-002219,2025-03,Interface,U010,U001,2025-03-08 02:08:49,2,1,-23,4663.65,0
ERP-002220,2025-03,Interface,U010,U001,2025-03-09 22:09:15,22,1,-22,811.89,0
ERP-002221,2025-03,Interface,U010,U001,2025-03-22 03:43:59,3,1,-9,-1803.35,0
ERP-002222,2025-03,Interface,U010,U001,2025-03-15 23:05:58,23,1,-16,425.94,0
ERP-002223,2025-03,Interface,U010,U001,2025-03-16 04:21:56,4,1,-15,1534.97,0
ERP-002224,2025-03,Interface,U010,U001,2025-03-18 03:36:55,3,0,-13,1918.63,0
ERP-002225,2025-03,Recurring,U011,U001,2025-03-17 02:55:57,2,0,-14,432.04,0
ERP-002226,2025-03,Recurring,U011,U001,2025-03-27 23:49:39,23,0,-4,366.11,0
ERP-002227,2025-03,Interface,U010,U001,2025-03-13 02:08:41,2,0,-18,1543.96,0
ERP-002228,2025-03,Manual,U003,U001,2025-03-16 15:33:51,15,1,-15,10432.88,0
ERP-002229,2025-03,Interface,U010,U001,2025-03-27 23:11:20,23,0,-4,-8112.08,0
ERP-002230,2025-03,Manual,U002,U001,2025-03-21 10:20:27,10,0,-10,-557.54,0
ERP-002231,2025-03,Manual,U007,U001,2025-03-03 00:09:18,0,0,-28,4790.29,0
ERP-002232,2025-03,Manual,U007,U003,2025-03-19 17:17:16,17,0,-12,-8565.83,0
ERP-002233,2025-03,Interface,U010,U001,2025-03-08 02:18:48,2,1,-23,6574.9,0
ERP-002234,2025-03,Recurring,U011,U001,2025-03-03 04:06:36,4,0,-28,-1128.61,0
ERP-002235,2025-03,Recurring,U011,U001,2025-03-25 22:27:52,22,0,-6,-4020.38,0
ERP-002236,2025-03,Interface,U010,U001,2025-03-18 03:24:54,3,0,-13,-3164.09,0
ERP-002237,2025-03,Interface,U010,U001,2025-03-18 23:07:54,23,0,-13,482.04,0
ERP-002238,2025-03,Recurring,U011,U001,2025-03-14 22:34:35,22,0,-17,10115.6,0
ERP-002239,2025-03,Manual,U009,U002,2025-03-31 23:24:38,23,0,0,1505.25,0
ERP-002240,2025-03,Manual,U006,U008,2025-03-21 13:12:01,13,0,-10,1124.41,0
ERP-002241,2025-03,Interface,U010,U001,2025-03-14 02:18:00,2,0,-17,8645.59,0
ERP-002242,2025-03,Interface,U010,U001,2025-03-28 03:24:09,3,0,-3,5845.92,0
ERP-002243,2025-03,Manual,U001,U003,2025-03-13 12:48:06,12,0,-18,-783.89,0
ERP-002244,2025-03,Interface,U010,U001,2025-03-22 22:43:34,22,1,-9,-6925.72,1
ERP-002245,2025-03,Recurring,U011,U001,2025-03-03 02:36:24,2,0,-28,-3334.76,1
ERP-002246,2025-03,Interface,U010,U001,2025-03-08 22:43:19,22,1,-23,9910.6,0
ERP-002247,2025-03,Recurring,U011,U001,2025-03-26 02:43:33,2,0,-5,3987.44,0
ERP-002248,2025-03,Interface,U010,U001,2025-03-14 03:31:14,3,0,-17,4259.95,0
ERP-002249,2025-03,Interface,U010,U001,2025-03-16 03:04:07,3,1,-15,2524.85,0
ERP-002250,2025-03,Manual,U006,U008,2025-03-18 15:41:57,15,0,-13,1877.65,0
ERP-002251,2025-03,Interface,U010,U001,2025-03-31 22:36:26,22,0,0,740.97,0
ERP-002252,2025-03,Manual,U004,U006,2025-03-30 13:39:25,13,1,-1,1498.82,0
ERP-002253,2025-03,Interface,U010,U001,2025-03-01 02:09:05,2,1,-30,2803.96,0
ERP-002254,2025-03,Interface,U010,U001,2025-03-27 02:34:59,2,0,-4,3898.32,0
ERP-002255,2025-03,Interface,U010,U001,2025-03-24 23:12:44,23,0,-7,-829.06,0
ERP-002256,2025-03,Recurring,U011,U001,2025-03-28 22:40:22,22,0,-3,-2700.17,0
ERP-002257,2025-03,Interface,U010,U001,2025-03-06 22:50:58,22,0,-25,1781.08,0
ERP-002258,2025-03,Interface,U010,U001,2025-03-28 03:28:59,3,0,-3,863.23,0
ERP-002259,2025-03,Recurring,U011,U001,2025-03-13 04:37:09,4,0,-18,2167.48,0
ERP-002260,2025-03,Interface,U010,U001,2025-03-04 23:40:22,23,0,-27,3305.23,0
ERP-002261,2025-03,Recurring,U011,U001,2025-03-15 23:55:10,23,1,-16,564.37,0
ERP-002262,2025-03,Manual,U002,U007,2025-03-11 13:03:30,13,0,-20,1179.97,0
ERP-002263,2025-03,Interface,U010,U001,2025-03-21 02:23:54,2,0,-10,-1219.79,0
ERP-002264,2025-03,Manual,U007,U001,2025-03-27 15:00:49,15,0,-4,2304.13,0
ERP-002265,2025-03,Interface,U010,U001,2025-03-11 22:22:37,22,0,-20,626.18,0
ERP-002266,2025-03,Interface,U010,U001,2025-03-02 22:03:31,22,1,-29,5834.29,0
ERP-002267,2025-03,Interface,U010,U001,2025-03-03 03:26:53,3,0,-28,-8480.57,0
ERP-002268,2025-03,Interface,U010,U001,2025-03-28 02:21:32,2,0,-3,727.89,0
ERP-002269,2025-03,Interface,U010,U001,2025-03-31 02:56:39,2,0,0,36557.21,0
ERP-002270,2025-03,Recurring,U011,U001,2025-03-23 23:42:54,23,1,-8,1227.84,0
ERP-002271,2025-03,Recurring,U011,U001,2025-03-02 03:55:23,3,1,-29,-2075.07,0
ERP-002272,2025-03,Interface,U010,U001,2025-03-16 23:45:13,23,1,-15,1621.01,0
ERP-002273,2025-03,Manual,U008,U001,2025-03-09 08:57:47,8,1,-22,290.84,0
ERP-002274,2025-03,Manual,U007,U005,2025-03-30 05:34:06,5,1,-1,874.68,0
ERP-002275,2025-03,Manual,U003,U003,2025-03-01 13:42:55,13,1,-30,570.81,0
ERP-002276,2025-03,Interface,U010,U001,2025-03-19 22:19:51,22,0,-12,4328.71,0
ERP-002277,2025-03,Recurring,U011,U001,2025-03-17 04:48:30,4,0,-14,-246.85,0
ERP-002278,2025-03,Interface,U010,U001,2025-03-07 04:24:51,4,0,-24,4339.06,0
ERP-002279,2025-03,Interface,U010,U001,2025-03-04 03:09:31,3,0,-27,1254.16,0
ERP-002280,2025-03,Interface,U010,U001,2025-03-25 02:39:13,2,0,-6,-4328.33,0
ERP-002281,2025-03,Interface,U010,U001,2025-03-11 02:01:44,2,0,-20,-2313.58,0
ERP-002282,2025-03,Interface,U010,U001,2025-03-13 02:23:32,2,0,-18,1387.03,0
ERP-002283,2025-03,Manual,U001,U005,2025-03-26 12:35:31,12,0,-5,4296.09,0
ERP-002284,2025-03,Interface,U010,U001,2025-03-29 04:18:58,4,1,-2,-5380.82,0
ERP-002285,2025-03,Interface,U010,U001,2025-03-13 02:55:34,2,0,-18,3013.58,0
ERP-002286,2025-03,Recurring,U011,U001,2025-03-21 23:30:07,23,0,-10,-1848.13,0
ERP-002287,2025-03,Interface,U010,U001,2025-03-01 23:31:39,23,1,-30,3535.12,0
ERP-002288,2025-03,Interface,U010,U001,2025-03-03 22:20:48,22,0,-28,-1726.62,0
ERP-002289,2025-03,Interface,U010,U001,2025-03-29 03:32:44,3,1,-2,577.54,0
ERP-002290,2025-03,Interface,U010,U001,2025-03-26 03:03:29,3,0,-5,2690.21,0
ERP-002291,2025-03,Manual,U009,U002,2025-03-05 09:50:34,9,0,-26,3904.21,0
ERP-002292,2025-03,Interface,U010,U001,2025-03-22 04:12:35,4,1,-9,3063.22,0
ERP-002293,2025-03,Interface,U010,U001,2025-03-26 23:38:25,23,0,-5,4857.31,0
ERP-002294,2025-03,Interface,U010,U001,2025-03-17 23:21:24,23,0,-14,851.65,0
ERP-002295,2025-03,Interface,U010,U001,2025-03-13 03:43:17,3,0,-18,-903.46,0
ERP-002296,2025-03,Interface,U010,U001,2025-03-02 02:24:51,2,1,-29,-178.79,0
ERP-002297,2025-03,Interface,U010,U001,2025-03-22 02:48:55,2,1,-9,8284.17,0
ERP-002298,2025-03,Recurring,U011,U001,2025-03-20 03:27:14,3,0,-11,5499.83,0
ERP-002299,2025-03,Interface,U010,U001,2025-03-10 03:17:36,3,0,-21,-5161.67,0
ERP-002300,2025-03,Interface,U010,U001,2025-03-07 23:43:12,23,0,-24,931.84,1
ERP-002301,2025-03,Interface,U010,U001,2025-03-29 22:27:28,22,1,-2,2454.23,1
ERP-002302,2025-03,Interface,U010,U001,2025-03-02 03:25:27,3,1,-29,1705.88,0
ERP-002303,2025-03,Interface,U010,U001,2025-03-01 22:47:08,22,1,-30,111.31,0
ERP-002304,2025-03,Interface,U010,U001,2025-03-12 23:42:44,23,0,-19,1812.37,0
ERP-002305,2025-03,Recurring,U011,U001,2025-03-11 23:28:44,23,0,-20,2096.26,0
ERP-002306,2025-03,Manual,U007,U007,2025-03-12 10:25:37,10,0,-19,1707.65,0
ERP-002307,2025-03,Interface,U010,U001,2025-03-05 23:00:43,23,0,-26,3019.05,0
ERP-002308,2025-03,Interface,U010,U001,2025-03-22 03:29:05,3,1,-9,-521.27,0
ERP-002309,2025-03,Manual,U002,U001,2025-03-20 15:35:30,15,0,-11,1650.97,0
ERP-002310,2025-03,Recurring,U011,U001,2025-03-19 02:47:37,2,0,-12,3900.5,0
ERP-002311,2025-03,Recurring,U011,U001,2025-03-26 04:41:00,4,0,-5,225.91,0
ERP-002312,2025-03,Interface,U010,U001,2025-03-28 23:31:13,23,0,-3,-5845.71,0
ERP-002313,2025-03,Recurring,U011,U001,2025-03-04 22:09:12,22,0,-27,1343.0,0
ERP-002314,2025-03,Interface,U010,U001,2025-03-18 22:41:59,22,0,-13,-1326.39,0
ERP-002315,2025-03,Recurring,U011,U001,2025-03-30 03:30:15,3,1,-1,-3701.44,0
ERP-002316,2025-03,Interface,U010,U001,2025-03-23 04:44:20,4,1,-8,-4596.54,0
ERP-002317,2025-03,Recurring,U011,U001,2025-03-21 03:59:17,3,0,-10,-130.59,0
ERP-002318,2025-03,Manual,U008,U006,2025-03-14 09:28:57,9,0,-17,4960.21,0
ERP-002319,2025-03,Recurring,U011,U001,2025-03-28 22:37:34,22,0,-3,-1706.61,0
ERP-002320,2025-03,Manual,U004,U003,2025-03-11 11:56:23,11,0,-20,-2175.1,0
ERP-002321,2025-03,Interface,U010,U001,2025-03-22 03:56:25,3,1,-9,1946.02,0
ERP-002322,2025-03,Manual,U007,U005,2025-03-25 17:21:25,17,0,-6,-2036.03,0
ERP-002323,2025-03,Manual,U008,U004,2025-03-12 15:54:06,15,0,-19,-1153.83,0
ERP-002324,2025-03,Recurring,U011,U001,2025-03-04 04:30:52,4,0,-27,-3628.58,0
ERP-002325,2025-03,Manual,U005,U008,2025-03-09 14:32:36,14,1,-22,4851.61,0
ERP-002326,2025-03,Interface,U010,U001,2025-03-23 23:46:34,23,1,-8,-2004.47,0
ERP-002327,2025-03,Manual,U003,U008,2025-03-29 16:44:44,16,1,-2,608.7,0
ERP-002328,2025-03,Interface,U010,U001,2025-03-02 22:30:28,22,1,-29,676.44,0
ERP-002329,2025-03,Interface,U010,U001,2025-03-17 22:02:10,22,0,-14,2046.86,0
ERP-002330,2025-03,Recurring,U011,U001,2025-03-18 02:42:35,2,0,-13,739.56,0
ERP-002331,2025-03,Interface,U010,U001,2025-03-13 03:17:22,3,0,-18,1820.44,0
ERP-002332,2025-03,Manual,U004,U008,2025-03-16 14:07:26,14,1,-15,1547.42,0
ERP-002333,2025-03,Interface,U010,U001,2025-03-15 22:19:25,22,1,-16,3688.39,0
ERP-002334,2025-03,Interface,U010,U001,2025-03-19 04:34:59,4,0,-12,927.03,0
ERP-002335,2025-03,Interface,U010,U001,2025-03-18 04:34:55,4,0,-13,233.37,0
ERP-002336,2025-03,Interface,U010,U001,2025-03-31 23:39:04,23,0,0,-7326.2,0
ERP-002337,2025-03,Interface,U010,U001,2025-03-29 04:54:45,4,1,-2,135.25,0
ERP-002338,2025-03,Interface,U010,U001,2025-03-31 22:14:34,22,0,0,1026.74,0
ERP-002339,2025-03,Manual,U005,U001,2025-03-13 13:56:00,13,0,-18,601.03,0
ERP-002340,2025-03,Interface,U010,U001,2025-03-14 02:32:14,2,0,-17,-559.14,0
ERP-002341,2025-03,Manual,U009,U007,2025-03-04 09:47:31,9,0,-27,3128.31,0
ERP-002342,2025-03,Interface,U010,U001,2025-03-01 04:54:43,4,1,-30,-1702.2,0
ERP-002343,2025-03,Interface,U010,U001,2025-03-24 03:07:54,3,0,-7,8273.94,0
ERP-002344,2025-03,Manual,U001,U002,2025-03-14 08:18:37,8,0,-17,-7794.75,1
ERP-002345,2025-03,Interface,U010,U001,2025-03-26 22:25:23,22,0,-5,1601.73,0
ERP-002346,2025-03,Interface,U010,U001,2025-03-11 22:46:07,22,0,-20,3800.15,0
ERP-002347,2025-03,Manual,U003,U005,2025-03-01 01:26:52,1,1,-30,700.41,0
ERP-002348,2025-03,Interface,U010,U001,2025-03-29 23:38:20,23,1,-2,2892.83,0
ERP-002349,2025-03,Recurring,U011,U001,2025-03-09 22:56:51,22,1,-22,843.68,0
ERP-002350,2025-03,Recurring,U011,U001,2025-03-09 04:00:49,4,1,-22,3955.65,0
ERP-002351,2025-03,Interface,U010,U001,2025-03-03 22:53:42,22,0,-28,-1282.23,0
ERP-002352,2025-03,Interface,U010,U001,2025-03-07 22:53:54,22,0,-24,2536.55,0
ERP-002353,2025-03,Interface,U010,U001,2025-03-15 04:07:23,4,1,-16,913.48,0
ERP-002354,2025-03,Manual,U003,U003,2025-03-17 08:00:49,8,0,-14,-1549.74,0
ERP-002355,2025-03,Interface,U010,U001,2025-03-12 23:10:24,23,0,-19,3873.32,0
ERP-002356,2025-03,Recurring,U011,U001,2025-03-19 02:51:36,2,0,-12,3190.35,0
ERP-002357,2025-03,Recurring,U011,U001,2025-03-28 23:06:48,23,0,-3,3000.32,0
ERP-002358,2025-03,Manual,U009,U004,2025-03-05 15:47:58,15,0,-26,9087.01,0
ERP-002359,2025-03,Interface,U010,U001,2025-03-06 22:13:48,22,0,-25,-1707.97,0
ERP-002360,2025-03,Manual,U005,U002,2025-03-30 11:56:45,11,1,-1,-1801.94,0
ERP-002361,2025-03,Recurring,U011,U001,2025-03-07 23:25:44,23,0,-24,-848.03,1
ERP-002362,2025-03,Interface,U010,U001,2025-03-28 02:34:26,2,0,-3,-357.39,0
ERP-002363,2025-03,Recurring,U011,U001,2025-03-14 04:25:56,4,0,-17,855.02,0
ERP-002364,2025-03,Interface,U010,U001,2025-03-17 02:25:01,2,0,-14,1052.25,0
ERP-002365,2025-03,Manual,U002,U004,2025-03-22 13:24:08,13,1,-9,608.69,0
ERP-002366,2025-03,Interface,U010,U001,2025-03-15 22:37:24,22,1,-16,-1714.11,0
ERP-002367,2025-03,Manual,U003,U003,2025-03-15 16:23:33,16,1,-16,1197.89,0
ERP-002368,2025-03,Interface,U010,U001,2025-03-01 22:44:30,22,1,-30,922.83,0
ERP-002369,2025-03,Manual,U005,U008,2025-03-06 10:20:38,10,0,-25,1670.09,0
ERP-002370,2025-03,Interface,U010,U001,2025-03-08 23:50:21,23,1,-23,-807.38,0
ERP-002371,2025-03,Recurring,U011,U001,2025-03-27 22:49:52,22,0,-4,1280.36,0
ERP-002372,2025-03,Interface,U010,U001,2025-03-10 22:44:03,22,0,-21,2189.55,0
ERP-002373,2025-03,Interface,U010,U001,2025-03-12 04:44:37,4,0,-19,9871.77,0
ERP-002374,2025-03,Manual,U006,U003,2025-03-21 17:36:56,17,0,-10,642.65,0
ERP-002375,2025-03,Interface,U010,U001,2025-03-16 04:16:07,4,1,-15,-647.52,0
ERP-002376,2025-03,Interface,U010,U001,2025-03-15 22:38:31,22,1,-16,5711.32,0
ERP-002377,2025-03,Interface,U010,U001,2025-03-01 23:15:34,23,1,-30,-6361.77,0
ERP-002378,2025-03,Interface,U010,U001,2025-03-23 02:40:36,2,1,-8,662.02,0
ERP-002379,2025-03,Manual,U009,U005,2025-03-07 14:36:13,14,0,-24,-968.94,0
ERP-002380,2025-03,Recurring,U011,U001,2025-03-06 03:48:54,3,0,-25,-1083.41,0
ERP-002381,2025-03,Interface,U010,U001,2025-03-31 23:11:08,23,0,0,-4540.9,0
ERP-002382,2025-03,Interface,U010,U001,2025-03-30 04:11:21,4,1,-1,4714.57,0
ERP-002383,2025-03,Recurring,U011,U001,2025-03-04 02:09:09,2,0,-27,-1971.88,0
ERP-002384,2025-03,Interface,U010,U001,2025-03-28 23:31:42,23,0,-3,6476.24,1
ERP-002385,2025-03,Interface,U010,U001,2025-03-06 22:10:44,22,0,-25,1463.84,0
ERP-002386,2025-03,Interface,U010,U001,2025-03-06 03:54:45,3,0,-25,1284.7,0
ERP-002387,2025-03,Interface,U010,U001,2025-03-10 02:19:26,2,0,-21,7003.73,0
ERP-002388,2025-03,Recurring,U011,U001,2025-03-06 02:37:33,2,0,-25,459.72,0
ERP-002389,2025-03,Interface,U010,U001,2025-03-13 22:52:45,22,0,-18,4638.48,0
ERP-002390,2025-03,Interface,U010,U001,2025-03-21 03:39:58,3,0,-10,4184.62,0
ERP-002391,2025-03,Recurring,U011,U001,2025-03-07 02:45:02,2,0,-24,-7082.18,0
ERP-002392,2025-03,Manual,U007,U002,2025-03-31 23:02:46,23,0,0,1082.86,0
ERP-002393,2025-03,Interface,U010,U001,2025-03-26 02:50:59,2,0,-5,6370.27,0
ERP-002394,2025-03,Interface,U010,U001,2025-03-09 04:35:13,4,1,-22,-6666.36,0
ERP-002395,2025-03,Interface,U010,U001,2025-03-23 02:57:28,2,1,-8,-3687.07,0
ERP-002396,2025-03,Interface,U010,U001,2025-03-05 04:53:21,4,0,-26,2087.03,0
ERP-002397,2025-03,Recurring,U011,U001,2025-03-26 23:52:22,23,0,-5,459.07,0
ERP-002398,2025-03,Manual,U006,U007,2025-03-05 14:35:15,14,0,-26,-4957.44,0
ERP-002399,2025-03,Interface,U010,U001,2025-03-18 02:03:45,2,0,-13,276.26,1
ERP-002400,2025-03,Interface,U010,U001,2025-03-17 02:50:17,2,0,-14,-2631.64,0
ERP-002401,2025-03,Interface,U010,U001,2025-03-21 03:45:39,3,0,-10,4404.88,0
ERP-002402,2025-03,Manual,U009,U001,2025-03-27 08:22:16,8,0,-4,1010.22,0
ERP-002403,2025-03,Recurring,U011,U001,2025-03-10 23:47:06,23,0,-21,13234.4,0
ERP-002404,2025-03,Manual,U005,U007,2025-03-20 13:00:08,13,0,-11,1748.52,0
ERP-002405,2025-03,Interface,U010,U001,2025-03-23 22:44:22,22,1,-8,-2210.14,0
ERP-002406,2025-03,Interface,U010,U001,2025-03-21 04:03:20,4,0,-10,7981.05,0
ERP-002407,2025-03,Interface,U010,U001,2025-03-22 04:32:27,4,1,-9,-1695.34,0
ERP-002408,2025-03,Interface,U010,U001,2025-03-25 02:32:27,2,0,-6,687.89,0
ERP-002409,2025-03,Manual,U005,U003,2025-03-25 12:23:28,12,0,-6,4750.67,0
ERP-002410,2025-03,Interface,U010,U001,2025-03-23 04:52:36,4,1,-8,-1312.35,0
ERP-002411,2025-03,Manual,U006,U008,2025-03-06 09:45:59,9,0,-25,4861.29,0
ERP-002412,2025-03,Interface,U010,U001,2025-03-04 02:11:21,2,0,-27,1537.53,0
ERP-002413,2025-03,Interface,U010,U001,2025-03-22 03:55:33,3,1,-9,3614.25,0
ERP-002414,2025-03,Recurring,U011,U001,2025-03-14 23:33:29,23,0,-17,663.18,0
ERP-002415,2025-03,Interface,U010,U001,2025-03-31 23:44:11,23,0,0,1277.6,0
ERP-002416,2025-03,Interface,U010,U001,2025-03-31 02:28:39,2,0,0,881.16,0
ERP-002417,2025-03,Recurring,U011,U001,2025-03-14 04:17:16,4,0,-17,-1799.38,0
ERP-002418,2025-03,Interface,U010,U001,2025-03-16 04:02:10,4,1,-15,2827.7,0
ERP-002419,2025-03,Interface,U010,U001,2025-03-30 04:16:44,4,1,-1,339.59,0
ERP-002420,2025-03,Interface,U010,U001,2025-03-07 02:19:17,2,0,-24,521.2,0
ERP-002421,2025-03,Interface,U010,U001,2025-03-20 02:47:11,2,0,-11,-1913.98,0
ERP-002422,2025-03,Manual,U005,U002,2025-03-28 20:13:54,20,0,-3,10656.61,0
ERP-002423,2025-03,Interface,U010,U001,2025-03-29 23:06:44,23,1,-2,974.78,0
ERP-002424,2025-03,Interface,U010,U001,2025-03-02 04:28:04,4,1,-29,-374.49,0
ERP-002425,2025-03,Interface,U010,U001,2025-03-29 23:04:34,23,1,-2,1511.22,0
ERP-002426,2025-03,Interface,U010,U001,2025-03-19 02:38:17,2,0,-12,176.64,0
ERP-002427,2025-03,Manual,U009,U008,2025-03-19 12:30:16,12,0,-12,-14373.59,0
ERP-002428,2025-03,Interface,U010,U001,2025-03-14 22:43:38,22,0,-17,1605.51,0
ERP-002429,2025-03,Manual,U003,U005,2025-03-24 09:09:52,9,0,-7,4823.01,0
ERP-002430,2025-03,Manual,U002,U001,2025-03-27 09:01:49,9,0,-4,2885.87,0
ERP-002431,2025-03,Interface,U010,U001,2025-03-04 02:50:31,2,0,-27,-1563.75,0
ERP-002432,2025-03,Interface,U010,U001,2025-03-06 22:33:41,22,0,-25,1186.2,0
ERP-002433,2025-03,Interface,U010,U001,2025-03-24 03:50:31,3,0,-7,5891.45,0
ERP-002434,2025-03,Recurring,U011,U001,2025-03-04 04:10:43,4,0,-27,-535.61,0
ERP-002435,2025-03,Interface,U010,U001,2025-03-13 02:57:59,2,0,-18,-8599.38,0
ERP-002436,2025-03,Manual,U008,U006,2025-03-07 11:46:24,11,0,-24,5328.8,0
ERP-002437,2025-03,Interface,U010,U001,2025-03-28 23:23:35,23,0,-3,-1858.11,0
ERP-002438,2025-03,Interface,U010,U001,2025-03-24 04:10:02,4,0,-7,2215.39,0
ERP-002439,2025-03,Interface,U010,U001,2025-03-06 23:15:42,23,0,-25,484.36,0
ERP-002440,2025-03,Interface,U010,U001,2025-03-25 23:24:19,23,0,-6,724.42,0
ERP-002441,2025-03,Interface,U010,U001,2025-03-15 02:48:29,2,1,-16,5189.84,0
ERP-002442,2025-03,Interface,U010,U001,2025-03-31 22:30:31,22,0,0,4402.89,0
ERP-002443,2025-03,Interface,U010,U001,2025-03-07 03:10:20,3,0,-24,3601.29,0
ERP-002444,2025-03,Recurring,U011,U001,2025-03-23 23:52:45,23,1,-8,1113.84,0
ERP-002445,2025-03,Manual,U001,U008,2025-03-27 10:00:49,10,0,-4,1871.42,0
ERP-002446,2025-03,Interface,U010,U001,2025-03-03 23:44:50,23,0,-28,3211.31,0
ERP-002447,2025-03,Interface,U010,U001,2025-03-04 02:08:33,2,0,-27,4744.42,0
ERP-002448,2025-03,Interface,U010,U001,2025-03-22 02:23:17,2,1,-9,-1179.84,0
ERP-002449,2025-03,Interface,U010,U001,2025-03-07 23:26:31,23,0,-24,952.91,0
ERP-002450,2025-03,Interface,U010,U001,2025-03-09 02:56:14,2,1,-22,-467.96,0
ERP-002451,2025-03,Interface,U010,U001,2025-03-16 04:39:45,4,1,-15,1648.49,0
ERP-002452,2025-03,Recurring,U011,U001,2025-03-10 03:45:18,3,0,-21,1764.36,0
ERP-002453,2025-03,Manual,U006,U004,2025-03-01 23:27:13,23,1,-30,2108.49,0
ERP-002454,2025-03,Manual,U001,U004,2025-03-04 01:51:08,1,0,-27,1535.17,0
ERP-002455,2025-03,Interface,U010,U001,2025-03-08 04:01:05,4,1,-23,472.2,0
ERP-002456,2025-03,Manual,U001,U004,2025-03-12 08:16:03,8,0,-19,-856.22,0
ERP-002457,2025-03,Interface,U010,U001,2025-03-04 04:14:38,4,0,-27,-6297.56,0
ERP-002458,2025-03,Manual,U009,U004,2025-03-18 17:53:29,17,0,-13,1356.72,0
ERP-002459,2025-03,Manual,U005,U003,2025-03-07 17:35:36,17,0,-24,2973.26,0
ERP-002460,2025-03,Interface,U010,U001,2025-03-29 03:21:57,3,1,-2,-17367.5,0
ERP-002461,2025-03,Interface,U010,U001,2025-03-05 23:27:20,23,0,-26,1771.43,0
ERP-002462,2025-03,Manual,U002,U003,2025-03-06 16:22:29,16,0,-25,-2670.1,0
ERP-002463,2025-03,Manual,U008,U003,2025-03-03 08:21:10,8,0,-28,-1560.37,0
ERP-002464,2025-03,Interface,U010,U001,2025-03-31 03:10:55,3,0,0,-2551.29,0
ERP-002465,2025-03,Interface,U010,U001,2025-03-18 04:47:40,4,0,-13,-4075.95,0
ERP-002466,2025-03,Interface,U010,U001,2025-03-30 23:04:03,23,1,-1,979.47,0
ERP-002467,2025-03,Manual,U006,U001,2025-03-11 15:09:47,15,0,-20,4846.35,0
ERP-002468,2025-03,Interface,U010,U001,2025-03-30 03:33:18,3,1,-1,152.95,0
ERP-002469,2025-03,Interface,U010,U001,2025-03-04 03:34:55,3,0,-27,173.03,0
ERP-002470,2025-03,Recurring,U011,U001,2025-03-13 03:29:26,3,0,-18,1110.76,0
ERP-002471,2025-03,Interface,U010,U001,2025-03-17 22:39:43,22,0,-14,439.22,0
ERP-002472,2025-03,Manual,U007,U006,2025-03-30 23:36:44,23,1,-1,1050.05,0
ERP-002473,2025-03,Interface,U010,U001,2025-03-30 22:22:21,22,1,-1,516.83,0
ERP-002474,2025-03,Interface,U010,U001,2025-03-26 02:32:12,2,0,-5,2337.12,0
ERP-002475,2025-03,Interface,U010,U001,2025-03-11 02:47:50,2,0,-20,232.71,0
ERP-002476,2025-03,Interface,U010,U001,2025-03-06 04:26:10,4,0,-25,-1073.25,0
ERP-002477,2025-03,Interface,U010,U001,2025-03-27 22:09:14,22,0,-4,1416.57,0
ERP-002478,2025-03,Manual,U002,U006,2025-03-02 08:01:05,8,1,-29,5165.27,0
ERP-002479,2025-03,Interface,U010,U001,2025-03-28 22:47:55,22,0,-3,648.74,0
ERP-002480,2025-03,Interface,U010,U001,2025-03-22 22:44:15,22,1,-9,-4642.56,0
ERP-002481,2025-03,Interface,U010,U001,2025-03-31 23:48:19,23,0,0,2962.76,0
ERP-002482,2025-03,Interface,U010,U001,2025-03-29 03:21:52,3,1,-2,-2174.05,0
ERP-002483,2025-03,Interface,U010,U001,2025-03-23 03:12:54,3,1,-8,313.78,0
ERP-002484,2025-03,Interface,U010,U001,2025-03-25 23:56:25,23,0,-6,-6104.7,0
ERP-002485,2025-03,Interface,U010,U001,2025-03-30 02:43:09,2,1,-1,463.21,0
ERP-002486,2025-03,Manual,U003,U003,2025-03-05 14:56:08,14,0,-26,1198.53,0
ERP-002487,2025-03,Interface,U010,U001,2025-03-07 04:47:43,4,0,-24,1037.43,0
ERP-002488,2025-03,Interface,U010,U001,2025-03-11 03:56:08,3,0,-20,317.46,0
ERP-002489,2025-03,Manual,U008,U003,2025-03-18 16:43:18,16,0,-13,-4344.64,0
ERP-002490,2025-03,Recurring,U011,U001,2025-03-15 22:47:42,22,1,-16,4805.31,0
ERP-002491,2025-03,Interface,U010,U001,2025-03-16 22:13:33,22,1,-15,-575.0,0
ERP-002492,2025-03,Interface,U010,U001,2025-03-15 03:37:12,3,1,-16,2363.24,0
ERP-002493,2025-03,Recurring,U011,U001,2025-03-15 22:04:33,22,1,-16,2467.54,0
ERP-002494,2025-03,Interface,U010,U001,2025-03-12 03:02:20,3,0,-19,-9459.63,0
ERP-002495,2025-03,Manual,U005,U004,2025-03-23 09:31:40,9,1,-8,2808.68,0
ERP-002496,2025-03,Manual,U003,U007,2025-03-11 09:26:31,9,0,-20,4809.48,0
ERP-002497,2025-03,Interface,U010,U001,2025-03-15 22:20:03,22,1,-16,5991.9,0
ERP-002498,2025-03,Interface,U010,U001,2025-03-27 02:16:10,2,0,-4,9897.02,0
ERP-002499,2025-03,Manual,U009,U006,2025-03-01 17:21:23,17,1,-30,1145.72,0
ERP-002500,2025-03,Interface,U010,U001,2025-03-02 22:16:03,22,1,-29,4607.33,0
ERP-002501,2025-03,Manual,U009,U006,2025-03-20 08:39:34,8,0,-11,6511.06,0
ERP-002502,2025-03,Interface,U010,U001,2025-03-10 02:51:55,2,0,-21,-26580.3,0
ERP-002503,2025-03,Manual,U009,U002,2025-03-27 01:30:57,1,0,-4,2691.96,0
ERP-002504,2025-03,Manual,U001,U004,2025-03-08 08:15:26,8,1,-23,-3362.18,0
ERP-002505,2025-03,Manual,U003,U003,2025-03-19 10:38:46,10,0,-12,-787.97,0
ERP-002506,2025-03,Interface,U010,U001,2025-03-05 04:03:14,4,0,-26,4108.29,0
ERP-002507,2025-03,Interface,U010,U001,2025-03-19 04:32:34,4,0,-12,2284.95,0
ERP-002508,2025-03,Interface,U010,U001,2025-03-08 22:20:26,22,1,-23,-1852.39,0
ERP-002509,2025-03,Interface,U010,U001,2025-03-05 22:43:55,22,0,-26,643.64,0
ERP-002510,2025-03,Interface,U010,U001,2025-03-05 23:19:30,23,0,-26,4015.28,0
ERP-002511,2025-03,Recurring,U011,U001,2025-03-17 22:49:50,22,0,-14,1904.6,0
ERP-002512,2025-03,Interface,U010,U001,2025-03-29 03:38:15,3,1,-2,-1001.06,0
ERP-002513,2025-03,Recurring,U011,U001,2025-03-06 02:58:18,2,0,-25,878.4,0
ERP-002514,2025-03,Interface,U010,U001,2025-03-30 02:15:48,2,1,-1,-778.95,0
ERP-002515,2025-03,Interface,U010,U001,2025-03-17 04:37:00,4,0,-14,1458.69,0
ERP-002516,2025-03,Manual,U008,U003,2025-03-03 17:59:52,17,0,-28,1052.2,0
ERP-002517,2025-03,Interface,U010,U001,2025-03-06 23:41:47,23,0,-25,2214.2,0
ERP-002518,2025-03,Interface,U010,U001,2025-03-24 22:25:18,22,0,-7,-2059.53,0
ERP-002519,2025-03,Interface,U010,U001,2025-03-27 22:57:08,22,0,-4,3930.05,0
ERP-002520,2025-03,Interface,U010,U001,2025-03-27 02:14:50,2,0,-4,278.54,0
ERP-002521,2025-03,Manual,U005,U002,2025-03-15 09:03:39,9,1,-16,-658.85,0
ERP-002522,2025-03,Interface,U010,U001,2025-03-28 23:09:49,23,0,-3,1548.11,0
ERP-002523,2025-03,Interface,U010,U001,2025-03-27 03:27:51,3,0,-4,-283.36,0
ERP-002524,2025-03,Interface,U010,U001,2025-03-15 03:51:03,3,1,-16,6035.97,0
ERP-002525,2025-03,Interface,U010,U001,2025-03-19 04:08:59,4,0,-12,7698.17,0
ERP-002526,2025-03,Interface,U010,U001,2025-03-03 03:47:35,3,0,-28,-4170.11,0
ERP-002527,2025-03,Manual,U006,U007,2025-03-05 14:36:30,14,0,-26,291.62,0
ERP-002528,2025-03,Manual,U009,U006,2025-03-16 16:07:33,16,1,-15,2653.44,0
ERP-002529,2025-03,Manual,U005,U006,2025-03-11 11:06:46,11,0,-20,278.45,1
ERP-002530,2025-03,Manual,U002,U001,2025-03-23 15:20:03,15,1,-8,2735.64,1
ERP-002531,2025-03,Manual,U003,U003,2025-03-06 08:14:04,8,0,-25,540.45,0
ERP-002532,2025-03,Interface,U010,U001,2025-03-07 23:57:31,23,0,-24,1734.72,0
ERP-002533,2025-03,Interface,U010,U001,2025-03-18 03:15:57,3,0,-13,9362.56,0
ERP-002534,2025-03,Manual,U006,U007,2025-03-25 14:35:30,14,0,-6,854.06,0
ERP-002535,2025-03,Interface,U010,U001,2025-03-18 02:31:51,2,0,-13,5351.33,0
ERP-002536,2025-03,Interface,U010,U001,2025-03-14 02:02:02,2,0,-17,946.98,0
ERP-002537,2025-03,Interface,U010,U001,2025-03-08 04:55:53,4,1,-23,206.46,0
ERP-002538,2025-03,Manual,U006,U007,2025-03-27 10:04:03,10,0,-4,2683.22,0
ERP-002539,2025-03,Interface,U010,U001,2025-03-01 02:36:51,2,1,-30,-1785.43,0
ERP-002540,2025-03,Interface,U010,U001,2025-03-27 03:00:58,3,0,-4,4144.47,0
ERP-002541,2025-03,Manual,U009,U003,2025-03-22 10:06:22,10,1,-9,1384.51,0
ERP-002542,2025-03,Recurring,U011,U001,2025-03-03 02:39:41,2,0,-28,770.88,0
ERP-002543,2025-03,Manual,U006,U007,2025-03-08 16:18:33,16,1,-23,1087.82,0
ERP-002544,2025-03,Interface,U010,U001,2025-03-13 03:02:45,3,0,-18,812.33,0
ERP-002545,2025-03,Manual,U007,U004,2025-03-03 16:14:51,16,0,-28,-425.79,0
ERP-002546,2025-03,Interface,U010,U001,2025-03-17 02:15:33,2,0,-14,-972.09,0
ERP-002547,2025-03,Interface,U010,U001,2025-03-05 03:57:21,3,0,-26,5954.09,0
ERP-002548,2025-03,Recurring,U011,U001,2025-03-27 22:36:40,22,0,-4,3018.48,0
ERP-002549,2025-03,Interface,U010,U001,2025-03-12 03:36:37,3,0,-19,2288.13,0
ERP-002550,2025-03,Interface,U010,U001,2025-03-30 02:17:33,2,1,-1,-89.92,0
ERP-002551,2025-03,Manual,U001,U003,2025-03-11 12:55:29,12,0,-20,-4205.11,0
ERP-002552,2025-03,Interface,U010,U001,2025-03-30 04:13:20,4,1,-1,7384.66,0
ERP-002553,2025-03,Manual,U008,U005,2025-03-16 09:48:50,9,1,-15,4942.69,0
ERP-002554,2025-03,Interface,U010,U001,2025-03-29 22:13:35,22,1,-2,-1361.94,0
ERP-002555,2025-03,Recurring,U011,U001,2025-03-10 04:59:01,4,0,-21,-8994.8,0
ERP-002556,2025-03,Recurring,U011,U001,2025-03-23 03:32:26,3,1,-8,770.09,0
ERP-002557,2025-03,Manual,U001,U006,2025-03-31 10:48:36,10,0,0,-12757.02,0
ERP-002558,2025-03,Interface,U010,U001,2025-03-28 04:03:07,4,0,-3,3161.32,0
ERP-002559,2025-03,Interface,U010,U001,2025-03-18 02:37:59,2,0,-13,639.04,0
ERP-002560,2025-03,Manual,U006,U001,2025-03-10 12:24:39,12,0,-21,7490.71,0
ERP-002561,2025-03,Recurring,U011,U001,2025-03-28 02:29:27,2,0,-3,9687.3,0
ERP-002562,2025-03,Recurring,U011,U001,2025-03-16 22:19:04,22,1,-15,1283.3,0
ERP-002563,2025-03,Interface,U010,U001,2025-03-24 23:37:08,23,0,-7,519.41,1
ERP-002564,2025-03,Interface,U010,U001,2025-03-03 23:28:10,23,0,-28,-1333.03,0
ERP-002565,2025-03,Interface,U010,U001,2025-03-29 03:53:48,3,1,-2,8743.42,0
ERP-002566,2025-03,Interface,U010,U001,2025-03-18 02:09:17,2,0,-13,900.43,0
ERP-002567,2025-03,Manual,U002,U003,2025-03-11 15:36:30,15,0,-20,-1808.56,0
ERP-002568,2025-03,Interface,U010,U001,2025-03-23 23:34:50,23,1,-8,-6877.58,0
ERP-002569,2025-03,Interface,U010,U001,2025-03-26 03:14:00,3,0,-5,258.25,0
ERP-002570,2025-03,Interface,U010,U001,2025-03-10 04:20:06,4,0,-21,3480.07,0
ERP-002571,2025-03,Interface,U010,U001,2025-03-21 04:30:41,4,0,-10,5191.46,0
ERP-002572,2025-03,Interface,U010,U001,2025-03-07 02:30:00,2,0,-24,7521.47,0
ERP-002573,2025-03,Interface,U010,U001,2025-03-27 03:12:49,3,0,-4,325.56,0
ERP-002574,2025-03,Interface,U010,U001,2025-03-21 02:31:12,2,0,-10,-1357.37,0
ERP-002575,2025-03,Manual,U002,U007,2025-03-21 17:41:56,17,0,-10,10958.24,0
ERP-002576,2025-03,Interface,U010,U001,2025-03-14 04:11:04,4,0,-17,2247.63,0
ERP-002577,2025-03,Interface,U010,U001,2025-03-27 04:18:35,4,0,-4,-2759.36,0
ERP-002578,2025-03,Manual,U006,U005,2025-03-17 13:51:33,13,0,-14,4814.4,0
ERP-002579,2025-03,Manual,U008,U002,2025-03-18 01:50:16,1,0,-13,4700.95,0
ERP-002580,2025-03,Recurring,U011,U001,2025-03-11 02:06:22,2,0,-20,1125.4,0
ERP-002581,2025-03,Recurring,U011,U001,2025-03-24 22:44:10,22,0,-7,1779.58,0
ERP-002582,2025-03,Interface,U010,U001,2025-03-11 22:36:42,22,0,-20,5314.59,0
ERP-002583,2025-03,Recurring,U011,U001,2025-03-21 22:13:59,22,0,-10,9764.53,0
ERP-002584,2025-03,Interface,U010,U001,2025-03-06 03:14:26,3,0,-25,-635.64,1
ERP-002585,2025-03,Interface,U010,U001,2025-03-09 04:35:46,4,1,-22,1296.72,0
ERP-002586,2025-03,Interface,U010,U001,2025-03-17 03:06:03,3,0,-14,1928.67,0
ERP-002587,2025-03,Interface,U010,U001,2025-03-09 02:51:49,2,1,-22,5400.89,0
ERP-002588,2025-03,Interface,U010,U001,2025-03-29 22:46:52,22,1,-2,2710.62,0
ERP-002589,2025-03,Interface,U010,U001,2025-03-04 04:30:03,4,0,-27,-3635.41,0
ERP-002590,2025-03,Interface,U010,U001,2025-03-30 22:55:09,22,1,-1,1819.16,0
ERP-002591,2025-03,Interface,U010,U001,2025-03-18 22:12:47,22,0,-13,14036.13,0
ERP-002592,2025-03,Recurring,U011,U001,2025-03-04 02:57:12,2,0,-27,9785.91,0
ERP-002593,2025-03,Recurring,U011,U001,2025-03-19 04:11:49,4,0,-12,3217.98,0
ERP-002594,2025-03,Recurring,U011,U001,2025-03-13 03:58:46,3,0,-18,874.93,0
ERP-002595,2025-03,Interface,U010,U001,2025-03-04 02:05:39,2,0,-27,1317.7,0
ERP-002596,2025-03,Interface,U010,U001,2025-03-23 02:15:43,2,1,-8,1967.56,0
ERP-002597,2025-03,Interface,U010,U001,2025-03-07 23:16:32,23,0,-24,673.96,0
ERP-002598,2025-03,Interface,U010,U001,2025-03-30 22:16:37,22,1,-1,4379.04,0
ERP-002599,2025-03,Interface,U010,U001,2025-03-07 04:04:28,4,0,-24,504.96,0
ERP-002600,2025-03,Recurring,U011,U001,2025-03-27 03:18:48,3,0,-4,372.4,0
ERP-002601,2025-03,Recurring,U011,U001,2025-03-06 04:05:04,4,0,-25,4886.11,0
ERP-002602,2025-03,Interface,U010,U001,2025-03-29 23:04:05,23,1,-2,185.78,0
ERP-002603,2025-03,Manual,U001,U008,2025-03-14 12:53:11,12,0,-17,784.8,0
ERP-002604,2025-03,Interface,U010,U001,2025-03-08 23:48:00,23,1,-23,13435.57,0
ERP-002605,2025-03,Manual,U009,U008,2025-03-04 21:20:20,21,0,-27,-1380.9,0
ERP-002606,2025-03,Manual,U002,U002,2025-03-10 17:16:25,17,0,-21,1786.58,0
ERP-002607,2025-03,Recurring,U011,U001,2025-03-15 23:00:49,23,1,-16,950.2,0
ERP-002608,2025-03,Interface,U010,U001,2025-03-11 04:49:03,4,0,-20,-2130.12,0
ERP-002609,2025-03,Manual,U003,U008,2025-03-25 08:20:23,8,0,-6,545.75,0
ERP-002610,2025-03,Interface,U010,U001,2025-03-06 03:27:34,3,0,-25,829.46,0
ERP-002611,2025-03,Recurring,U011,U001,2025-03-19 02:52:22,2,0,-12,2766.19,0
ERP-002612,2025-03,Interface,U010,U001,2025-03-25 22:52:01,22,0,-6,2201.63,0
ERP-002613,2025-03,Manual,U002,U007,2025-03-29 15:51:35,15,1,-2,13726.34,0
ERP-002614,2025-03,Interface,U010,U001,2025-03-14 04:19:27,4,0,-17,-2304.73,0
ERP-002615,2025-03,Interface,U010,U001,2025-03-03 02:29:09,2,0,-28,1195.63,0
ERP-002616,2025-03,Recurring,U011,U001,2025-03-02 23:53:32,23,1,-29,-4569.51,0
ERP-002617,2025-03,Interface,U010,U001,2025-03-25 22:41:19,22,0,-6,212.35,0
ERP-002618,2025-03,Interface,U010,U001,2025-03-08 02:47:14,2,1,-23,1352.36,0
ERP-002619,2025-03,Interface,U010,U001,2025-03-22 03:59:11,3,1,-9,866.63,0
ERP-002620,2025-03,Interface,U010,U001,2025-03-20 03:05:01,3,0,-11,4968.53,0
ERP-002621,2025-03,Recurring,U011,U001,2025-03-11 23:29:16,23,0,-20,426.48,0
ERP-002622,2025-03,Manual,U008,U001,2025-03-11 11:36:15,11,0,-20,386.08,0
ERP-002623,2025-03,Manual,U008,U003,2025-03-29 11:53:45,11,1,-2,3732.21,0
ERP-002624,2025-03,Interface,U010,U001,2025-03-03 02:01:48,2,0,-28,-4173.88,0
ERP-002625,2025-03,Interface,U010,U001,2025-03-19 22:45:11,22,0,-12,186.69,0
ERP-002626,2025-03,Manual,U005,U006,2025-03-05 15:26:48,15,0,-26,8383.22,0
ERP-002627,2025-03,Interface,U010,U001,2025-03-15 04:54:08,4,1,-16,7793.34,0
ERP-002628,2025-03,Interface,U010,U001,2025-03-18 23:17:19,23,0,-13,1122.07,0
ERP-002629,2025-03,Interface,U010,U001,2025-03-24 03:12:39,3,0,-7,-1365.77,0
ERP-002630,2025-03,Manual,U005,U002,2025-03-08 10:04:42,10,1,-23,784.52,0
ERP-002631,2025-03,Interface,U010,U001,2025-03-24 04:22:08,4,0,-7,2055.61,0
ERP-002632,2025-03,Interface,U010,U001,2025-03-15 03:09:47,3,1,-16,2522.51,0
ERP-002633,2025-03,Interface,U010,U001,2025-03-27 22:16:41,22,0,-4,1481.4,0
ERP-002634,2025-03,Interface,U010,U001,2025-03-01 23:35:02,23,1,-30,6103.11,0
ERP-002635,2025-03,Manual,U002,U004,2025-03-05 01:13:14,1,0,-26,9918.63,0
ERP-002636,2025-03,Interface,U010,U001,2025-03-02 04:07:11,4,1,-29,-2129.45,0
ERP-002637,2025-03,Manual,U008,U007,2025-03-07 15:57:11,15,0,-24,4960.58,0
ERP-002638,2025-03,Manual,U009,U006,2025-03-02 16:41:11,16,1,-29,244.82,0
ERP-002639,2025-03,Interface,U010,U001,2025-03-06 04:42:39,4,0,-25,-857.39,0
ERP-002640,2025-03,Manual,U002,U005,2025-03-10 17:32:13,17,0,-21,1232.65,0
ERP-002641,2025-03,Recurring,U011,U001,2025-03-22 04:18:01,4,1,-9,4464.86,1
ERP-002642,2025-03,Interface,U010,U001,2025-03-24 23:01:06,23,0,-7,-1178.37,0
ERP-002643,2025-03,Interface,U010,U001,2025-03-30 04:06:17,4,1,-1,-11798.87,0
ERP-002644,2025-03,Recurring,U011,U001,2025-03-23 02:40:52,2,1,-8,4551.82,0
ERP-002645,2025-03,Interface,U010,U001,2025-03-08 04:05:25,4,1,-23,1674.48,0
ERP-002646,2025-03,Interface,U010,U001,2025-03-11 03:10:34,3,0,-20,571.93,0
ERP-002647,2025-03,Manual,U002,U008,2025-03-21 17:56:47,17,0,-10,1612.42,0
ERP-002648,2025-03,Manual,U005,U004,2025-03-01 08:22:18,8,1,-30,1489.91,0
ERP-002649,2025-03,Interface,U010,U001,2025-03-24 22:32:21,22,0,-7,741.94,0
ERP-002650,2025-03,Recurring,U011,U001,2025-03-24 02:38:00,2,0,-7,543.17,0
ERP-002651,2025-03,Manual,U005,U004,2025-03-17 14:32:26,14,0,-14,-1623.61,0
ERP-002652,2025-03,Interface,U010,U001,2025-03-11 23:26:13,23,0,-20,4052.27,0
ERP-002653,2025-03,Interface,U010,U001,2025-03-10 04:23:46,4,0,-21,3268.89,0
ERP-002654,2025-03,Interface,U010,U001,2025-03-26 04:32:24,4,0,-5,5122.03,0
ERP-002655,2025-03,Interface,U010,U001,2025-03-14 04:31:35,4,0,-17,-4921.06,0
ERP-002656,2025-03,Recurring,U011,U001,2025-03-15 02:35:55,2,1,-16,1566.23,0
ERP-002657,2025-03,Interface,U010,U001,2025-03-12 04:07:16,4,0,-19,-5204.6,1
ERP-002658,2025-03,Interface,U010,U001,2025-03-26 02:21:03,2,0,-5,8303.69,0
ERP-002659,2025-03,Interface,U010,U001,2025-03-22 03:42:55,3,1,-9,-1795.45,0
ERP-002660,2025-03,Manual,U007,U007,2025-03-26 13:00:43,13,0,-5,4800.05,0
ERP-002661,2025-03,Interface,U010,U001,2025-03-05 23:14:49,23,0,-26,938.28,0
ERP-002662,2025-03,Manual,U003,U003,2025-03-26 15:07:56,15,0,-5,2337.83,0
ERP-002663,2025-03,Manual,U001,U007,2025-03-23 11:04:04,11,1,-8,2794.87,0
ERP-002664,2025-03,Interface,U010,U001,2025-03-14 02:07:59,2,0,-17,-5338.6,0
ERP-002665,2025-03,Recurring,U011,U001,2025-03-24 04:40:01,4,0,-7,7810.16,1
ERP-002666,2025-03,Manual,U002,U008,2025-03-24 06:39:55,6,0,-7,434.81,0
ERP-002667,2025-03,Interface,U010,U001,2025-03-16 23:34:19,23,1,-15,1355.89,0
ERP-002668,2025-03,Manual,U001,U002,2025-03-02 22:35:19,22,1,-29,-3939.97,0
ERP-002669,2025-03,Manual,U004,U008,2025-03-04 16:34:08,16,0,-27,-4983.36,0
ERP-002670,2025-03,Interface,U010,U001,2025-03-10 02:13:53,2,0,-21,-3007.96,0
ERP-002671,2025-03,Recurring,U011,U001,2025-03-07 22:16:32,22,0,-24,-3019.09,0
ERP-002672,2025-03,Interface,U010,U001,2025-03-05 03:58:59,3,0,-26,-88.78,0
ERP-002673,2025-03,Manual,U007,U004,2025-03-17 09:00:23,9,0,-14,-2321.13,0
ERP-002674,2025-03,Recurring,U011,U001,2025-03-25 02:02:32,2,0,-6,-3406.38,0
ERP-002675,2025-03,Manual,U006,U008,2025-03-25 16:53:17,16,0,-6,-5236.48,0
ERP-002676,2025-03,Recurring,U011,U001,2025-03-28 03:58:25,3,0,-3,405.21,0
ERP-002677,2025-03,Interface,U010,U001,2025-03-11 23:36:54,23,0,-20,980.55,0
ERP-002678,2025-03,Interface,U010,U001,2025-03-10 03:18:28,3,0,-21,111.14,1
ERP-002679,2025-03,Recurring,U011,U001,2025-03-04 03:26:48,3,0,-27,-264.78,0
ERP-002680,2025-03,Interface,U010,U001,2025-03-18 04:02:18,4,0,-13,1505.01,0
ERP-002681,2025-03,Recurring,U011,U001,2025-03-25 02:25:22,2,0,-6,14000.38,0
ERP-002682,2025-03,Interface,U010,U001,2025-03-29 02:55:40,2,1,-2,4075.83,0
ERP-002683,2025-03,Manual,U005,U006,2025-03-11 11:28:03,11,0,-20,-10404.3,0
ERP-002684,2025-03,Manual,U003,U003,2025-03-31 08:59:07,8,0,0,16843.94,1
ERP-002685,2025-03,Interface,U010,U001,2025-03-16 22:16:37,22,1,-15,463.41,0
ERP-002686,2025-03,Interface,U010,U001,2025-03-24 22:57:31,22,0,-7,995.29,0
ERP-002687,2025-03,Recurring,U011,U001,2025-03-08 04:18:38,4,1,-23,372.47,0
ERP-002688,2025-03,Recurring,U011,U001,2025-03-11 03:51:34,3,0,-20,929.68,0
ERP-002689,2025-03,Interface,U010,U001,2025-03-31 02:14:14,2,0,0,-1144.1,0
ERP-002690,2025-03,Manual,U002,U006,2025-03-13 10:25:43,10,0,-18,4729.56,0
ERP-002691,2025-03,Recurring,U011,U001,2025-03-06 03:12:05,3,0,-25,223.63,0
ERP-002692,2025-03,Interface,U010,U001,2025-03-15 04:28:55,4,1,-16,-4529.06,0
ERP-002693,2025-03,Manual,U008,U005,2025-03-09 17:42:53,17,1,-22,-908.63,0
ERP-002694,2025-03,Interface,U010,U001,2025-03-15 23:47:04,23,1,-16,570.28,0
ERP-002695,2025-03,Recurring,U011,U001,2025-03-02 04:14:07,4,1,-29,1140.91,0
ERP-002696,2025-03,Interface,U010,U001,2025-03-02 22:44:14,22,1,-29,989.14,0
ERP-002697,2025-03,Manual,U004,U006,2025-03-20 14:50:28,14,0,-11,434.4,0
ERP-002698,2025-03,Recurring,U011,U001,2025-03-09 03:05:11,3,1,-22,-1775.98,0
ERP-002699,2025-03,Interface,U010,U001,2025-03-25 03:00:22,3,0,-6,-2605.02,0
ERP-002700,2025-03,Interface,U010,U001,2025-03-25 23:23:53,23,0,-6,13359.17,0
ERP-002701,2025-04,Interface,U010,U001,2025-04-14 03:35:50,3,0,-16,-650.28,0
ERP-002702,2025-04,Interface,U010,U001,2025-04-28 23:53:50,23,0,-2,-463.21,0
ERP-002703,2025-04,Manual,U009,U005,2025-04-15 15:06:42,15,0,-15,-2258.29,0
ERP-002704,2025-04,Interface,U010,U001,2025-04-23 04:12:48,4,0,-7,-2408.42,0
ERP-002705,2025-04,Interface,U010,U001,2025-04-13 03:15:15,3,1,-17,722.3,0
ERP-002706,2025-04,Interface,U010,U001,2025-04-15 02:36:28,2,0,-15,-2217.86,0
ERP-002707,2025-04,Manual,U003,U006,2025-04-13 15:08:21,15,1,-17,-1460.79,0
ERP-002708,2025-04,Interface,U010,U001,2025-04-26 02:58:05,2,1,-4,11383.95,0
ERP-002709,2025-04,Manual,U009,U001,2025-04-01 00:15:05,0,0,-29,384.23,0
ERP-002710,2025-04,Manual,U006,U003,2025-04-13 11:20:10,11,1,-17,13778.25,0
ERP-002711,2025-04,Interface,U010,U001,2025-04-13 23:39:20,23,1,-17,-1670.85,0
ERP-002712,2025-04,Recurring,U011,U001,2025-04-26 23:10:59,23,1,-4,2546.67,0
ERP-002713,2025-04,Interface,U010,U001,2025-04-05 23:17:12,23,1,-25,-1925.17,0
ERP-002714,2025-04,Manual,U005,U008,2025-04-12 10:08:07,10,1,-18,1420.79,0
ERP-002715,2025-04,Interface,U010,U001,2025-04-28 02:22:23,2,0,-2,3818.38,0
ERP-002716,2025-04,Interface,U010,U001,2025-04-12 02:02:44,2,1,-18,-2972.81,0
ERP-002717,2025-04,Interface,U010,U001,2025-04-01 23:32:37,23,0,-29,802.74,0
ERP-002718,2025-04,Interface,U010,U001,2025-04-22 03:20:20,3,0,-8,2632.21,0
ERP-002719,2025-04,Manual,U007,U007,2025-04-07 16:26:04,16,0,-23,-444.03,0
ERP-002720,2025-04,Interface,U010,U001,2025-04-28 22:15:53,22,0,-2,723.49,0
ERP-002721,2025-04,Interface,U010,U001,2025-04-30 04:54:52,4,0,0,1893.39,0
ERP-002722,2025-04,Recurring,U011,U001,2025-04-21 04:26:48,4,0,-9,-5739.49,1
ERP-002723,2025-04,Interface,U010,U001,2025-04-06 23:14:08,23,1,-24,-3344.91,0
ERP-002724,2025-04,Interface,U010,U001,2025-04-30 23:30:09,23,0,0,-1536.34,0
ERP-002725,2025-04,Interface,U010,U001,2025-04-04 02:42:57,2,0,-26,653.22,0
ERP-002726,2025-04,Interface,U010,U001,2025-04-28 03:40:56,3,0,-2,-2142.94,0
ERP-002727,2025-04,Interface,U010,U001,2025-04-23 22:26:58,22,0,-7,-15391.33,0
ERP-002728,2025-04,Recurring,U011,U001,2025-04-14 02:32:53,2,0,-16,1387.35,0
ERP-002729,2025-04,Recurring,U011,U001,2025-04-06 03:05:20,3,1,-24,17369.72,0
ERP-002730,2025-04,Manual,U002,U006,2025-04-07 15:10:52,15,0,-23,4790.15,0
ERP-002731,2025-04,Interface,U010,U001,2025-04-27 22:31:44,22,1,-3,16225.75,0
ERP-002732,2025-04,Interface,U010,U001,2025-04-25 02:52:14,2,0,-5,-292.48,0
ERP-002733,2025-04,Interface,U010,U001,2025-04-25 02:49:46,2,0,-5,2912.12,0
ERP-002734,2025-04,Recurring,U011,U001,2025-04-28 23:43:56,23,0,-2,-207.76,0
ERP-002735,2025-04,Interface,U010,U001,2025-04-25 22:56:08,22,0,-5,3592.72,0
ERP-002736,2025-04,Interface,U010,U001,2025-04-06 02:32:45,2,1,-24,567.59,0
ERP-002737,2025-04,Manual,U008,U006,2025-04-03 15:25:18,15,0,-27,10722.93,0
ERP-002738,2025-04,Interface,U010,U001,2025-04-30 22:39:09,22,0,0,-7586.8,0
ERP-002739,2025-04,Manual,U004,U003,2025-04-04 16:01:34,16,0,-26,2171.22,0
ERP-002740,2025-04,Interface,U010,U001,2025-04-18 03:16:09,3,0,-12,-2750.31,0
ERP-002741,2025-04,Manual,U004,U006,2025-04-29 12:21:22,12,0,-1,-616.34,0
ERP-002742,2025-04,Interface,U010,U001,2025-04-08 03:34:34,3,0,-22,16601.18,0
ERP-002743,2025-04,Recurring,U011,U001,2025-04-24 02:54:47,2,0,-6,4853.48,0
ERP-002744,2025-04,Interface,U010,U001,2025-04-11 02:36:44,2,0,-19,1416.01,0
ERP-002745,2025-04,Interface,U010,U001,2025-04-17 04:46:57,4,0,-13,2012.46,0
ERP-002746,2025-04,Interface,U010,U001,2025-04-29 22:14:28,22,0,-1,6734.87,1
ERP-002747,2025-04,Interface,U010,U001,2025-04-11 23:10:34,23,0,-19,-1103.25,0
ERP-002748,2025-04,Recurring,U011,U001,2025-04-01 22:31:14,22,0,-29,2565.78,0
ERP-002749,2025-04,Recurring,U011,U001,2025-04-26 02:19:05,2,1,-4,4959.62,0
ERP-002750,2025-04,Interface,U010,U001,2025-04-25 03:42:44,3,0,-5,315.15,0
ERP-002751,2025-04,Manual,U003,U003,2025-04-26 14:30:44,14,1,-4,-1785.98,0
ERP-002752,2025-04,Interface,U010,U001,2025-04-21 22:47:08,22,0,-9,1683.82,0
ERP-002753,2025-04,Recurring,U011,U001,2025-04-16 23:17:00,23,0,-14,1784.41,0
ERP-002754,2025-04,Manual,U002,U007,2025-04-24 12:59:32,12,0,-6,-1671.76,0
ERP-002755,2025-04,Manual,U009,U004,2025-04-16 14:01:14,14,0,-14,4932.54,0
ERP-002756,2025-04,Manual,U006,U005,2025-04-15 16:45:06,16,0,-15,567.26,0
ERP-002757,2025-04,Interface,U010,U001,2025-04-06 02:14:14,2,1,-24,3126.63,0
ERP-002758,2025-04,Recurring,U011,U001,2025-04-23 03:06:49,3,0,-7,1451.66,0
ERP-002759,2025-04,Interface,U010,U001,2025-04-18 04:55:44,4,0,-12,4161.9,0
ERP-002760,2025-04,Interface,U010,U001,2025-04-19 23:59:26,23,1,-11,-162.85,0
ERP-002761,2025-04,Interface,U010,U001,2025-04-18 04:08:33,4,0,-12,849.43,0
ERP-002762,2025-04,Interface,U010,U001,2025-04-10 03:27:53,3,0,-20,-162.17,0
ERP-002763,2025-04,Interface,U010,U001,2025-04-24 23:23:03,23,0,-6,-313.76,0
ERP-002764,2025-04,Recurring,U011,U001,2025-04-20 04:12:45,4,1,-10,2497.45,0
ERP-002765,2025-04,Recurring,U011,U001,2025-04-01 22:30:35,22,0,-29,1781.92,0
ERP-002766,2025-04,Manual,U007,U006,2025-04-11 13:40:00,13,0,-19,-900.76,0
ERP-002767,2025-04,Interface,U010,U001,2025-04-13 23:48:00,23,1,-17,-154.48,0
ERP-002768,2025-04,Interface,U010,U001,2025-04-01 23:52:00,23,0,-29,7614.1,0
ERP-002769,2025-04,Interface,U010,U001,2025-04-12 02:42:44,2,1,-18,1611.03,0
ERP-002770,2025-04,Recurring,U011,U001,2025-04-21 02:46:03,2,0,-9,-1023.65,0
ERP-002771,2025-04,Recurring,U011,U001,2025-04-29 04:29:39,4,0,-1,5810.61,0
ERP-002772,2025-04,Interface,U010,U001,2025-04-08 22:26:45,22,0,-22,256.0,0
ERP-002773,2025-04,Manual,U001,U004,2025-04-04 13:08:06,13,0,-26,743.57,0
ERP-002774,2025-04,Manual,U001,U002,2025-04-10 13:48:58,13,0,-20,4068.61,0
ERP-002775,2025-04,Interface,U010,U001,2025-04-05 02:56:59,2,1,-25,2726.19,0
ERP-002776,2025-04,Interface,U010,U001,2025-04-08 23:42:04,23,0,-22,644.63,0
ERP-002777,2025-04,Interface,U010,U001,2025-04-19 04:24:50,4,1,-11,-1627.54,0
ERP-002778,2025-04,Interface,U010,U001,2025-04-01 03:54:56,3,0,-29,456.85,0
ERP-002779,2025-04,Interface,U010,U001,2025-04-03 03:53:33,3,0,-27,575.23,0
ERP-002780,2025-04,Interface,U010,U001,2025-04-07 02:10:00,2,0,-23,304.29,0
ERP-002781,2025-04,Manual,U001,U004,2025-04-14 08:22:15,8,0,-16,4728.28,0
ERP-002782,2025-04,Interface,U010,U001,2025-04-08 23:06:31,23,0,-22,588.3,0
ERP-002783,2025-04,Interface,U010,U001,2025-04-23 23:20:44,23,0,-7,545.22,0
ERP-002784,2025-04,Manual,U005,U006,2025-04-27 06:32:18,6,1,-3,5819.09,0
ERP-002785,2025-04,Manual,U002,U008,2025-04-13 11:11:32,11,1,-17,851.9,0
ERP-002786,2025-04,Recurring,U011,U001,2025-04-18 22:27:56,22,0,-12,3504.03,0
ERP-002787,2025-04,Interface,U010,U001,2025-04-08 03:05:09,3,0,-22,1373.42,0
ERP-002788,2025-04,Manual,U003,U008,2025-04-07 09:13:35,9,0,-23,2165.24,0
ERP-002789,2025-04,Manual,U004,U005,2025-04-26 14:55:01,14,1,-4,4932.51,0
ERP-002790,2025-04,Interface,U010,U001,2025-04-10 22:46:23,22,0,-20,2374.69,0
ERP-002791,2025-04,Interface,U010,U001,2025-04-11 22:49:48,22,0,-19,-3784.32,0
ERP-002792,2025-04,Interface,U010,U001,2025-04-11 22:44:54,22,0,-19,2342.96,1
ERP-002793,2025-04,Recurring,U011,U001,2025-04-23 04:44:28,4,0,-7,651.71,0
ERP-002794,2025-04,Manual,U008,U001,2025-04-26 17:54:37,17,1,-4,1487.18,0
ERP-002795,2025-04,Manual,U005,U007,2025-04-22 17:10:46,17,0,-8,1203.19,0
ERP-002796,2025-04,Manual,U008,U006,2025-04-05 11:22:56,11,1,-25,5908.34,0
ERP-002797,2025-04,Manual,U008,U007,2025-04-28 17:14:53,17,0,-2,-3564.23,0
ERP-002798,2025-04,Manual,U003,U006,2025-04-08 11:23:29,11,0,-22,1026.01,0
ERP-002799,2025-04,Recurring,U011,U001,2025-04-29 03:41:34,3,0,-1,5610.63,0
ERP-002800,2025-04,Interface,U010,U001,2025-04-05 04:12:57,4,1,-25,788.37,0
ERP-002801,2025-04,Manual,U004,U006,2025-04-15 17:30:11,17,0,-15,308.56,0
ERP-002802,2025-04,Interface,U010,U001,2025-04-15 02:21:51,2,0,-15,1476.56,0
ERP-002803,2025-04,Manual,U007,U006,2025-04-16 14:44:25,14,0,-14,4698.1,0
ERP-002804,2025-04,Interface,U010,U001,2025-04-21 02:28:47,2,0,-9,37770.37,0
ERP-002805,2025-04,Manual,U003,U003,2025-04-25 09:42:10,9,0,-5,882.21,0
ERP-002806,2025-04,Recurring,U011,U001,2025-04-27 04:30:59,4,1,-3,1390.6,0
ERP-002807,2025-04,Manual,U002,U001,2025-04-09 13:11:20,13,0,-21,-416.35,0
ERP-002808,2025-04,Interface,U010,U001,2025-04-18 03:31:00,3,0,-12,6371.23,0
ERP-002809,2025-04,Manual,U003,U003,2025-04-21 17:51:56,17,0,-9,3000.0,0
ERP-002810,2025-04,Interface,U010,U001,2025-04-21 02:00:40,2,0,-9,910.4,0
ERP-002811,2025-04,Manual,U009,U007,2025-04-07 16:05:48,16,0,-23,785.32,0
ERP-002812,2025-04,Manual,U002,U003,2025-04-15 14:52:40,14,0,-15,-1519.91,0
ERP-002813,2025-04,Interface,U010,U001,2025-04-12 04:13:21,4,1,-18,-3363.08,0
ERP-002814,2025-04,Interface,U010,U001,2025-04-10 03:19:00,3,0,-20,12287.87,0
ERP-002815,2025-04,Manual,U004,U008,2025-04-29 00:38:58,0,0,-1,56290.45,0
ERP-002816,2025-04,Recurring,U011,U001,2025-04-30 22:53:46,22,0,0,-496.88,0
ERP-002817,2025-04,Manual,U008,U003,2025-04-29 08:32:19,8,0,-1,6071.91,0
ERP-002818,2025-04,Manual,U006,U008,2025-04-06 17:28:43,17,1,-24,1014.73,0
ERP-002819,2025-04,Interface,U010,U001,2025-04-02 04:34:19,4,0,-28,922.54,1
ERP-002820,2025-04,Manual,U006,U002,2025-04-22 17:59:37,17,0,-8,9759.64,0
ERP-002821,2025-04,Manual,U008,U004,2025-04-28 17:22:44,17,0,-2,-4007.69,0
ERP-002822,2025-04,Manual,U003,U003,2025-04-07 11:04:49,11,0,-23,4524.88,0
ERP-002823,2025-04,Interface,U010,U001,2025-04-28 23:13:52,23,0,-2,1870.1,0
ERP-002824,2025-04,Interface,U010,U001,2025-04-01 23:56:51,23,0,-29,4513.31,0
ERP-002825,2025-04,Interface,U010,U001,2025-04-12 22:16:31,22,1,-18,5430.24,0
ERP-002826,2025-04,Manual,U002,U003,2025-04-28 12:11:48,12,0,-2,1793.61,0
ERP-002827,2025-04,Manual,U006,U003,2025-04-18 15:14:00,15,0,-12,3032.32,0
ERP-002828,2025-04,Recurring,U011,U001,2025-04-05 23:22:45,23,1,-25,2088.08,0
ERP-002829,2025-04,Manual,U002,U003,2025-04-04 16:31:12,16,0,-26,2945.11,0
ERP-002830,2025-04,Manual,U002,U007,2025-04-02 15:53:33,15,0,-28,-866.17,1
ERP-002831,2025-04,Manual,U005,U001,2025-04-08 10:50:48,10,0,-22,436.88,0
ERP-002832,2025-04,Interface,U010,U001,2025-04-26 02:16:42,2,1,-4,11614.62,0
ERP-002833,2025-04,Recurring,U011,U001,2025-04-28 04:00:49,4,0,-2,-1124.34,0
ERP-002834,2025-04,Interface,U010,U001,2025-04-10 22:24:31,22,0,-20,3260.23,0
ERP-002835,2025-04,Recurring,U011,U001,2025-04-22 04:24:36,4,0,-8,-5492.08,0
ERP-002836,2025-04,Interface,U010,U001,2025-04-07 03:24:45,3,0,-23,-5765.25,0
ERP-002837,2025-04,Recurring,U011,U001,2025-04-14 02:26:47,2,0,-16,282.64,0
ERP-002838,2025-04,Manual,U002,U007,2025-04-18 17:46:30,17,0,-12,3785.06,0
ERP-002839,2025-04,Interface,U010,U001,2025-04-22 22:11:08,22,0,-8,1977.36,0
ERP-002840,2025-04,Recurring,U011,U001,2025-04-28 03:49:38,3,0,-2,-3436.69,1
ERP-002841,2025-04,Interface,U010,U001,2025-04-03 04:51:49,4,0,-27,2912.51,0
ERP-002842,2025-04,Interface,U010,U001,2025-04-21 03:55:08,3,0,-9,435.66,0
ERP-002843,2025-04,Interface,U010,U001,2025-04-18 22:18:30,22,0,-12,7084.4,0
ERP-002844,2025-04,Manual,U001,U002,2025-04-28 14:25:19,14,0,-2,12405.01,0
ERP-002845,2025-04,Interface,U010,U001,2025-04-17 22:30:54,22,0,-13,1384.23,0
ERP-002846,2025-04,Interface,U010,U001,2025-04-17 03:57:27,3,0,-13,-1338.54,0
ERP-002847,2025-04,Manual,U002,U001,2025-04-11 14:03:17,14,0,-19,5670.41,1
ERP-002848,2025-04,Interface,U010,U001,2025-04-04 23:15:21,23,0,-26,2491.21,0
ERP-002849,2025-04,Manual,U007,U001,2025-04-07 11:26:30,11,0,-23,12802.32,0
ERP-002850,2025-04,Manual,U004,U005,2025-04-03 15:15:32,15,0,-27,9637.73,0
ERP-002851,2025-04,Manual,U007,U003,2025-04-29 22:04:14,22,0,-1,1357.62,0
ERP-002852,2025-04,Recurring,U011,U001,2025-04-16 23:51:27,23,0,-14,1804.39,0
ERP-002853,2025-04,Interface,U010,U001,2025-04-29 03:56:35,3,0,-1,1952.81,0
ERP-002854,2025-04,Recurring,U011,U001,2025-04-17 22:12:42,22,0,-13,7822.03,0
ERP-002855,2025-04,Interface,U010,U001,2025-04-26 02:16:49,2,1,-4,98.71,0
ERP-002856,2025-04,Manual,U008,U006,2025-04-17 12:36:43,12,0,-13,1434.34,0
ERP-002857,2025-04,Interface,U010,U001,2025-04-16 23:10:25,23,0,-14,1335.44,0
ERP-002858,2025-04,Interface,U010,U001,2025-04-06 04:13:15,4,1,-24,798.99,0
ERP-002859,2025-04,Interface,U010,U001,2025-04-24 02:17:51,2,0,-6,2769.58,0
ERP-002860,2025-04,Interface,U010,U001,2025-04-30 04:20:13,4,0,0,-3716.02,0
ERP-002861,2025-04,Interface,U010,U001,2025-04-25 03:00:06,3,0,-5,521.03,0
ERP-002862,2025-04,Interface,U010,U001,2025-04-26 02:05:48,2,1,-4,-6185.25,0
ERP-002863,2025-04,Interface,U010,U001,2025-04-03 22:01:36,22,0,-27,-1670.06,0
ERP-002864,2025-04,Interface,U010,U001,2025-04-24 23:43:09,23,0,-6,1128.67,0
ERP-002865,2025-04,Interface,U010,U001,2025-04-13 23:37:41,23,1,-17,1782.13,0
ERP-002866,2025-04,Manual,U003,U003,2025-04-30 01:19:47,1,0,0,8541.07,0
ERP-002867,2025-04,Interface,U010,U001,2025-04-12 03:33:24,3,1,-18,1453.5,0
ERP-002868,2025-04,Manual,U004,U008,2025-04-16 13:47:28,13,0,-14,1973.62,0
ERP-002869,2025-04,Manual,U005,U003,2025-04-28 12:50:27,12,0,-2,16988.4,0
ERP-002870,2025-04,Recurring,U011,U001,2025-04-24 22:00:06,22,0,-6,1317.88,0
ERP-002871,2025-04,Manual,U003,U008,2025-04-06 16:26:47,16,1,-24,3290.49,0
ERP-002872,2025-04,Manual,U001,U007,2025-04-28 09:46:19,9,0,-2,2551.02,0
ERP-002873,2025-04,Manual,U006,U008,2025-04-14 09:09:45,9,0,-16,445.88,0
ERP-002874,2025-04,Interface,U010,U001,2025-04-02 23:38:36,23,0,-28,460.81,0
ERP-002875,2025-04,Interface,U010,U001,2025-04-13 22:56:26,22,1,-17,5466.26,0
ERP-002876,2025-04,Interface,U010,U001,2025-04-23 02:28:16,2,0,-7,136.02,0
ERP-002877,2025-04,Interface,U010,U001,2025-04-03 03:33:41,3,0,-27,291.34,1
ERP-002878,2025-04,Recurring,U011,U001,2025-04-24 04:25:20,4,0,-6,714.17,0
ERP-002879,2025-04,Recurring,U011,U001,2025-04-09 23:01:03,23,0,-21,-1293.57,0
ERP-002880,2025-04,Interface,U010,U001,2025-04-13 02:03:29,2,1,-17,-817.73,0
ERP-002881,2025-04,Interface,U010,U001,2025-04-17 02:23:31,2,0,-13,6996.68,0
ERP-002882,2025-04,Manual,U008,U001,2025-04-04 23:15:07,23,0,-26,-5000.0,0
ERP-002883,2025-04,Interface,U010,U001,2025-04-25 03:27:12,3,0,-5,-414.34,0
ERP-002884,2025-04,Interface,U010,U001,2025-04-29 23:06:10,23,0,-1,3152.58,0
ERP-002885,2025-04,Manual,U001,U007,2025-04-04 11:37:28,11,0,-26,621.53,0
ERP-002886,2025-04,Manual,U005,U008,2025-04-23 09:02:42,9,0,-7,3362.0,0
ERP-002887,2025-04,Interface,U010,U001,2025-04-06 03:41:57,3,1,-24,233.89,0
ERP-002888,2025-04,Interface,U010,U001,2025-04-17 23:35:45,23,0,-13,9736.32,0
ERP-002889,2025-04,Interface,U010,U001,2025-04-27 22:04:28,22,1,-3,-1834.88,0
ERP-002890,2025-04,Manual,U002,U008,2025-04-21 12:17:02,12,0,-9,603.78,0
ERP-002891,2025-04,Manual,U002,U003,2025-04-03 15:01:34,15,0,-27,-1607.39,0
ERP-002892,2025-04,Manual,U005,U006,2025-04-11 13:41:58,13,0,-19,-1322.34,0
ERP-002893,2025-04,Recurring,U011,U001,2025-04-14 22:45:32,22,0,-16,983.97,0
ERP-002894,2025-04,Manual,U005,U001,2025-04-23 10:08:21,10,0,-7,1202.24,0
ERP-002895,2025-04,Recurring,U011,U001,2025-04-07 23:34:58,23,0,-23,-803.97,0
ERP-002896,2025-04,Recurring,U011,U001,2025-04-14 22:42:24,22,0,-16,5057.43,0
ERP-002897,2025-04,Manual,U009,U004,2025-04-26 17:43:24,17,1,-4,1999.94,0
ERP-002898,2025-04,Recurring,U011,U001,2025-04-03 23:16:09,23,0,-27,12043.68,0
ERP-002899,2025-04,Interface,U010,U001,2025-04-22 22:15:26,22,0,-8,-3069.24,0
ERP-002900,2025-04,Interface,U010,U001,2025-04-01 04:09:23,4,0,-29,1028.06,0
ERP-002901,2025-04,Interface,U010,U001,2025-04-09 03:12:59,3,0,-21,351.46,0
ERP-002902,2025-04,Interface,U010,U001,2025-04-24 23:38:34,23,0,-6,-6759.29,1
ERP-002903,2025-04,Recurring,U011,U001,2025-04-04 22:14:06,22,0,-26,802.68,0
ERP-002904,2025-04,Recurring,U011,U001,2025-04-12 03:03:20,3,1,-18,16182.17,0
ERP-002905,2025-04,Interface,U010,U001,2025-04-22 02:19:16,2,0,-8,-4055.52,0
ERP-002906,2025-04,Manual,U007,U004,2025-04-16 14:48:46,14,0,-14,3349.15,0
ERP-002907,2025-04,Manual,U005,U008,2025-04-03 22:53:18,22,0,-27,-2780.2,0
ERP-002908,2025-04,Manual,U007,U001,2025-04-03 15:25:41,15,0,-27,-211.17,0
ERP-002909,2025-04,Interface,U010,U001,2025-04-28 22:46:19,22,0,-2,-2194.69,0
ERP-002910,2025-04,Manual,U003,U003,2025-04-15 16:42:54,16,0,-15,993.42,0
ERP-002911,2025-04,Recurring,U011,U001,2025-04-08 03:20:27,3,0,-22,-9926.92,0
ERP-002912,2025-04,Interface,U010,U001,2025-04-14 04:47:08,4,0,-16,1042.36,0
ERP-002913,2025-04,Interface,U010,U001,2025-04-20 22:44:06,22,1,-10,-1447.2,0
ERP-002914,2025-04,Manual,U005,U003,2025-04-17 12:12:22,12,0,-13,8544.91,0
ERP-002915,2025-04,Manual,U003,U005,2025-04-21 10:21:08,10,0,-9,-1323.94,0
ERP-002916,2025-04,Interface,U010,U001,2025-04-28 22:13:13,22,0,-2,288.81,0
ERP-002917,2025-04,Interface,U010,U001,2025-04-10 22:02:20,22,0,-20,1319.66,0
ERP-002918,2025-04,Recurring,U011,U001,2025-04-02 22:55:27,22,0,-28,4085.55,0
ERP-002919,2025-04,Interface,U010,U001,2025-04-08 23:26:10,23,0,-22,3385.32,1
ERP-002920,2025-04,Interface,U010,U001,2025-04-07 02:28:39,2,0,-23,-542.06,0
ERP-002921,2025-04,Interface,U010,U001,2025-04-26 03:14:47,3,1,-4,2316.16,0
ERP-002922,2025-04,Recurring,U011,U001,2025-04-05 02:49:50,2,1,-25,738.25,0
ERP-002923,2025-04,Interface,U010,U001,2025-04-16 22:06:29,22,0,-14,819.97,0
ERP-002924,2025-04,Recurring,U011,U001,2025-04-02 22:52:24,22,0,-28,351.12,0
ERP-002925,2025-04,Recurring,U011,U001,2025-04-30 03:32:14,3,0,0,305.55,1
ERP-002926,2025-04,Interface,U010,U001,2025-04-22 03:01:07,3,0,-8,1706.96,0
ERP-002927,2025-04,Interface,U010,U001,2025-04-19 04:50:19,4,1,-11,-3696.94,0
ERP-002928,2025-04,Recurring,U011,U001,2025-04-11 02:32:14,2,0,-19,-7562.36,1
ERP-002929,2025-04,Recurring,U011,U001,2025-04-15 23:00:19,23,0,-15,5646.13,0
ERP-002930,2025-04,Interface,U010,U001,2025-04-14 02:47:39,2,0,-16,-1125.97,0
ERP-002931,2025-04,Manual,U007,U005,2025-04-29 15:49:06,15,0,-1,-1114.63,0
ERP-002932,2025-04,Recurring,U011,U001,2025-04-08 23:04:07,23,0,-22,-193.79,0
ERP-002933,2025-04,Recurring,U011,U001,2025-04-11 04:00:53,4,0,-19,1830.47,0
ERP-002934,2025-04,Interface,U010,U001,2025-04-22 04:07:05,4,0,-8,1006.82,0
ERP-002935,2025-04,Manual,U005,U003,2025-04-26 16:37:26,16,1,-4,47524.53,0
ERP-002936,2025-04,Interface,U010,U001,2025-04-02 23:43:36,23,0,-28,-3334.99,1
ERP-002937,2025-04,Interface,U010,U001,2025-04-16 04:39:16,4,0,-14,-52.66,0
ERP-002938,2025-04,Manual,U005,U004,2025-04-21 11:35:09,11,0,-9,4950.51,0
ERP-002939,2025-04,Manual,U004,U003,2025-04-04 09:42:10,9,0,-26,-729.17,0
ERP-002940,2025-04,Interface,U010,U001,2025-04-30 04:09:02,4,0,0,236.08,0
ERP-002941,2025-04,Interface,U010,U001,2025-04-07 02:14:25,2,0,-23,2758.83,0
ERP-002942,2025-04,Interface,U010,U001,2025-04-03 03:04:43,3,0,-27,-914.15,0
ERP-002943,2025-04,Recurring,U011,U001,2025-04-15 23:27:10,23,0,-15,5223.59,0
ERP-002944,2025-04,Interface,U010,U001,2025-04-16 23:29:23,23,0,-14,2412.89,0
ERP-002945,2025-04,Interface,U010,U001,2025-04-05 02:26:34,2,1,-25,-13676.6,0
ERP-002946,2025-04,Recurring,U011,U001,2025-04-29 03:46:26,3,0,-1,1232.51,0
ERP-002947,2025-04,Recurring,U011,U001,2025-04-18 22:42:37,22,0,-12,341.58,0
ERP-002948,2025-04,Interface,U010,U001,2025-04-21 04:03:17,4,0,-9,2694.5,0
ERP-002949,2025-04,Manual,U006,U005,2025-04-16 13:43:20,13,0,-14,2913.23,0
ERP-002950,2025-04,Recurring,U011,U001,2025-04-11 03:29:45,3,0,-19,-412.26,0
ERP-002951,2025-04,Interface,U010,U001,2025-04-13 02:16:48,2,1,-17,6256.42,0
ERP-002952,2025-04,Interface,U010,U001,2025-04-07 22:11:34,22,0,-23,-2432.41,0
ERP-002953,2025-04,Interface,U010,U001,2025-04-01 02:32:29,2,0,-29,7603.07,0
ERP-002954,2025-04,Recurring,U011,U001,2025-04-01 23:56:12,23,0,-29,950.74,0
ERP-002955,2025-04,Interface,U010,U001,2025-04-23 02:50:44,2,0,-7,-2738.85,0
ERP-002956,2025-04,Manual,U007,U007,2025-04-18 09:58:04,9,0,-12,2447.06,0
ERP-002957,2025-04,Manual,U009,U007,2025-04-17 15:22:25,15,0,-13,999.31,0
ERP-002958,2025-04,Interface,U010,U001,2025-04-28 22:21:12,22,0,-2,1361.64,0
ERP-002959,2025-04,Interface,U010,U001,2025-04-08 23:52:03,23,0,-22,-8873.38,0
ERP-002960,2025-04,Recurring,U011,U001,2025-04-16 22:16:28,22,0,-14,3588.5,0
ERP-002961,2025-04,Recurring,U011,U001,2025-04-24 03:56:21,3,0,-6,-1628.12,0
ERP-002962,2025-04,Interface,U010,U001,2025-04-19 04:54:46,4,1,-11,-633.63,0
ERP-002963,2025-04,Interface,U010,U001,2025-04-18 02:35:09,2,0,-12,11219.94,0
ERP-002964,2025-04,Interface,U010,U001,2025-04-28 02:25:35,2,0,-2,706.06,0
ERP-002965,2025-04,Manual,U008,U007,2025-04-04 14:50:03,14,0,-26,4744.8,0
ERP-002966,2025-04,Interface,U010,U001,2025-04-20 02:47:05,2,1,-10,1253.71,0
ERP-002967,2025-04,Manual,U007,U005,2025-04-21 17:28:54,17,0,-9,3629.37,0
ERP-002968,2025-04,Recurring,U011,U001,2025-04-27 04:07:58,4,1,-3,2040.57,0
ERP-002969,2025-04,Interface,U010,U001,2025-04-30 23:15:46,23,0,0,-1810.2,0
ERP-002970,2025-04,Recurring,U011,U001,2025-04-18 02:35:47,2,0,-12,797.75,0
ERP-002971,2025-04,Interface,U010,U001,2025-04-21 03:34:16,3,0,-9,-225.44,0
ERP-002972,2025-04,Manual,U004,U008,2025-04-12 09:50:45,9,1,-18,-3152.42,0
ERP-002973,2025-04,Interface,U010,U001,2025-04-30 22:18:39,22,0,0,10018.99,0
ERP-002974,2025-04,Interface,U010,U001,2025-04-30 02:39:03,2,0,0,581.9,0
ERP-002975,2025-04,Interface,U010,U001,2025-04-24 04:39:17,4,0,-6,-2066.18,0
ERP-002976,2025-04,Interface,U010,U001,2025-04-12 03:38:41,3,1,-18,-1378.56,0
ERP-002977,2025-04,Manual,U006,U003,2025-04-26 17:46:23,17,1,-4,487.88,0
ERP-002978,2025-04,Recurring,U011,U001,2025-04-19 22:01:04,22,1,-11,526.81,0
ERP-002979,2025-04,Interface,U010,U001,2025-04-22 02:25:20,2,0,-8,29885.11,0
ERP-002980,2025-04,Interface,U010,U001,2025-04-21 22:49:45,22,0,-9,-1206.59,0
ERP-002981,2025-04,Manual,U004,U002,2025-04-08 09:49:16,9,0,-22,-717.31,0
ERP-002982,2025-04,Manual,U004,U003,2025-04-03 11:37:10,11,0,-27,201.62,0
ERP-002983,2025-04,Manual,U007,U004,2025-04-25 11:32:03,11,0,-5,2160.6,0
ERP-002984,2025-04,Manual,U001,U002,2025-04-19 13:40:07,13,1,-11,4751.58,0
ERP-002985,2025-04,Interface,U010,U001,2025-04-13 04:53:19,4,1,-17,4649.73,0
ERP-002986,2025-04,Manual,U004,U008,2025-04-09 16:30:28,16,0,-21,-683.68,0
ERP-002987,2025-04,Interface,U010,U001,2025-04-14 23:49:55,23,0,-16,-2142.34,0
ERP-002988,2025-04,Interface,U010,U001,2025-04-03 04:19:49,4,0,-27,-884.78,0
ERP-002989,2025-04,Manual,U004,U006,2025-04-18 12:03:41,12,0,-12,4864.96,0
ERP-002990,2025-04,Recurring,U011,U001,2025-04-19 04:24:53,4,1,-11,460.41,0
ERP-002991,2025-04,Interface,U010,U001,2025-04-04 03:20:05,3,0,-26,-486.52,0
ERP-002992,2025-04,Manual,U008,U007,2025-04-27 14:04:07,14,1,-3,618.4,0
ERP-002993,2025-04,Interface,U010,U001,2025-04-26 03:41:21,3,1,-4,2415.23,0
ERP-002994,2025-04,Recurring,U011,U001,2025-04-12 04:48:18,4,1,-18,-791.42,0
ERP-002995,2025-04,Interface,U010,U001,2025-04-09 02:03:45,2,0,-21,2203.8,0
ERP-002996,2025-04,Interface,U010,U001,2025-04-28 02:12:18,2,0,-2,3526.37,0
ERP-002997,2025-04,Recurring,U011,U001,2025-04-11 02:01:23,2,0,-19,-418.92,0
ERP-002998,2025-04,Interface,U010,U001,2025-04-06 03:36:31,3,1,-24,13476.83,0
ERP-002999,2025-04,Manual,U001,U007,2025-04-14 10:27:09,10,0,-16,-2250.82,0
ERP-003000,2025-04,Interface,U010,U001,2025-04-15 22:39:27,22,0,-15,1912.1,0
ERP-003001,2025-04,Manual,U008,U003,2025-04-16 09:53:50,9,0,-14,6082.93,0
ERP-003002,2025-04,Recurring,U011,U001,2025-04-03 03:34:40,3,0,-27,1695.14,0
ERP-003003,2025-04,Interface,U010,U001,2025-04-07 22:00:01,22,0,-23,13658.73,0
ERP-003004,2025-04,Interface,U010,U001,2025-04-17 22:19:38,22,0,-13,2987.15,0
ERP-003005,2025-04,Interface,U010,U001,2025-04-05 02:42:39,2,1,-25,2575.22,0
ERP-003006,2025-04,Manual,U003,U003,2025-04-03 14:59:00,14,0,-27,4032.37,0
ERP-003007,2025-04,Interface,U010,U001,2025-04-02 02:11:53,2,0,-28,1281.05,0
ERP-003008,2025-04,Interface,U010,U001,2025-04-16 04:53:06,4,0,-14,2058.25,0
ERP-003009,2025-04,Interface,U010,U001,2025-04-15 23:33:35,23,0,-15,1182.84,0
ERP-003010,2025-04,Interface,U010,U001,2025-04-26 03:24:58,3,1,-4,588.68,0
ERP-003011,2025-04,Interface,U010,U001,2025-04-22 02:59:17,2,0,-8,5340.26,0
ERP-003012,2025-04,Manual,U001,U003,2025-04-05 11:05:28,11,1,-25,539.06,0
ERP-003013,2025-04,Manual,U004,U008,2025-04-24 14:21:15,14,0,-6,-9819.95,0
ERP-003014,2025-04,Interface,U010,U001,2025-04-29 04:03:04,4,0,-1,-9560.86,0
ERP-003015,2025-04,Interface,U010,U001,2025-04-24 02:27:23,2,0,-6,1071.51,0
ERP-003016,2025-04,Recurring,U011,U001,2025-04-11 22:48:42,22,0,-19,-214.22,0
ERP-003017,2025-04,Manual,U003,U004,2025-04-15 11:30:22,11,0,-15,-424.87,0
ERP-003018,2025-04,Interface,U010,U001,2025-04-20 22:01:36,22,1,-10,-19559.19,0
ERP-003019,2025-04,Recurring,U011,U001,2025-04-23 02:23:13,2,0,-7,1016.13,0
ERP-003020,2025-04,Interface,U010,U001,2025-04-20 03:20:57,3,1,-10,3230.03,0
ERP-003021,2025-04,Interface,U010,U001,2025-04-26 03:26:39,3,1,-4,-2891.93,0
ERP-003022,2025-04,Recurring,U011,U001,2025-04-25 04:31:53,4,0,-5,2124.52,0
ERP-003023,2025-04,Manual,U008,U002,2025-04-25 13:39:56,13,0,-5,-173.3,0
ERP-003024,2025-04,Interface,U010,U001,2025-04-03 23:29:04,23,0,-27,2329.49,0
ERP-003025,2025-04,Interface,U010,U001,2025-04-18 03:33:56,3,0,-12,8228.41,0
ERP-003026,2025-04,Manual,U006,U003,2025-04-04 10:09:56,10,0,-26,608.34,0
ERP-003027,2025-04,Interface,U010,U001,2025-04-23 22:16:36,22,0,-7,-277.52,0
ERP-003028,2025-04,Manual,U001,U002,2025-04-05 09:21:57,9,1,-25,189.9,0
ERP-003029,2025-04,Manual,U002,U004,2025-04-27 08:14:05,8,1,-3,-99.83,0
ERP-003030,2025-04,Recurring,U011,U001,2025-04-05 23:51:59,23,1,-25,-4348.76,0
ERP-003031,2025-04,Interface,U010,U001,2025-04-25 23:45:13,23,0,-5,-58906.22,0
ERP-003032,2025-04,Interface,U010,U001,2025-04-10 04:27:02,4,0,-20,-731.68,1
ERP-003033,2025-04,Interface,U010,U001,2025-04-07 02:47:56,2,0,-23,-786.23,0
ERP-003034,2025-04,Interface,U010,U001,2025-04-29 23:12:23,23,0,-1,-2376.01,0
ERP-003035,2025-04,Interface,U010,U001,2025-04-08 22:11:30,22,0,-22,406.54,0
ERP-003036,2025-04,Interface,U010,U001,2025-04-02 03:22:03,3,0,-28,-3656.95,0
ERP-003037,2025-04,Interface,U010,U001,2025-04-27 23:29:09,23,1,-3,729.15,0
ERP-003038,2025-04,Manual,U002,U005,2025-04-23 16:17:38,16,0,-7,3259.49,0
ERP-003039,2025-04,Interface,U010,U001,2025-04-13 22:49:20,22,1,-17,-3226.24,0
ERP-003040,2025-04,Manual,U004,U003,2025-04-01 12:10:02,12,0,-29,2948.8,0
ERP-003041,2025-04,Interface,U010,U001,2025-04-23 22:05:12,22,0,-7,2255.34,0
ERP-003042,2025-04,Manual,U008,U004,2025-04-25 10:01:22,10,0,-5,558.04,0
ERP-003043,2025-04,Interface,U010,U001,2025-04-04 22:59:47,22,0,-26,10634.16,0
ERP-003044,2025-04,Manual,U001,U008,2025-04-24 08:09:40,8,0,-6,-1915.75,0
ERP-003045,2025-04,Interface,U010,U001,2025-04-27 04:21:42,4,1,-3,3904.8,0
ERP-003046,2025-04,Interface,U010,U001,2025-04-22 02:57:03,2,0,-8,1909.56,0
ERP-003047,2025-04,Interface,U010,U001,2025-04-19 23:32:58,23,1,-11,-492.71,0
ERP-003048,2025-04,Manual,U006,U005,2025-04-02 15:04:02,15,0,-28,5929.19,0
ERP-003049,2025-04,Recurring,U011,U001,2025-04-07 04:02:32,4,0,-23,4683.49,0
ERP-003050,2025-04,Manual,U003,U003,2025-04-11 14:04:38,14,0,-19,-122.72,0
ERP-003051,2025-04,Interface,U010,U001,2025-04-22 04:32:13,4,0,-8,2920.42,0
ERP-003052,2025-04,Manual,U006,U005,2025-04-14 15:50:04,15,0,-16,-2817.94,0
ERP-003053,2025-04,Interface,U010,U001,2025-04-25 04:38:08,4,0,-5,-3687.99,0
ERP-003054,2025-04,Interface,U010,U001,2025-04-15 23:12:52,23,0,-15,-10646.92,0
ERP-003055,2025-04,Interface,U010,U001,2025-04-03 03:46:39,3,0,-27,-1489.0,0
ERP-003056,2025-04,Interface,U010,U001,2025-04-06 03:07:42,3,1,-24,715.04,0
ERP-003057,2025-04,Manual,U005,U002,2025-04-19 15:04:31,15,1,-11,4765.41,0
ERP-003058,2025-04,Interface,U010,U001,2025-04-02 22:41:22,22,0,-28,2876.0,0
ERP-003059,2025-04,Recurring,U011,U001,2025-04-10 02:17:49,2,0,-20,10517.57,0
ERP-003060,2025-04,Recurring,U011,U001,2025-04-04 03:23:22,3,0,-26,11954.49,0
ERP-003061,2025-04,Interface,U010,U001,2025-04-19 03:05:44,3,1,-11,703.1,1
ERP-003062,2025-04,Interface,U010,U001,2025-04-02 04:29:46,4,0,-28,-5352.91,1
ERP-003063,2025-04,Interface,U010,U001,2025-04-28 23:50:31,23,0,-2,-1632.08,0
ERP-003064,2025-04,Manual,U001,U003,2025-04-16 15:49:24,15,0,-14,24863.68,0
ERP-003065,2025-04,Interface,U010,U001,2025-04-15 23:48:21,23,0,-15,143.01,0
ERP-003066,2025-04,Interface,U010,U001,2025-04-08 03:53:48,3,0,-22,2663.5,0
ERP-003067,2025-04,Recurring,U011,U001,2025-04-26 22:32:35,22,1,-4,-3931.29,0
ERP-003068,2025-04,Manual,U009,U004,2025-04-09 15:48:25,15,0,-21,3042.62,0
ERP-003069,2025-04,Interface,U010,U001,2025-04-14 02:04:10,2,0,-16,-5482.24,0
ERP-003070,2025-04,Manual,U006,U008,2025-04-25 10:58:16,10,0,-5,2420.69,0
ERP-003071,2025-04,Recurring,U011,U001,2025-04-24 22:07:08,22,0,-6,1730.54,0
ERP-003072,2025-04,Interface,U010,U001,2025-04-27 02:27:33,2,1,-3,9025.07,0
ERP-003073,2025-04,Interface,U010,U001,2025-04-02 23:44:29,23,0,-28,3366.44,0
ERP-003074,2025-04,Interface,U010,U001,2025-04-08 02:19:26,2,0,-22,-517.49,0
ERP-003075,2025-04,Interface,U010,U001,2025-04-19 23:18:44,23,1,-11,666.41,0
ERP-003076,2025-04,Interface,U010,U001,2025-04-22 22:20:44,22,0,-8,1027.01,0
ERP-003077,2025-04,Interface,U010,U001,2025-04-30 03:35:40,3,0,0,3970.97,0
ERP-003078,2025-04,Interface,U010,U001,2025-04-03 22:07:38,22,0,-27,256.66,0
ERP-003079,2025-04,Interface,U010,U001,2025-04-18 02:45:36,2,0,-12,-712.7,1
ERP-003080,2025-04,Interface,U010,U001,2025-04-06 02:30:01,2,1,-24,-2407.64,0
ERP-003081,2025-04,Recurring,U011,U001,2025-04-14 02:29:30,2,0,-16,2052.31,0
ERP-003082,2025-04,Interface,U010,U001,2025-04-05 22:32:46,22,1,-25,4959.66,0
ERP-003083,2025-04,Manual,U004,U001,2025-04-07 17:54:28,17,0,-23,441.5,0
ERP-003084,2025-04,Recurring,U011,U001,2025-04-23 03:28:46,3,0,-7,2146.52,0
ERP-003085,2025-04,Interface,U010,U001,2025-04-05 03:31:23,3,1,-25,888.66,0
ERP-003086,2025-04,Interface,U010,U001,2025-04-22 22:40:30,22,0,-8,1860.01,0
ERP-003087,2025-04,Manual,U005,U007,2025-04-26 08:29:18,8,1,-4,1134.17,0
ERP-003088,2025-04,Recurring,U011,U001,2025-04-26 23:58:41,23,1,-4,-6285.83,0
ERP-003089,2025-04,Interface,U010,U001,2025-04-09 03:36:41,3,0,-21,221.53,0
ERP-003090,2025-04,Recurring,U011,U001,2025-04-12 04:39:07,4,1,-18,644.16,0
ERP-003091,2025-04,Interface,U010,U001,2025-04-03 23:08:36,23,0,-27,4274.26,0
ERP-003092,2025-04,Interface,U010,U001,2025-04-25 23:55:17,23,0,-5,926.63,0
ERP-003093,2025-04,Interface,U010,U001,2025-04-06 02:57:59,2,1,-24,1698.56,0
ERP-003094,2025-04,Manual,U005,U007,2025-04-20 10:20:38,10,1,-10,-608.31,0
ERP-003095,2025-04,Interface,U010,U001,2025-04-21 04:22:53,4,0,-9,-761.38,0
ERP-003096,2025-04,Recurring,U011,U001,2025-04-10 23:05:39,23,0,-20,1779.0,0
ERP-003097,2025-04,Interface,U010,U001,2025-04-04 23:05:50,23,0,-26,40212.32,0
ERP-003098,2025-04,Manual,U003,U003,2025-04-26 17:57:11,17,1,-4,-1011.87,0
ERP-003099,2025-04,Interface,U010,U001,2025-04-28 03:47:27,3,0,-2,4523.46,0
ERP-003100,2025-04,Interface,U010,U001,2025-04-07 22:42:14,22,0,-23,-1754.49,1
ERP-003101,2025-04,Interface,U010,U001,2025-04-20 02:02:19,2,1,-10,2255.42,1
ERP-003102,2025-04,Manual,U003,U003,2025-04-03 17:38:54,17,0,-27,-1005.23,0
ERP-003103,2025-04,Interface,U010,U001,2025-04-10 04:05:02,4,0,-20,783.14,0
ERP-003104,2025-04,Recurring,U011,U001,2025-04-01 03:44:07,3,0,-29,2867.29,0
ERP-003105,2025-04,Manual,U001,U008,2025-04-21 17:55:31,17,0,-9,423.13,0
ERP-003106,2025-04,Interface,U010,U001,2025-04-05 02:55:16,2,1,-25,5881.07,0
ERP-003107,2025-04,Recurring,U011,U001,2025-04-09 22:54:01,22,0,-21,3962.08,0
ERP-003108,2025-04,Interface,U010,U001,2025-04-02 22:44:57,22,0,-28,1503.31,0
ERP-003109,2025-04,Manual,U007,U007,2025-04-26 15:08:53,15,1,-4,3273.89,0
ERP-003110,2025-04,Interface,U010,U001,2025-04-21 22:00:05,22,0,-9,300.46,0
ERP-003111,2025-04,Interface,U010,U001,2025-04-23 23:21:38,23,0,-7,261.31,0
ERP-003112,2025-04,Interface,U010,U001,2025-04-28 23:37:56,23,0,-2,-11214.71,0
ERP-003113,2025-04,Interface,U010,U001,2025-04-08 23:07:08,23,0,-22,-4710.06,0
ERP-003114,2025-04,Interface,U010,U001,2025-04-29 04:37:29,4,0,-1,-884.67,0
ERP-003115,2025-04,Recurring,U011,U001,2025-04-23 03:21:26,3,0,-7,2814.25,0
ERP-003116,2025-04,Interface,U010,U001,2025-04-07 22:15:24,22,0,-23,3410.26,0
ERP-003117,2025-04,Interface,U010,U001,2025-04-21 23:41:27,23,0,-9,5045.03,0
ERP-003118,2025-04,Interface,U010,U001,2025-04-09 23:14:27,23,0,-21,1592.01,0
ERP-003119,2025-04,Interface,U010,U001,2025-04-28 02:25:09,2,0,-2,-8223.06,0
ERP-003120,2025-04,Interface,U010,U001,2025-04-27 23:43:54,23,1,-3,-310.96,0
ERP-003121,2025-04,Manual,U001,U008,2025-04-17 14:37:04,14,0,-13,1119.35,0
ERP-003122,2025-04,Interface,U010,U001,2025-04-18 02:06:43,2,0,-12,-3513.4,0
ERP-003123,2025-04,Manual,U002,U006,2025-04-08 12:19:21,12,0,-22,-5850.59,0
ERP-003124,2025-04,Recurring,U011,U001,2025-04-24 23:41:53,23,0,-6,-647.5,0
ERP-003125,2025-04,Manual,U004,U001,2025-04-10 15:07:47,15,0,-20,12014.61,0
ERP-003126,2025-04,Interface,U010,U001,2025-04-19 04:00:19,4,1,-11,520.5,0
ERP-003127,2025-04,Interface,U010,U001,2025-04-27 04:46:08,4,1,-3,5300.69,0
ERP-003128,2025-04,Interface,U010,U001,2025-04-13 23:34:29,23,1,-17,1745.09,0
ERP-003129,2025-04,Interface,U010,U001,2025-04-01 03:13:57,3,0,-29,2202.62,0
ERP-003130,2025-04,Interface,U010,U001,2025-04-20 04:33:49,4,1,-10,-10682.86,0
ERP-003131,2025-04,Interface,U010,U001,2025-04-05 02:43:46,2,1,-25,2076.8,1
ERP-003132,2025-04,Interface,U010,U001,2025-04-17 23:27:28,23,0,-13,1660.05,0
ERP-003133,2025-04,Interface,U010,U001,2025-04-04 04:55:20,4,0,-26,-717.36,0
ERP-003134,2025-04,Manual,U003,U005,2025-04-01 16:08:59,16,0,-29,6447.34,0
ERP-003135,2025-04,Manual,U004,U002,2025-04-30 21:52:52,21,0,0,1611.52,1
ERP-003136,2025-04,Interface,U010,U001,2025-04-28 03:53:08,3,0,-2,1117.65,0
ERP-003137,2025-04,Manual,U005,U004,2025-04-23 06:25:27,6,0,-7,340.87,0
ERP-003138,2025-04,Interface,U010,U001,2025-04-29 02:12:24,2,0,-1,624.01,0
ERP-003139,2025-04,Recurring,U011,U001,2025-04-18 04:08:02,4,0,-12,-3814.17,0
ERP-003140,2025-04,Manual,U006,U001,2025-04-13 16:27:03,16,1,-17,-2563.18,0
ERP-003141,2025-04,Interface,U010,U001,2025-04-09 03:40:21,3,0,-21,-1594.35,0
ERP-003142,2025-04,Manual,U004,U006,2025-04-19 10:36:46,10,1,-11,6334.62,0
ERP-003143,2025-04,Interface,U010,U001,2025-04-06 22:20:59,22,1,-24,197.69,0
ERP-003144,2025-04,Manual,U006,U003,2025-04-13 13:31:57,13,1,-17,640.9,1
ERP-003145,2025-04,Manual,U004,U002,2025-04-27 09:38:41,9,1,-3,-5819.46,0
ERP-003146,2025-04,Interface,U010,U001,2025-04-10 03:55:47,3,0,-20,7431.08,0
ERP-003147,2025-04,Interface,U010,U001,2025-04-16 02:15:43,2,0,-14,1986.12,0
ERP-003148,2025-04,Interface,U010,U001,2025-04-17 22:34:05,22,0,-13,186.44,0
ERP-003149,2025-04,Interface,U010,U001,2025-04-28 02:49:17,2,0,-2,316.01,0
ERP-003150,2025-04,Interface,U010,U001,2025-04-08 02:26:40,2,0,-22,583.74,0
ERP-003151,2025-04,Interface,U010,U001,2025-04-23 03:01:47,3,0,-7,1017.32,0
ERP-003152,2025-04,Interface,U010,U001,2025-04-16 03:31:18,3,0,-14,2656.0,0
ERP-003153,2025-04,Interface,U010,U001,2025-04-24 03:47:14,3,0,-6,-1063.15,0
ERP-003154,2025-04,Manual,U002,U008,2025-04-26 17:00:13,17,1,-4,-2255.0,0
ERP-003155,2025-04,Recurring,U011,U001,2025-04-21 22:48:51,22,0,-9,1206.65,0
ERP-003156,2025-04,Interface,U010,U001,2025-04-09 22:53:28,22,0,-21,751.95,0
ERP-003157,2025-04,Interface,U010,U001,2025-04-22 03:22:48,3,0,-8,6255.12,0
ERP-003158,2025-04,Recurring,U011,U001,2025-04-02 02:32:45,2,0,-28,2243.72,0
ERP-003159,2025-04,Interface,U010,U001,2025-04-16 23:27:43,23,0,-14,-699.83,0
ERP-003160,2025-04,Interface,U010,U001,2025-04-20 03:16:03,3,1,-10,-2938.71,0
ERP-003161,2025-04,Interface,U010,U001,2025-04-02 02:45:18,2,0,-28,329.93,0
ERP-003162,2025-04,Interface,U010,U001,2025-04-06 03:47:04,3,1,-24,252.31,0
ERP-003163,2025-04,Manual,U006,U005,2025-04-19 12:41:40,12,1,-11,-20984.07,0
ERP-003164,2025-04,Interface,U010,U001,2025-04-22 03:21:32,3,0,-8,-1568.59,0
ERP-003165,2025-04,Interface,U010,U001,2025-04-04 04:44:12,4,0,-26,-532.95,0
ERP-003166,2025-04,Interface,U010,U001,2025-04-11 03:42:47,3,0,-19,3325.67,0
ERP-003167,2025-04,Recurring,U011,U001,2025-04-18 04:24:01,4,0,-12,3652.99,0
ERP-003168,2025-04,Interface,U010,U001,2025-04-05 22:04:31,22,1,-25,4341.78,0
ERP-003169,2025-04,Interface,U010,U001,2025-04-13 03:14:19,3,1,-17,1006.06,0
ERP-003170,2025-04,Interface,U010,U001,2025-04-22 22:59:47,22,0,-8,7700.85,0
ERP-003171,2025-04,Interface,U010,U001,2025-04-13 23:20:43,23,1,-17,1912.58,0
ERP-003172,2025-04,Manual,U006,U005,2025-04-11 14:14:06,14,0,-19,1583.53,0
ERP-003173,2025-04,Manual,U002,U007,2025-04-19 14:00:23,14,1,-11,1907.85,0
ERP-003174,2025-04,Interface,U010,U001,2025-04-07 04:36:08,4,0,-23,3195.07,0
ERP-003175,2025-04,Interface,U010,U001,2025-04-21 04:24:53,4,0,-9,3555.93,0
ERP-003176,2025-04,Interface,U010,U001,2025-04-03 03:54:10,3,0,-27,9684.29,0
ERP-003177,2025-04,Manual,U001,U006,2025-04-27 11:54:28,11,1,-3,4843.55,0
ERP-003178,2025-04,Manual,U002,U006,2025-04-17 12:16:39,12,0,-13,799.91,0
ERP-003179,2025-04,Interface,U010,U001,2025-04-09 22:55:22,22,0,-21,4633.65,0
ERP-003180,2025-04,Manual,U003,U003,2025-04-18 17:51:41,17,0,-12,3289.35,0
ERP-003181,2025-04,Interface,U010,U001,2025-04-27 04:09:23,4,1,-3,9721.19,0
ERP-003182,2025-04,Interface,U010,U001,2025-04-25 02:43:48,2,0,-5,-8314.18,0
ERP-003183,2025-04,Manual,U005,U001,2025-04-10 10:12:17,10,0,-20,1000.0,0
ERP-003184,2025-04,Interface,U010,U001,2025-04-11 23:11:58,23,0,-19,446.02,0
ERP-003185,2025-04,Interface,U010,U001,2025-04-07 04:33:31,4,0,-23,10605.39,0
ERP-003186,2025-04,Manual,U007,U007,2025-04-03 22:22:27,22,0,-27,1612.96,0
ERP-003187,2025-04,Recurring,U011,U001,2025-04-26 23:11:30,23,1,-4,4087.74,0
ERP-003188,2025-04,Manual,U009,U001,2025-04-25 13:35:45,13,0,-5,4768.48,0
ERP-003189,2025-04,Recurring,U011,U001,2025-04-19 02:55:59,2,1,-11,-6277.0,0
ERP-003190,2025-04,Interface,U010,U001,2025-04-22 22:41:17,22,0,-8,11747.85,0
ERP-003191,2025-04,Interface,U010,U001,2025-04-18 04:40:58,4,0,-12,-2452.11,0
ERP-003192,2025-04,Interface,U010,U001,2025-04-29 22:31:56,22,0,-1,512.83,0
ERP-003193,2025-04,Manual,U003,U003,2025-04-07 11:40:34,11,0,-23,-619.6,0
ERP-003194,2025-04,Interface,U010,U001,2025-04-13 04:43:21,4,1,-17,2765.5,0
ERP-003195,2025-04,Interface,U010,U001,2025-04-30 03:05:19,3,0,0,1079.6,0
ERP-003196,2025-04,Manual,U004,U005,2025-04-01 05:41:16,5,0,-29,694.15,0
ERP-003197,2025-04,Interface,U010,U001,2025-04-22 22:37:07,22,0,-8,1559.97,0
ERP-003198,2025-04,Manual,U004,U006,2025-04-22 17:11:04,17,0,-8,4836.55,0
ERP-003199,2025-04,Interface,U010,U001,2025-04-01 23:04:53,23,0,-29,1993.53,0
ERP-003200,2025-04,Manual,U003,U003,2025-04-16 17:41:01,17,0,-14,6853.64,0
ERP-003201,2025-04,Manual,U009,U004,2025-04-28 17:23:30,17,0,-2,-4922.7,0
ERP-003202,2025-04,Interface,U010,U001,2025-04-15 04:41:36,4,0,-15,1064.85,0
ERP-003203,2025-04,Recurring,U011,U001,2025-04-05 22:54:25,22,1,-25,-3386.6,0
ERP-003204,2025-04,Interface,U010,U001,2025-04-15 04:17:30,4,0,-15,3192.4,0
ERP-003205,2025-04,Interface,U010,U001,2025-04-14 02:21:16,2,0,-16,-4514.54,0
ERP-003206,2025-04,Interface,U010,U001,2025-04-02 02:48:40,2,0,-28,3097.92,0
ERP-003207,2025-04,Interface,U010,U001,2025-04-30 04:56:14,4,0,0,3625.3,0
ERP-003208,2025-04,Manual,U008,U002,2025-04-05 15:57:36,15,1,-25,20108.38,0
ERP-003209,2025-04,Interface,U010,U001,2025-04-16 23:20:50,23,0,-14,-1553.92,0
ERP-003210,2025-04,Interface,U010,U001,2025-04-10 03:30:25,3,0,-20,4588.45,0
ERP-003211,2025-04,Recurring,U011,U001,2025-04-02 22:48:28,22,0,-28,-373.05,0
ERP-003212,2025-04,Manual,U004,U005,2025-04-21 17:48:17,17,0,-9,443.9,1
ERP-003213,2025-04,Interface,U010,U001,2025-04-25 22:45:10,22,0,-5,-2460.81,0
ERP-003214,2025-04,Manual,U002,U008,2025-04-08 17:56:25,17,0,-22,9878.13,1
ERP-003215,2025-04,Interface,U010,U001,2025-04-30 04:54:59,4,0,0,378.64,0
ERP-003216,2025-04,Manual,U007,U001,2025-04-06 10:48:11,10,1,-24,4588.98,0
ERP-003217,2025-04,Interface,U010,U001,2025-04-09 03:16:32,3,0,-21,1692.22,0
ERP-003218,2025-04,Interface,U010,U001,2025-04-05 04:47:22,4,1,-25,-1494.03,0
ERP-003219,2025-04,Manual,U006,U008,2025-04-22 16:16:12,16,0,-8,813.03,0
ERP-003220,2025-04,Recurring,U011,U001,2025-04-08 03:27:16,3,0,-22,9148.29,0
ERP-003221,2025-04,Interface,U010,U001,2025-04-11 23:18:36,23,0,-19,365.13,0
ERP-003222,2025-04,Interface,U010,U001,2025-04-29 02:11:34,2,0,-1,-607.8,0
ERP-003223,2025-04,Interface,U010,U001,2025-04-22 23:53:19,23,0,-8,1065.36,0
ERP-003224,2025-04,Interface,U010,U001,2025-04-04 23:06:08,23,0,-26,1781.97,0
ERP-003225,2025-04,Interface,U010,U001,2025-04-06 02:08:23,2,1,-24,8727.26,0
ERP-003226,2025-04,Interface,U010,U001,2025-04-13 02:06:18,2,1,-17,1779.37,0
ERP-003227,2025-04,Recurring,U011,U001,2025-04-19 04:50:50,4,1,-11,-3710.92,0
ERP-003228,2025-04,Manual,U005,U001,2025-04-28 22:05:54,22,0,-2,539.58,0
ERP-003229,2025-04,Manual,U001,U006,2025-04-25 13:22:39,13,0,-5,497.61,0
ERP-003230,2025-04,Interface,U010,U001,2025-04-19 04:03:17,4,1,-11,2055.38,0
ERP-003231,2025-04,Interface,U010,U001,2025-04-27 03:31:27,3,1,-3,4594.88,0
ERP-003232,2025-04,Recurring,U011,U001,2025-04-24 03:05:01,3,0,-6,2141.94,0
ERP-003233,2025-04,Recurring,U011,U001,2025-04-14 04:03:52,4,0,-16,-955.87,0
ERP-003234,2025-04,Manual,U007,U001,2025-04-11 08:10:25,8,0,-19,-1116.12,0
ERP-003235,2025-04,Interface,U010,U001,2025-04-12 04:53:20,4,1,-18,5095.32,0
ERP-003236,2025-04,Recurring,U011,U001,2025-04-20 03:28:55,3,1,-10,848.07,0
ERP-003237,2025-04,Recurring,U011,U001,2025-04-16 04:06:49,4,0,-14,-1422.27,0
ERP-003238,2025-04,Interface,U010,U001,2025-04-08 03:58:05,3,0,-22,2046.24,0
ERP-003239,2025-04,Interface,U010,U001,2025-04-22 22:21:44,22,0,-8,3560.14,0
ERP-003240,2025-04,Interface,U010,U001,2025-04-13 02:43:20,2,1,-17,963.25,0
ERP-003241,2025-04,Manual,U001,U003,2025-04-04 20:15:10,20,0,-26,-3359.6,0
ERP-003242,2025-04,Manual,U009,U008,2025-04-17 09:50:03,9,0,-13,2915.73,0
ERP-003243,2025-04,Manual,U004,U001,2025-04-23 09:30:51,9,0,-7,652.65,0
ERP-003244,2025-04,Interface,U010,U001,2025-04-21 23:19:20,23,0,-9,1511.62,0
ERP-003245,2025-04,Interface,U010,U001,2025-04-25 22:53:32,22,0,-5,778.3,0
ERP-003246,2025-04,Interface,U010,U001,2025-04-15 22:16:08,22,0,-15,3651.64,0
ERP-003247,2025-04,Manual,U003,U003,2025-04-26 13:28:02,13,1,-4,1053.04,0
ERP-003248,2025-04,Interface,U010,U001,2025-04-17 03:43:47,3,0,-13,-1286.86,0
ERP-003249,2025-04,Manual,U004,U001,2025-04-17 17:12:12,17,0,-13,-107.12,1
ERP-003250,2025-04,Interface,U010,U001,2025-04-28 02:34:04,2,0,-2,-735.3,0
ERP-003251,2025-04,Interface,U010,U001,2025-04-08 04:44:40,4,0,-22,1532.52,0
ERP-003252,2025-04,Manual,U009,U006,2025-04-16 08:14:02,8,0,-14,2357.49,0
ERP-003253,2025-04,Interface,U010,U001,2025-04-23 03:39:18,3,0,-7,1725.77,0
ERP-003254,2025-04,Interface,U010,U001,2025-04-02 02:50:30,2,0,-28,4912.7,0
ERP-003255,2025-04,Interface,U010,U001,2025-04-26 03:19:31,3,1,-4,158.84,0
ERP-003256,2025-04,Interface,U010,U001,2025-04-21 04:28:50,4,0,-9,20288.16,0
ERP-003257,2025-04,Interface,U010,U001,2025-04-21 03:23:47,3,0,-9,-451.31,0
ERP-003258,2025-04,Interface,U010,U001,2025-04-11 22:36:34,22,0,-19,-1976.64,0
ERP-003259,2025-04,Interface,U010,U001,2025-04-25 22:10:32,22,0,-5,267.95,0
ERP-003260,2025-04,Interface,U010,U001,2025-04-12 03:01:23,3,1,-18,-634.91,1
ERP-003261,2025-04,Recurring,U011,U001,2025-04-28 02:24:23,2,0,-2,5484.65,0
ERP-003262,2025-04,Interface,U010,U001,2025-04-12 03:13:55,3,1,-18,-425.98,0
ERP-003263,2025-04,Manual,U001,U005,2025-04-14 16:36:03,16,0,-16,-1015.95,0
ERP-003264,2025-04,Manual,U002,U008,2025-04-12 09:04:50,9,1,-18,4654.64,0
ERP-003265,2025-04,Interface,U010,U001,2025-04-15 04:32:13,4,0,-15,1098.97,0
ERP-003266,2025-04,Interface,U010,U001,2025-04-09 23:13:29,23,0,-21,5830.49,0
ERP-003267,2025-04,Interface,U010,U001,2025-04-12 04:14:09,4,1,-18,930.88,0
ERP-003268,2025-04,Interface,U010,U001,2025-04-05 23:57:33,23,1,-25,4975.66,0
ERP-003269,2025-04,Interface,U010,U001,2025-04-29 04:09:42,4,0,-1,-3994.91,0
ERP-003270,2025-04,Interface,U010,U001,2025-04-30 02:41:02,2,0,0,1638.56,0
ERP-003271,2025-04,Interface,U010,U001,2025-04-12 04:16:48,4,1,-18,-222.15,0
ERP-003272,2025-04,Interface,U010,U001,2025-04-27 23:08:22,23,1,-3,2892.22,0
ERP-003273,2025-04,Manual,U009,U002,2025-04-12 17:17:30,17,1,-18,961.88,0
ERP-003274,2025-04,Manual,U008,U005,2025-04-19 15:54:37,15,1,-11,-2352.06,0
ERP-003275,2025-04,Recurring,U011,U001,2025-04-22 22:10:45,22,0,-8,717.6,0
ERP-003276,2025-04,Recurring,U011,U001,2025-04-17 04:59:34,4,0,-13,910.43,0
ERP-003277,2025-04,Manual,U005,U004,2025-04-12 14:36:08,14,1,-18,1699.44,0
ERP-003278,2025-04,Interface,U010,U001,2025-04-08 04:44:51,4,0,-22,638.89,0
ERP-003279,2025-04,Recurring,U011,U001,2025-04-01 03:56:52,3,0,-29,4369.81,0
ERP-003280,2025-04,Recurring,U011,U001,2025-04-20 03:00:51,3,1,-10,-5439.19,0
ERP-003281,2025-04,Manual,U009,U007,2025-04-24 14:20:45,14,0,-6,811.1,0
ERP-003282,2025-04,Interface,U010,U001,2025-04-05 03:48:40,3,1,-25,216.89,0
ERP-003283,2025-04,Interface,U010,U001,2025-04-15 02:30:06,2,0,-15,3715.05,0
ERP-003284,2025-04,Interface,U010,U001,2025-04-20 03:39:53,3,1,-10,5449.77,0
ERP-003285,2025-04,Interface,U010,U001,2025-04-04 03:22:16,3,0,-26,605.8,0
ERP-003286,2025-04,Interface,U010,U001,2025-04-12 22:33:27,22,1,-18,2397.07,0
ERP-003287,2025-04,Interface,U010,U001,2025-04-07 23:21:34,23,0,-23,1024.68,0
ERP-003288,2025-04,Manual,U003,U007,2025-04-02 12:24:33,12,0,-28,347.75,0
ERP-003289,2025-04,Interface,U010,U001,2025-04-03 02:41:05,2,0,-27,-2727.25,0
ERP-003290,2025-04,Interface,U010,U001,2025-04-09 04:13:17,4,0,-21,2644.24,0
ERP-003291,2025-04,Interface,U010,U001,2025-04-03 02:35:03,2,0,-27,3269.43,0
ERP-003292,2025-04,Manual,U008,U006,2025-04-23 08:37:54,8,0,-7,472.75,0
ERP-003293,2025-04,Recurring,U011,U001,2025-04-03 23:40:49,23,0,-27,-1056.47,0
ERP-003294,2025-04,Interface,U010,U001,2025-04-08 23:48:20,23,0,-22,8654.16,0
ERP-003295,2025-04,Interface,U010,U001,2025-04-08 23:15:25,23,0,-22,666.66,0
ERP-003296,2025-04,Interface,U010,U001,2025-04-12 04:53:02,4,1,-18,-311.44,0
ERP-003297,2025-04,Interface,U010,U001,2025-04-23 02:36:38,2,0,-7,2298.63,0
ERP-003298,2025-04,Interface,U010,U001,2025-04-10 04:22:46,4,0,-20,-438.02,0
ERP-003299,2025-04,Interface,U010,U001,2025-04-22 02:57:48,2,0,-8,-248.43,0
ERP-003300,2025-04,Recurring,U011,U001,2025-04-13 22:55:08,22,1,-17,-3307.98,0
ERP-003301,2025-04,Interface,U010,U001,2025-04-14 23:11:18,23,0,-16,-1820.78,0
ERP-003302,2025-04,Interface,U010,U001,2025-04-07 22:39:06,22,0,-23,449.48,0
ERP-003303,2025-04,Interface,U010,U001,2025-04-16 22:57:09,22,0,-14,-4668.11,0
ERP-003304,2025-04,Manual,U006,U008,2025-04-01 12:34:17,12,0,-29,-2290.46,0
ERP-003305,2025-04,Manual,U004,U002,2025-04-21 10:43:08,10,0,-9,4257.95,0
ERP-003306,2025-04,Interface,U010,U001,2025-04-03 04:46:34,4,0,-27,-3234.86,0
ERP-003307,2025-04,Manual,U009,U008,2025-04-21 15:24:03,15,0,-9,434.04,0
ERP-003308,2025-04,Interface,U010,U001,2025-04-28 23:53:44,23,0,-2,-7302.83,0
ERP-003309,2025-04,Interface,U010,U001,2025-04-05 22:02:41,22,1,-25,2170.29,0
ERP-003310,2025-04,Recurring,U011,U001,2025-04-23 02:53:49,2,0,-7,1040.04,0
ERP-003311,2025-04,Interface,U010,U001,2025-04-18 03:47:20,3,0,-12,120.71,0
ERP-003312,2025-04,Interface,U010,U001,2025-04-29 03:51:26,3,0,-1,-1760.76,0
ERP-003313,2025-04,Interface,U010,U001,2025-04-30 22:57:42,22,0,0,533.86,0
ERP-003314,2025-04,Manual,U004,U005,2025-04-19 12:44:29,12,1,-11,642.92,0
ERP-003315,2025-04,Interface,U010,U001,2025-04-25 23:36:18,23,0,-5,1033.32,0
ERP-003316,2025-04,Manual,U007,U007,2025-04-30 08:56:35,8,0,0,-1145.54,0
ERP-003317,2025-04,Recurring,U011,U001,2025-04-06 04:38:37,4,1,-24,1951.45,0
ERP-003318,2025-04,Interface,U010,U001,2025-04-27 04:22:29,4,1,-3,-2179.18,0
ERP-003319,2025-04,Manual,U002,U008,2025-04-30 16:06:09,16,0,0,370.41,0
ERP-003320,2025-04,Interface,U010,U001,2025-04-29 22:24:56,22,0,-1,2695.06,0
ERP-003321,2025-04,Interface,U010,U001,2025-04-01 22:22:33,22,0,-29,-908.87,0
ERP-003322,2025-04,Interface,U010,U001,2025-04-27 22:36:10,22,1,-3,-2072.57,0
ERP-003323,2025-04,Interface,U010,U001,2025-04-02 04:55:40,4,0,-28,-6450.03,0
ERP-003324,2025-04,Interface,U010,U001,2025-04-09 04:14:52,4,0,-21,1224.97,0
ERP-003325,2025-04,Manual,U002,U008,2025-04-16 14:18:42,14,0,-14,2844.34,0
ERP-003326,2025-04,Interface,U010,U001,2025-04-03 03:48:08,3,0,-27,-499.7,0
ERP-003327,2025-04,Manual,U007,U007,2025-04-29 10:05:19,10,0,-1,-894.03,0
ERP-003328,2025-04,Manual,U007,U004,2025-04-09 14:54:10,14,0,-21,5034.49,0
ERP-003329,2025-04,Interface,U010,U001,2025-04-17 03:43:07,3,0,-13,2798.58,0
ERP-003330,2025-04,Interface,U010,U001,2025-04-20 03:15:40,3,1,-10,2510.2,0
ERP-003331,2025-04,Recurring,U011,U001,2025-04-14 03:41:17,3,0,-16,231.38,0
ERP-003332,2025-04,Interface,U010,U001,2025-04-24 02:39:26,2,0,-6,1737.12,0
ERP-003333,2025-04,Interface,U010,U001,2025-04-02 02:34:54,2,0,-28,8028.65,0
ERP-003334,2025-04,Recurring,U011,U001,2025-04-18 22:20:23,22,0,-12,6546.37,0
ERP-003335,2025-04,Manual,U002,U003,2025-04-29 13:42:27,13,0,-1,2026.43,0
ERP-003336,2025-04,Manual,U002,U007,2025-04-03 21:36:34,21,0,-27,1140.18,0
ERP-003337,2025-04,Interface,U010,U001,2025-04-03 03:06:59,3,0,-27,-759.4,0
ERP-003338,2025-04,Manual,U001,U005,2025-04-05 09:01:22,9,1,-25,2247.44,0
ERP-003339,2025-04,Interface,U010,U001,2025-04-21 22:54:10,22,0,-9,553.82,0
ERP-003340,2025-04,Interface,U010,U001,2025-04-23 03:04:26,3,0,-7,-4386.59,1
ERP-003341,2025-04,Manual,U004,U007,2025-04-30 16:21:00,16,0,0,2960.22,0
ERP-003342,2025-04,Recurring,U011,U001,2025-04-19 04:20:05,4,1,-11,2214.07,0
ERP-003343,2025-04,Interface,U010,U001,2025-04-06 22:13:21,22,1,-24,-2434.2,0
ERP-003344,2025-04,Recurring,U011,U001,2025-04-11 04:39:35,4,0,-19,4494.95,0
ERP-003345,2025-04,Manual,U009,U002,2025-04-17 21:07:31,21,0,-13,-1287.28,0
ERP-003346,2025-04,Manual,U009,U005,2025-04-22 12:06:33,12,0,-8,2317.66,0
ERP-003347,2025-04,Interface,U010,U001,2025-04-14 03:51:40,3,0,-16,-1019.69,0
ERP-003348,2025-04,Recurring,U011,U001,2025-04-09 02:51:00,2,0,-21,15918.93,0
ERP-003349,2025-04,Interface,U010,U001,2025-04-22 22:46:55,22,0,-8,1826.23,0
ERP-003350,2025-04,Interface,U010,U001,2025-04-27 22:23:54,22,1,-3,3789.86,0
ERP-003351,2025-04,Recurring,U011,U001,2025-04-01 23:15:35,23,0,-29,10250.65,0
ERP-003352,2025-04,Interface,U010,U001,2025-04-18 03:35:40,3,0,-12,759.23,0
ERP-003353,2025-04,Recurring,U011,U001,2025-04-15 23:37:34,23,0,-15,-710.01,0
ERP-003354,2025-04,Interface,U010,U001,2025-04-09 22:06:47,22,0,-21,2472.15,0
ERP-003355,2025-04,Manual,U009,U005,2025-04-28 00:22:17,0,0,-2,3000.0,0
ERP-003356,2025-04,Interface,U010,U001,2025-04-18 02:20:05,2,0,-12,-182.51,0
ERP-003357,2025-04,Interface,U010,U001,2025-04-30 03:06:49,3,0,0,1162.1,1
ERP-003358,2025-04,Interface,U010,U001,2025-04-28 03:01:29,3,0,-2,1429.93,0
ERP-003359,2025-04,Interface,U010,U001,2025-04-23 22:09:50,22,0,-7,1333.24,0
ERP-003360,2025-04,Interface,U010,U001,2025-04-23 23:47:45,23,0,-7,639.96,0
ERP-003361,2025-04,Manual,U008,U007,2025-04-08 22:14:40,22,0,-22,1854.69,0
ERP-003362,2025-04,Interface,U010,U001,2025-04-18 22:50:54,22,0,-12,2052.28,0
ERP-003363,2025-04,Interface,U010,U001,2025-04-05 23:15:47,23,1,-25,571.69,0
ERP-003364,2025-04,Recurring,U011,U001,2025-04-22 03:27:39,3,0,-8,918.48,0
ERP-003365,2025-04,Interface,U010,U001,2025-04-17 02:58:13,2,0,-13,-493.38,0
ERP-003366,2025-04,Interface,U010,U001,2025-04-26 23:45:53,23,1,-4,761.38,0
ERP-003367,2025-04,Manual,U008,U004,2025-04-26 14:34:06,14,1,-4,4000.0,0
ERP-003368,2025-04,Interface,U010,U001,2025-04-28 03:35:41,3,0,-2,5108.99,0
ERP-003369,2025-04,Recurring,U011,U001,2025-04-16 23:42:58,23,0,-14,-1022.56,0
ERP-003370,2025-04,Interface,U010,U001,2025-04-21 23:38:59,23,0,-9,3748.93,0
ERP-003371,2025-04,Interface,U010,U001,2025-04-04 22:49:07,22,0,-26,299.16,0
ERP-003372,2025-04,Interface,U010,U001,2025-04-19 22:51:02,22,1,-11,1805.75,0
ERP-003373,2025-04,Interface,U010,U001,2025-04-27 02:53:47,2,1,-3,1521.05,0
ERP-003374,2025-04,Recurring,U011,U001,2025-04-14 02:52:38,2,0,-16,-1020.64,0
ERP-003375,2025-04,Interface,U010,U001,2025-04-19 03:25:36,3,1,-11,772.92,0
ERP-003376,2025-04,Interface,U010,U001,2025-04-26 03:10:45,3,1,-4,2665.97,0
ERP-003377,2025-04,Recurring,U011,U001,2025-04-27 04:31:54,4,1,-3,323.59,0
ERP-003378,2025-04,Manual,U003,U008,2025-04-09 11:18:01,11,0,-21,602.02,0
ERP-003379,2025-04,Interface,U010,U001,2025-04-05 23:35:04,23,1,-25,2847.05,0
ERP-003380,2025-04,Interface,U010,U001,2025-04-02 23:22:06,23,0,-28,599.94,0
ERP-003381,2025-04,Interface,U010,U001,2025-04-28 22:57:26,22,0,-2,-5501.42,0
ERP-003382,2025-04,Interface,U010,U001,2025-04-25 04:09:37,4,0,-5,700.04,0
ERP-003383,2025-04,Interface,U010,U001,2025-04-02 03:44:11,3,0,-28,-21075.84,0
ERP-003384,2025-04,Interface,U010,U001,2025-04-06 22:27:03,22,1,-24,-3666.44,0
ERP-003385,2025-04,Interface,U010,U001,2025-04-19 04:13:12,4,1,-11,-646.72,0
ERP-003386,2025-04,Interface,U010,U001,2025-04-02 03:49:50,3,0,-28,3033.75,0
ERP-003387,2025-04,Recurring,U011,U001,2025-04-13 23:22:19,23,1,-17,3858.95,0
ERP-003388,2025-04,Recurring,U011,U001,2025-04-20 22:00:19,22,1,-10,1526.23,0
ERP-003389,2025-04,Interface,U010,U001,2025-04-13 02:12:29,2,1,-17,2206.45,0
ERP-003390,2025-04,Interface,U010,U001,2025-04-11 04:54:54,4,0,-19,2401.11,0
ERP-003391,2025-04,Interface,U010,U001,2025-04-26 04:36:19,4,1,-4,-528.38,0
ERP-003392,2025-04,Recurring,U011,U001,2025-04-05 04:46:47,4,1,-25,-740.93,0
ERP-003393,2025-04,Recurring,U011,U001,2025-04-29 03:45:13,3,0,-1,616.44,0
ERP-003394,2025-04,Interface,U010,U001,2025-04-04 03:52:12,3,0,-26,1176.94,0
ERP-003395,2025-04,Interface,U010,U001,2025-04-30 04:33:11,4,0,0,821.57,0
ERP-003396,2025-04,Recurring,U011,U001,2025-04-29 02:07:31,2,0,-1,676.4,0
ERP-003397,2025-04,Interface,U010,U001,2025-04-14 23:56:57,23,0,-16,-519.1,0
ERP-003398,2025-04,Interface,U010,U001,2025-04-30 03:03:24,3,0,0,810.97,0
ERP-003399,2025-04,Interface,U010,U001,2025-04-11 02:21:14,2,0,-19,-3539.9,0
ERP-003400,2025-04,Interface,U010,U001,2025-04-13 04:46:59,4,1,-17,-925.57,0
ERP-003401,2025-04,Interface,U010,U001,2025-04-24 22:11:52,22,0,-6,-384.4,0
ERP-003402,2025-04,Interface,U010,U001,2025-04-24 03:03:41,3,0,-6,-987.03,0
ERP-003403,2025-04,Manual,U007,U006,2025-04-18 10:29:21,10,0,-12,1461.21,0
ERP-003404,2025-04,Interface,U010,U001,2025-04-15 03:38:09,3,0,-15,-4349.6,1
ERP-003405,2025-04,Interface,U010,U001,2025-04-21 04:25:34,4,0,-9,-989.53,0
ERP-003406,2025-04,Manual,U008,U004,2025-04-21 14:33:21,14,0,-9,5501.68,0
ERP-003407,2025-04,Interface,U010,U001,2025-04-28 02:18:11,2,0,-2,1649.69,0
ERP-003408,2025-04,Manual,U001,U005,2025-04-10 09:31:52,9,0,-20,22933.15,0
ERP-003409,2025-04,Manual,U004,U008,2025-04-02 10:55:01,10,0,-28,-9280.73,0
ERP-003410,2025-04,Manual,U002,U004,2025-04-25 09:11:19,9,0,-5,-2000.0,0
ERP-003411,2025-04,Manual,U009,U003,2025-04-04 00:59:15,0,0,-26,1029.1,0
ERP-003412,2025-04,Interface,U010,U001,2025-04-03 03:41:30,3,0,-27,-8206.78,0
ERP-003413,2025-04,Interface,U010,U001,2025-04-22 02:47:38,2,0,-8,-265.92,0
ERP-003414,2025-04,Interface,U010,U001,2025-04-07 02:47:01,2,0,-23,1477.3,0
ERP-003415,2025-04,Manual,U007,U007,2025-04-05 13:31:47,13,1,-25,-1622.19,0
ERP-003416,2025-04,Recurring,U011,U001,2025-04-21 04:15:46,4,0,-9,-999.18,0
ERP-003417,2025-04,Interface,U010,U001,2025-04-12 03:46:20,3,1,-18,2461.21,0
ERP-003418,2025-04,Interface,U010,U001,2025-04-09 03:26:40,3,0,-21,5417.64,1
ERP-003419,2025-04,Recurring,U011,U001,2025-04-19 03:02:21,3,1,-11,623.71,0
ERP-003420,2025-04,Interface,U010,U001,2025-04-20 23:11:55,23,1,-10,297.8,0
ERP-003421,2025-04,Manual,U007,U007,2025-04-17 12:56:09,12,0,-13,-1419.8,0
ERP-003422,2025-04,Interface,U010,U001,2025-04-26 03:04:08,3,1,-4,-5347.09,0
ERP-003423,2025-04,Interface,U010,U001,2025-04-02 23:44:08,23,0,-28,480.52,0
ERP-003424,2025-04,Manual,U004,U006,2025-04-16 11:33:41,11,0,-14,4864.8,0
ERP-003425,2025-04,Interface,U010,U001,2025-04-11 02:47:19,2,0,-19,2402.47,0
ERP-003426,2025-04,Recurring,U011,U001,2025-04-17 22:52:43,22,0,-13,7073.91,0
ERP-003427,2025-04,Manual,U002,U003,2025-04-23 08:05:53,8,0,-7,7565.4,0
ERP-003428,2025-04,Interface,U010,U001,2025-04-06 03:52:27,3,1,-24,14048.43,1
ERP-003429,2025-04,Interface,U010,U001,2025-04-19 23:31:15,23,1,-11,1947.6,0
ERP-003430,2025-04,Interface,U010,U001,2025-04-19 04:14:54,4,1,-11,924.14,0
ERP-003431,2025-04,Recurring,U011,U001,2025-04-28 22:43:34,22,0,-2,11671.12,1
ERP-003432,2025-04,Interface,U010,U001,2025-04-14 23:22:03,23,0,-16,-3364.01,0
ERP-003433,2025-04,Interface,U010,U001,2025-04-18 23:28:39,23,0,-12,5140.93,0
ERP-003434,2025-04,Interface,U010,U001,2025-04-13 23:11:23,23,1,-17,-504.89,1
ERP-003435,2025-04,Manual,U005,U006,2025-04-06 11:20:46,11,1,-24,3011.2,0
ERP-003436,2025-04,Manual,U005,U001,2025-04-16 15:04:53,15,0,-14,-1124.35,0
ERP-003437,2025-04,Interface,U010,U001,2025-04-22 22:28:29,22,0,-8,-4446.75,0
ERP-003438,2025-04,Manual,U004,U007,2025-04-12 12:45:48,12,1,-18,801.89,0
ERP-003439,2025-04,Manual,U003,U008,2025-04-16 12:47:58,12,0,-14,1349.83,1
ERP-003440,2025-04,Recurring,U011,U001,2025-04-21 04:48:21,4,0,-9,1538.17,0
ERP-003441,2025-04,Manual,U009,U003,2025-04-26 08:17:41,8,1,-4,11457.79,1
ERP-003442,2025-04,Manual,U005,U006,2025-04-06 13:55:15,13,1,-24,168.14,0
ERP-003443,2025-04,Interface,U010,U001,2025-04-24 03:20:16,3,0,-6,1488.91,0
ERP-003444,2025-04,Interface,U010,U001,2025-04-12 03:56:38,3,1,-18,3513.14,0
ERP-003445,2025-04,Interface,U010,U001,2025-04-28 03:49:22,3,0,-2,-2295.42,0
ERP-003446,2025-04,Recurring,U011,U001,2025-04-05 04:28:39,4,1,-25,45868.75,0
ERP-003447,2025-04,Recurring,U011,U001,2025-04-22 02:56:42,2,0,-8,368.11,0
ERP-003448,2025-04,Manual,U006,U002,2025-04-16 11:53:56,11,0,-14,6767.16,0
ERP-003449,2025-04,Interface,U010,U001,2025-04-10 02:02:49,2,0,-20,1668.4,0
ERP-003450,2025-04,Manual,U001,U003,2025-04-05 09:53:28,9,1,-25,3914.5,0
ERP-003451,2025-04,Manual,U007,U006,2025-04-17 09:19:10,9,0,-13,2458.25,0
ERP-003452,2025-04,Recurring,U011,U001,2025-04-14 04:08:48,4,0,-16,1457.94,0
ERP-003453,2025-04,Manual,U002,U007,2025-04-21 15:47:45,15,0,-9,7338.3,0
ERP-003454,2025-04,Interface,U010,U001,2025-04-30 02:59:37,2,0,0,-5833.98,0
ERP-003455,2025-04,Manual,U008,U006,2025-04-14 14:03:02,14,0,-16,4829.25,0
ERP-003456,2025-04,Interface,U010,U001,2025-04-29 22:01:19,22,0,-1,5160.65,0
ERP-003457,2025-04,Manual,U006,U008,2025-04-15 12:50:21,12,0,-15,309.07,0
ERP-003458,2025-04,Interface,U010,U001,2025-04-26 04:21:58,4,1,-4,2369.56,0
ERP-003459,2025-04,Interface,U010,U001,2025-04-12 04:27:46,4,1,-18,1817.24,0
ERP-003460,2025-04,Interface,U010,U001,2025-04-14 03:07:39,3,0,-16,-135.73,0
ERP-003461,2025-04,Interface,U010,U001,2025-04-21 03:09:52,3,0,-9,2328.46,0
ERP-003462,2025-04,Manual,U001,U003,2025-04-03 20:18:33,20,0,-27,1520.29,0
ERP-003463,2025-04,Manual,U009,U003,2025-04-14 12:52:37,12,0,-16,-957.14,0
ERP-003464,2025-04,Interface,U010,U001,2025-04-19 22:18:42,22,1,-11,252.93,0
ERP-003465,2025-04,Interface,U010,U001,2025-04-07 22:20:18,22,0,-23,3009.71,0
ERP-003466,2025-04,Interface,U010,U001,2025-04-11 22:07:34,22,0,-19,2702.81,0
ERP-003467,2025-04,Interface,U010,U001,2025-04-05 22:38:07,22,1,-25,354.01,0
ERP-003468,2025-04,Interface,U010,U001,2025-04-21 23:16:30,23,0,-9,572.35,0
ERP-003469,2025-04,Manual,U007,U005,2025-04-23 09:16:54,9,0,-7,3360.43,0
ERP-003470,2025-04,Recurring,U011,U001,2025-04-23 02:30:56,2,0,-7,631.46,0
ERP-003471,2025-04,Recurring,U011,U001,2025-04-29 04:28:03,4,0,-1,1504.42,0
ERP-003472,2025-04,Manual,U009,U001,2025-04-19 16:36:06,16,1,-11,1216.56,0
ERP-003473,2025-04,Interface,U010,U001,2025-04-11 23:52:10,23,0,-19,8407.73,0
ERP-003474,2025-04,Manual,U009,U003,2025-04-12 13:30:04,13,1,-18,4013.79,0
ERP-003475,2025-04,Manual,U005,U008,2025-04-22 16:31:15,16,0,-8,2072.7,0
ERP-003476,2025-04,Interface,U010,U001,2025-04-30 23:52:57,23,0,0,336.98,0
ERP-003477,2025-04,Interface,U010,U001,2025-04-23 22:04:57,22,0,-7,-3154.79,0
ERP-003478,2025-04,Manual,U001,U007,2025-04-11 14:23:46,14,0,-19,4567.56,0
ERP-003479,2025-04,Interface,U010,U001,2025-04-23 04:12:31,4,0,-7,1287.35,0
ERP-003480,2025-04,Interface,U010,U001,2025-04-06 04:22:31,4,1,-24,-2582.56,0
ERP-003481,2025-04,Manual,U003,U003,2025-04-05 08:10:07,8,1,-25,-867.01,0
ERP-003482,2025-04,Manual,U006,U005,2025-04-19 11:59:01,11,1,-11,1149.62,1
ERP-003483,2025-04,Manual,U005,U008,2025-04-11 17:45:17,17,0,-19,37616.85,0
ERP-003484,2025-04,Interface,U010,U001,2025-04-07 23:28:51,23,0,-23,-865.18,0
ERP-003485,2025-04,Interface,U010,U001,2025-04-18 04:05:58,4,0,-12,1474.84,0
ERP-003486,2025-04,Manual,U009,U008,2025-04-18 13:35:12,13,0,-12,-380.28,0
ERP-003487,2025-04,Interface,U010,U001,2025-04-30 04:07:26,4,0,0,4671.58,0
ERP-003488,2025-04,Manual,U006,U001,2025-04-22 08:34:03,8,0,-8,271.9,0
ERP-003489,2025-04,Recurring,U011,U001,2025-04-20 03:45:01,3,1,-10,1513.7,0
ERP-003490,2025-04,Manual,U005,U003,2025-04-26 10:28:42,10,1,-4,297.65,0
ERP-003491,2025-04,Interface,U010,U001,2025-04-30 03:12:39,3,0,0,1878.13,1
ERP-003492,2025-04,Manual,U003,U007,2025-04-01 17:09:17,17,0,-29,1720.55,0
ERP-003493,2025-04,Interface,U010,U001,2025-04-20 04:11:53,4,1,-10,750.14,0
ERP-003494,2025-04,Interface,U010,U001,2025-04-12 04:12:17,4,1,-18,-423.83,0
ERP-003495,2025-04,Manual,U004,U005,2025-04-14 08:23:50,8,0,-16,755.18,0
ERP-003496,2025-04,Interface,U010,U001,2025-04-01 03:13:41,3,0,-29,8805.21,0
ERP-003497,2025-04,Manual,U008,U002,2025-04-19 17:02:54,17,1,-11,1206.73,0
ERP-003498,2025-04,Interface,U010,U001,2025-04-06 22:36:54,22,1,-24,5202.61,0
ERP-003499,2025-04,Interface,U010,U001,2025-04-27 22:15:51,22,1,-3,-1499.77,0
ERP-003500,2025-04,Interface,U010,U001,2025-04-03 22:15:03,22,0,-27,795.66,0
ERP-003501,2025-04,Recurring,U011,U001,2025-04-15 03:05:48,3,0,-15,615.57,0
ERP-003502,2025-04,Interface,U010,U001,2025-04-30 22:43:55,22,0,0,270.16,0
ERP-003503,2025-04,Interface,U010,U001,2025-04-19 22:27:00,22,1,-11,1354.7,0
ERP-003504,2025-04,Interface,U010,U001,2025-04-16 03:40:36,3,0,-14,-500.95,0
ERP-003505,2025-04,Recurring,U011,U001,2025-04-15 02:13:40,2,0,-15,4755.66,0
ERP-003506,2025-04,Recurring,U011,U001,2025-04-15 22:56:37,22,0,-15,-7149.45,0
ERP-003507,2025-04,Recurring,U011,U001,2025-04-28 22:55:04,22,0,-2,-3412.95,0
ERP-003508,2025-04,Interface,U010,U001,2025-04-22 04:39:30,4,0,-8,114.58,0
ERP-003509,2025-04,Interface,U010,U001,2025-04-02 02:10:20,2,0,-28,-593.56,0
ERP-003510,2025-04,Manual,U009,U006,2025-04-08 10:04:08,10,0,-22,405.35,0
ERP-003511,2025-04,Interface,U010,U001,2025-04-18 04:24:28,4,0,-12,-3471.62,0
ERP-003512,2025-04,Recurring,U011,U001,2025-04-01 03:31:51,3,0,-29,6398.66,0
ERP-003513,2025-04,Interface,U010,U001,2025-04-07 04:07:36,4,0,-23,308.6,0
ERP-003514,2025-04,Interface,U010,U001,2025-04-04 03:21:20,3,0,-26,-13057.82,0
ERP-003515,2025-04,Recurring,U011,U001,2025-04-11 03:16:39,3,0,-19,2937.62,0
ERP-003516,2025-04,Interface,U010,U001,2025-04-26 22:48:21,22,1,-4,1173.26,0
ERP-003517,2025-04,Recurring,U011,U001,2025-04-12 03:38:05,3,1,-18,1042.29,0
ERP-003518,2025-04,Manual,U007,U007,2025-04-15 12:33:16,12,0,-15,-13354.34,0
ERP-003519,2025-04,Manual,U004,U002,2025-04-15 11:29:03,11,0,-15,-2886.49,0
ERP-003520,2025-04,Interface,U010,U001,2025-04-04 03:34:15,3,0,-26,-1474.44,0
ERP-003521,2025-04,Interface,U010,U001,2025-04-21 04:15:19,4,0,-9,7693.96,0
ERP-003522,2025-04,Interface,U010,U001,2025-04-10 04:15:20,4,0,-20,1213.32,0
ERP-003523,2025-04,Manual,U009,U001,2025-04-05 16:04:27,16,1,-25,551.44,0
ERP-003524,2025-04,Interface,U010,U001,2025-04-28 03:31:55,3,0,-2,-2024.89,0
ERP-003525,2025-04,Interface,U010,U001,2025-04-15 23:41:31,23,0,-15,1378.47,0
ERP-003526,2025-04,Interface,U010,U001,2025-04-11 03:46:59,3,0,-19,1272.59,0
ERP-003527,2025-04,Interface,U010,U001,2025-04-01 02:41:51,2,0,-29,1052.32,0
ERP-003528,2025-04,Manual,U001,U002,2025-04-27 12:08:43,12,1,-3,-2780.5,0
ERP-003529,2025-04,Interface,U010,U001,2025-04-22 02:36:34,2,0,-8,1759.76,0
ERP-003530,2025-04,Manual,U005,U003,2025-04-12 10:24:04,10,1,-18,4184.66,0
ERP-003531,2025-04,Interface,U010,U001,2025-04-06 02:28:24,2,1,-24,12512.65,0
ERP-003532,2025-04,Recurring,U011,U001,2025-04-25 04:25:04,4,0,-5,300.4,0
ERP-003533,2025-04,Interface,U010,U001,2025-04-26 04:44:36,4,1,-4,1317.61,0
ERP-003534,2025-04,Interface,U010,U001,2025-04-07 03:52:29,3,0,-23,316.8,0
ERP-003535,2025-04,Interface,U010,U001,2025-04-04 22:59:07,22,0,-26,-2661.19,0
ERP-003536,2025-04,Manual,U001,U002,2025-04-22 05:06:57,5,0,-8,-6318.28,0
ERP-003537,2025-04,Manual,U006,U004,2025-04-05 12:58:51,12,1,-25,103.39,0
ERP-003538,2025-04,Manual,U008,U004,2025-04-20 13:08:56,13,1,-10,1445.17,0
ERP-003539,2025-04,Interface,U010,U001,2025-04-29 03:14:24,3,0,-1,-1170.67,0
ERP-003540,2025-04,Interface,U010,U001,2025-04-22 02:08:26,2,0,-8,-4460.86,0
ERP-003541,2025-04,Recurring,U011,U001,2025-04-09 03:01:57,3,0,-21,227.4,0
ERP-003542,2025-04,Interface,U010,U001,2025-04-07 04:26:35,4,0,-23,310.93,0
ERP-003543,2025-04,Recurring,U011,U001,2025-04-25 03:42:54,3,0,-5,768.74,1
ERP-003544,2025-04,Manual,U005,U006,2025-04-05 12:00:37,12,1,-25,288.07,0
ERP-003545,2025-04,Manual,U007,U007,2025-04-17 14:50:49,14,0,-13,4975.52,0
ERP-003546,2025-04,Interface,U010,U001,2025-04-30 22:53:06,22,0,0,-1218.2,0
ERP-003547,2025-04,Manual,U008,U006,2025-04-04 14:23:54,14,0,-26,-1809.93,0
ERP-003548,2025-04,Interface,U010,U001,2025-04-20 02:56:20,2,1,-10,2521.34,0
ERP-003549,2025-04,Manual,U001,U001,2025-04-12 14:31:28,14,1,-18,3996.13,0
ERP-003550,2025-04,Manual,U003,U003,2025-04-28 11:19:59,11,0,-2,-18839.24,0
ERP-003551,2025-04,Interface,U010,U001,2025-04-03 23:15:00,23,0,-27,11073.69,0
ERP-003552,2025-04,Interface,U010,U001,2025-04-11 23:21:06,23,0,-19,-439.88,1
ERP-003553,2025-04,Manual,U006,U001,2025-04-04 16:06:23,16,0,-26,-198.94,0
ERP-003554,2025-04,Manual,U003,U006,2025-04-02 12:21:06,12,0,-28,-3357.55,0
ERP-003555,2025-04,Recurring,U011,U001,2025-04-15 03:05:56,3,0,-15,-615.3,0
ERP-003556,2025-04,Recurring,U011,U001,2025-04-29 03:16:30,3,0,-1,1754.13,0
ERP-003557,2025-04,Interface,U010,U001,2025-04-21 04:25:59,4,0,-9,2282.22,0
ERP-003558,2025-04,Manual,U006,U005,2025-04-12 14:28:49,14,1,-18,925.7,0
ERP-003559,2025-04,Recurring,U011,U001,2025-04-19 03:37:45,3,1,-11,344.44,0
ERP-003560,2025-04,Interface,U010,U001,2025-04-26 04:44:45,4,1,-4,-1820.77,0
ERP-003561,2025-04,Manual,U005,U004,2025-04-29 14:25:20,14,0,-1,3012.72,0
ERP-003562,2025-04,Manual,U007,U006,2025-04-09 10:46:58,10,0,-21,386.27,0
ERP-003563,2025-04,Recurring,U011,U001,2025-04-03 02:09:19,2,0,-27,899.78,0
ERP-003564,2025-04,Interface,U010,U001,2025-04-07 04:35:21,4,0,-23,4006.83,0
ERP-003565,2025-04,Manual,U006,U007,2025-04-09 14:58:42,14,0,-21,-9651.13,0
ERP-003566,2025-04,Manual,U005,U005,2025-04-04 16:42:00,16,0,-26,1538.71,0
ERP-003567,2025-04,Recurring,U011,U001,2025-04-07 23:11:17,23,0,-23,279.55,0
ERP-003568,2025-04,Interface,U010,U001,2025-04-24 04:31:03,4,0,-6,290.02,0
ERP-003569,2025-04,Interface,U010,U001,2025-04-15 02:29:15,2,0,-15,-7344.08,0
ERP-003570,2025-04,Interface,U010,U001,2025-04-10 23:54:09,23,0,-20,130.51,0
ERP-003571,2025-04,Interface,U010,U001,2025-04-06 04:41:56,4,1,-24,809.67,0
ERP-003572,2025-04,Interface,U010,U001,2025-04-13 22:40:17,22,1,-17,-529.86,0
ERP-003573,2025-04,Interface,U010,U001,2025-04-12 02:09:40,2,1,-18,10434.91,0
ERP-003574,2025-04,Manual,U001,U001,2025-04-21 15:16:15,15,0,-9,4942.51,0
ERP-003575,2025-04,Recurring,U011,U001,2025-04-19 02:03:55,2,1,-11,2112.58,0
ERP-003576,2025-04,Interface,U010,U001,2025-04-12 22:21:24,22,1,-18,3782.64,0
ERP-003577,2025-04,Manual,U007,U002,2025-04-08 17:14:01,17,0,-22,9960.51,0
ERP-003578,2025-04,Manual,U006,U002,2025-04-01 10:51:26,10,0,-29,2680.1,0
ERP-003579,2025-04,Manual,U002,U005,2025-04-09 12:11:30,12,0,-21,951.25,0
ERP-003580,2025-04,Interface,U010,U001,2025-04-24 03:37:39,3,0,-6,-1570.06,1
ERP-003581,2025-04,Recurring,U011,U001,2025-04-21 02:52:20,2,0,-9,825.06,0
ERP-003582,2025-04,Recurring,U011,U001,2025-04-05 04:25:17,4,1,-25,2003.58,0
ERP-003583,2025-04,Interface,U010,U001,2025-04-23 23:00:54,23,0,-7,36185.3,0
ERP-003584,2025-04,Interface,U010,U001,2025-04-17 03:49:52,3,0,-13,633.98,0
ERP-003585,2025-04,Interface,U010,U001,2025-04-01 02:49:04,2,0,-29,-1163.17,0
ERP-003586,2025-04,Manual,U005,U001,2025-04-29 17:16:55,17,0,-1,-2382.33,0
ERP-003587,2025-04,Interface,U010,U001,2025-04-25 22:20:49,22,0,-5,1071.12,0
ERP-003588,2025-04,Interface,U010,U001,2025-04-01 23:15:14,23,0,-29,672.6,0
ERP-003589,2025-04,Manual,U007,U007,2025-04-18 15:52:08,15,0,-12,2216.59,0
ERP-003590,2025-04,Manual,U008,U007,2025-04-08 14:17:11,14,0,-22,7323.35,0
ERP-003591,2025-04,Manual,U003,U001,2025-04-12 16:08:00,16,1,-18,-2299.98,0
ERP-003592,2025-04,Interface,U010,U001,2025-04-06 02:38:13,2,1,-24,1908.77,0
ERP-003593,2025-04,Recurring,U011,U001,2025-04-04 23:37:55,23,0,-26,7673.96,0
ERP-003594,2025-04,Recurring,U011,U001,2025-04-16 23:37:59,23,0,-14,-9016.3,0
ERP-003595,2025-04,Recurring,U011,U001,2025-04-16 22:12:46,22,0,-14,-1090.2,0
ERP-003596,2025-04,Manual,U007,U007,2025-04-22 12:03:02,12,0,-8,-507.88,0
ERP-003597,2025-04,Manual,U008,U002,2025-04-20 10:18:45,10,1,-10,3692.83,0
ERP-003598,2025-04,Manual,U005,U003,2025-04-10 10:04:37,10,0,-20,1421.51,0
ERP-003599,2025-04,Interface,U010,U001,2025-04-10 04:43:42,4,0,-20,3279.32,0
ERP-003600,2025-04,Recurring,U011,U001,2025-04-01 23:23:19,23,0,-29,1413.39,0
ERP-003601,2025-05,Manual,U006,U007,2025-05-25 16:22:44,16,1,-6,782.87,0
ERP-003602,2025-05,Interface,U010,U001,2025-05-31 03:47:15,3,1,0,-282.47,0
ERP-003603,2025-05,Manual,U005,U006,2025-05-31 20:32:32,20,1,0,519.67,0
ERP-003604,2025-05,Interface,U010,U001,2025-05-16 22:57:57,22,0,-15,-394.58,0
ERP-003605,2025-05,Interface,U010,U001,2025-05-06 22:46:42,22,0,-25,630.05,0
ERP-003606,2025-05,Interface,U010,U001,2025-05-27 03:52:05,3,0,-4,3749.78,0
ERP-003607,2025-05,Interface,U010,U001,2025-05-11 04:39:52,4,1,-20,350.05,0
ERP-003608,2025-05,Interface,U010,U001,2025-05-13 02:27:19,2,0,-18,-538.31,0
ERP-003609,2025-05,Interface,U010,U001,2025-05-11 22:02:43,22,1,-20,4236.55,0
ERP-003610,2025-05,Interface,U010,U001,2025-05-06 03:07:16,3,0,-25,951.48,0
ERP-003611,2025-05,Recurring,U011,U001,2025-05-29 04:50:57,4,0,-2,4032.82,0
ERP-003612,2025-05,Interface,U010,U001,2025-05-21 22:01:43,22,0,-10,746.33,0
ERP-003613,2025-05,Interface,U010,U001,2025-05-21 22:41:14,22,0,-10,529.94,0
ERP-003614,2025-05,Interface,U010,U001,2025-05-02 04:43:48,4,0,-29,-5848.38,0
ERP-003615,2025-05,Interface,U010,U001,2025-05-14 03:24:45,3,0,-17,391.78,0
ERP-003616,2025-05,Interface,U010,U001,2025-05-26 02:34:42,2,0,-5,2304.14,0
ERP-003617,2025-05,Interface,U010,U001,2025-05-25 02:07:25,2,1,-6,-2220.96,0
ERP-003618,2025-05,Interface,U010,U001,2025-05-30 04:10:27,4,0,-1,-8634.75,0
ERP-003619,2025-05,Interface,U010,U001,2025-05-10 23:24:28,23,1,-21,3090.55,0
ERP-003620,2025-05,Interface,U010,U001,2025-05-19 02:51:53,2,0,-12,618.12,0
ERP-003621,2025-05,Manual,U002,U001,2025-05-08 08:20:25,8,0,-23,466.64,0
ERP-003622,2025-05,Recurring,U011,U001,2025-05-27 23:30:44,23,0,-4,-1000.98,0
ERP-003623,2025-05,Interface,U010,U001,2025-05-09 22:34:08,22,0,-22,728.53,0
ERP-003624,2025-05,Manual,U002,U008,2025-05-03 22:18:07,22,1,-28,496.37,0
ERP-003625,2025-05,Manual,U007,U008,2025-05-16 08:49:11,8,0,-15,1066.73,0
ERP-003626,2025-05,Manual,U003,U008,2025-05-18 12:26:04,12,1,-13,1093.88,0
ERP-003627,2025-05,Interface,U010,U001,2025-05-09 22:08:03,22,0,-22,3414.78,0
ERP-003628,2025-05,Interface,U010,U001,2025-05-17 23:56:41,23,1,-14,1741.64,0
ERP-003629,2025-05,Interface,U010,U001,2025-05-29 03:40:08,3,0,-2,-3653.63,0
ERP-003630,2025-05,Interface,U010,U001,2025-05-21 23:10:03,23,0,-10,1820.53,0
ERP-003631,2025-05,Interface,U010,U001,2025-05-13 22:11:45,22,0,-18,610.8,0
ERP-003632,2025-05,Manual,U002,U004,2025-05-02 23:56:53,23,0,-29,2203.56,0
ERP-003633,2025-05,Recurring,U011,U001,2025-05-03 04:44:12,4,1,-28,1396.51,0
ERP-003634,2025-05,Interface,U010,U001,2025-05-10 22:53:17,22,1,-21,564.64,0
ERP-003635,2025-05,Interface,U010,U001,2025-05-09 02:39:50,2,0,-22,3867.58,0
ERP-003636,2025-05,Interface,U010,U001,2025-05-12 03:46:49,3,0,-19,155.44,0
ERP-003637,2025-05,Manual,U003,U003,2025-05-07 11:05:24,11,0,-24,7045.98,0
ERP-003638,2025-05,Recurring,U011,U001,2025-05-13 23:14:52,23,0,-18,1919.06,0
ERP-003639,2025-05,Interface,U010,U001,2025-05-08 03:35:05,3,0,-23,1481.98,0
ERP-003640,2025-05,Interface,U010,U001,2025-05-18 03:10:36,3,1,-13,332.03,0
ERP-003641,2025-05,Manual,U008,U004,2025-05-05 12:46:55,12,0,-26,1383.01,0
ERP-003642,2025-05,Interface,U010,U001,2025-05-16 03:03:29,3,0,-15,8479.96,0
ERP-003643,2025-05,Interface,U010,U001,2025-05-02 22:33:31,22,0,-29,2105.22,0
ERP-003644,2025-05,Interface,U010,U001,2025-05-23 02:42:18,2,0,-8,-1725.45,0
ERP-003645,2025-05,Manual,U007,U005,2025-05-21 13:34:53,13,0,-10,2285.78,0
ERP-003646,2025-05,Manual,U002,U005,2025-05-02 00:57:03,0,0,-29,147.34,0
ERP-003647,2025-05,Interface,U010,U001,2025-05-29 02:09:35,2,0,-2,426.83,0
ERP-003648,2025-05,Manual,U007,U007,2025-05-11 14:40:49,14,1,-20,2460.02,0
ERP-003649,2025-05,Recurring,U011,U001,2025-05-10 02:41:28,2,1,-21,1102.31,0
ERP-003650,2025-05,Manual,U006,U004,2025-05-29 14:25:38,14,0,-2,2082.22,0
ERP-003651,2025-05,Interface,U010,U001,2025-05-22 23:06:22,23,0,-9,-2038.18,0
ERP-003652,2025-05,Interface,U010,U001,2025-05-18 04:23:05,4,1,-13,-5732.32,0
ERP-003653,2025-05,Manual,U009,U001,2025-05-04 14:17:09,14,1,-27,1112.89,0
ERP-003654,2025-05,Interface,U010,U001,2025-05-02 03:36:02,3,0,-29,911.53,0
ERP-003655,2025-05,Manual,U003,U006,2025-05-21 12:57:26,12,0,-10,6015.55,0
ERP-003656,2025-05,Recurring,U011,U001,2025-05-09 03:54:44,3,0,-22,-730.37,0
ERP-003657,2025-05,Recurring,U011,U001,2025-05-29 23:38:15,23,0,-2,1636.65,0
ERP-003658,2025-05,Interface,U010,U001,2025-05-25 02:28:57,2,1,-6,2192.15,0
ERP-003659,2025-05,Interface,U010,U001,2025-05-28 22:59:55,22,0,-3,-1574.52,0
ERP-003660,2025-05,Interface,U010,U001,2025-05-17 22:03:10,22,1,-14,5691.33,0
ERP-003661,2025-05,Interface,U010,U001,2025-05-15 23:20:08,23,0,-16,1057.26,0
ERP-003662,2025-05,Interface,U010,U001,2025-05-30 04:41:16,4,0,-1,761.67,0
ERP-003663,2025-05,Interface,U010,U001,2025-05-06 02:52:34,2,0,-25,-1109.12,0
ERP-003664,2025-05,Interface,U010,U001,2025-05-04 02:26:43,2,1,-27,3959.61,0
ERP-003665,2025-05,Interface,U010,U001,2025-05-29 04:04:37,4,0,-2,4389.44,0
ERP-003666,2025-05,Interface,U010,U001,2025-05-12 02:42:02,2,0,-19,4352.61,0
ERP-003667,2025-05,Recurring,U011,U001,2025-05-06 04:22:05,4,0,-25,-1426.67,0
ERP-003668,2025-05,Recurring,U011,U001,2025-05-15 03:50:21,3,0,-16,624.75,0
ERP-003669,2025-05,Interface,U010,U001,2025-05-14 23:29:02,23,0,-17,-423.08,0
ERP-003670,2025-05,Manual,U007,U006,2025-05-29 21:59:56,21,0,-2,-2574.6,0
ERP-003671,2025-05,Interface,U010,U001,2025-05-04 22:13:10,22,1,-27,6055.23,0
ERP-003672,2025-05,Interface,U010,U001,2025-05-01 02:27:50,2,0,-30,133.04,1
ERP-003673,2025-05,Recurring,U011,U001,2025-05-18 22:24:51,22,1,-13,-4677.56,0
ERP-003674,2025-05,Manual,U002,U003,2025-05-02 17:49:14,17,0,-29,380.08,0
ERP-003675,2025-05,Manual,U001,U007,2025-05-17 09:11:20,9,1,-14,2037.93,0
ERP-003676,2025-05,Recurring,U011,U001,2025-05-05 22:52:04,22,0,-26,1516.91,0
ERP-003677,2025-05,Interface,U010,U001,2025-05-16 03:13:47,3,0,-15,8300.35,0
ERP-003678,2025-05,Interface,U010,U001,2025-05-09 03:24:15,3,0,-22,-454.51,0
ERP-003679,2025-05,Interface,U010,U001,2025-05-03 04:54:50,4,1,-28,1534.84,0
ERP-003680,2025-05,Manual,U005,U002,2025-05-22 13:41:06,13,0,-9,-890.8,0
ERP-003681,2025-05,Interface,U010,U001,2025-05-09 03:22:42,3,0,-22,1852.47,0
ERP-003682,2025-05,Interface,U010,U001,2025-05-27 03:41:30,3,0,-4,-659.28,0
ERP-003683,2025-05,Recurring,U011,U001,2025-05-14 02:59:52,2,0,-17,785.95,0
ERP-003684,2025-05,Manual,U005,U003,2025-05-24 14:42:31,14,1,-7,-1016.78,0
ERP-003685,2025-05,Interface,U010,U001,2025-05-16 03:59:31,3,0,-15,4439.5,0
ERP-003686,2025-05,Interface,U010,U001,2025-05-18 02:36:16,2,1,-13,413.11,0
ERP-003687,2025-05,Interface,U010,U001,2025-05-09 22:20:50,22,0,-22,1368.42,0
ERP-003688,2025-05,Interface,U010,U001,2025-05-27 23:14:20,23,0,-4,17488.27,0
ERP-003689,2025-05,Interface,U010,U001,2025-05-26 23:12:38,23,0,-5,1305.49,0
ERP-003690,2025-05,Interface,U010,U001,2025-05-07 04:07:09,4,0,-24,143.12,0
ERP-003691,2025-05,Recurring,U011,U001,2025-05-02 03:02:29,3,0,-29,2100.56,0
ERP-003692,2025-05,Interface,U010,U001,2025-05-26 04:35:07,4,0,-5,-4908.94,0
ERP-003693,2025-05,Manual,U003,U003,2025-05-24 09:50:15,9,1,-7,260.2,0
ERP-003694,2025-05,Interface,U010,U001,2025-05-10 03:31:42,3,1,-21,1155.13,0
ERP-003695,2025-05,Manual,U004,U002,2025-05-31 09:48:02,9,1,0,-2366.58,0
ERP-003696,2025-05,Recurring,U011,U001,2025-05-06 02:31:03,2,0,-25,1369.24,0
ERP-003697,2025-05,Recurring,U011,U001,2025-05-01 22:58:35,22,0,-30,3562.24,0
ERP-003698,2025-05,Interface,U010,U001,2025-05-25 03:02:14,3,1,-6,3804.56,0
ERP-003699,2025-05,Recurring,U011,U001,2025-05-31 04:13:47,4,1,0,2267.72,0
ERP-003700,2025-05,Interface,U010,U001,2025-05-08 02:50:40,2,0,-23,-207.11,0
ERP-003701,2025-05,Interface,U010,U001,2025-05-13 22:00:17,22,0,-18,3241.25,0
ERP-003702,2025-05,Manual,U003,U006,2025-05-13 08:00:24,8,0,-18,618.82,0
ERP-003703,2025-05,Recurring,U011,U001,2025-05-16 22:29:21,22,0,-15,2382.51,0
ERP-003704,2025-05,Manual,U009,U006,2025-05-17 12:53:50,12,1,-14,149.45,0
ERP-003705,2025-05,Recurring,U011,U001,2025-05-28 22:20:53,22,0,-3,-2845.96,0
ERP-003706,2025-05,Manual,U004,U006,2025-05-03 09:50:11,9,1,-28,4212.13,0
ERP-003707,2025-05,Interface,U010,U001,2025-05-11 23:42:54,23,1,-20,4873.52,0
ERP-003708,2025-05,Recurring,U011,U001,2025-05-14 22:08:18,22,0,-17,2112.47,0
ERP-003709,2025-05,Interface,U010,U001,2025-05-13 03:47:55,3,0,-18,-1243.49,0
ERP-003710,2025-05,Recurring,U011,U001,2025-05-23 22:02:49,22,0,-8,1134.45,0
ERP-003711,2025-05,Interface,U010,U001,2025-05-20 02:06:01,2,0,-11,600.37,0
ERP-003712,2025-05,Recurring,U011,U001,2025-05-09 02:16:21,2,0,-22,5422.48,0
ERP-003713,2025-05,Interface,U010,U001,2025-05-31 22:23:31,22,1,0,-624.19,0
ERP-003714,2025-05,Interface,U010,U001,2025-05-07 04:18:49,4,0,-24,466.54,0
ERP-003715,2025-05,Interface,U010,U001,2025-05-13 22:12:22,22,0,-18,1614.01,0
ERP-003716,2025-05,Manual,U005,U007,2025-05-20 11:46:21,11,0,-11,2906.82,0
ERP-003717,2025-05,Interface,U010,U001,2025-05-30 02:46:29,2,0,-1,-468.39,0
ERP-003718,2025-05,Interface,U010,U001,2025-05-12 22:59:34,22,0,-19,1445.57,0
ERP-003719,2025-05,Manual,U003,U003,2025-05-20 11:19:59,11,0,-11,571.19,0
ERP-003720,2025-05,Manual,U001,U006,2025-05-05 10:27:04,10,0,-26,770.47,0
ERP-003721,2025-05,Interface,U010,U001,2025-05-31 03:06:30,3,1,0,459.54,0
ERP-003722,2025-05,Interface,U010,U001,2025-05-07 02:54:17,2,0,-24,1076.8,0
ERP-003723,2025-05,Interface,U010,U001,2025-05-12 22:41:53,22,0,-19,-1153.28,0
ERP-003724,2025-05,Interface,U010,U001,2025-05-15 04:21:45,4,0,-16,1911.16,0
ERP-003725,2025-05,Interface,U010,U001,2025-05-22 22:33:07,22,0,-9,27347.42,0
ERP-003726,2025-05,Recurring,U011,U001,2025-05-07 02:44:35,2,0,-24,468.57,0
ERP-003727,2025-05,Interface,U010,U001,2025-05-13 02:41:06,2,0,-18,-3143.0,0
ERP-003728,2025-05,Interface,U010,U001,2025-05-27 04:04:10,4,0,-4,2005.21,0
ERP-003729,2025-05,Recurring,U011,U001,2025-05-17 23:36:39,23,1,-14,11488.02,1
ERP-003730,2025-05,Manual,U001,U005,2025-05-22 13:27:46,13,0,-9,3073.22,0
ERP-003731,2025-05,Manual,U001,U004,2025-05-24 06:39:31,6,1,-7,14849.35,0
ERP-003732,2025-05,Interface,U010,U001,2025-05-28 02:20:51,2,0,-3,-4256.08,0
ERP-003733,2025-05,Interface,U010,U001,2025-05-07 03:26:31,3,0,-24,5671.09,0
ERP-003734,2025-05,Interface,U010,U001,2025-05-07 23:51:30,23,0,-24,1446.1,0
ERP-003735,2025-05,Interface,U010,U001,2025-05-03 02:46:15,2,1,-28,-1903.34,0
ERP-003736,2025-05,Interface,U010,U001,2025-05-16 22:40:52,22,0,-15,884.99,0
ERP-003737,2025-05,Interface,U010,U001,2025-05-14 03:01:10,3,0,-17,18547.63,0
ERP-003738,2025-05,Manual,U009,U004,2025-05-24 09:05:08,9,1,-7,3822.26,0
ERP-003739,2025-05,Interface,U010,U001,2025-05-01 22:16:12,22,0,-30,17237.13,0
ERP-003740,2025-05,Interface,U010,U001,2025-05-19 04:40:45,4,0,-12,5220.73,0
ERP-003741,2025-05,Interface,U010,U001,2025-05-07 04:32:11,4,0,-24,834.03,0
ERP-003742,2025-05,Interface,U010,U001,2025-05-27 22:47:46,22,0,-4,33668.49,0
ERP-003743,2025-05,Manual,U009,U003,2025-05-19 11:37:07,11,0,-12,-6615.76,0
ERP-003744,2025-05,Interface,U010,U001,2025-05-08 23:14:42,23,0,-23,3772.17,0
ERP-003745,2025-05,Interface,U010,U001,2025-05-08 23:00:44,23,0,-23,4629.65,0
ERP-003746,2025-05,Interface,U010,U001,2025-05-13 04:12:03,4,0,-18,555.7,0
ERP-003747,2025-05,Interface,U010,U001,2025-05-09 23:51:10,23,0,-22,1084.15,0
ERP-003748,2025-05,Interface,U010,U001,2025-05-27 03:28:30,3,0,-4,2544.94,0
ERP-003749,2025-05,Interface,U010,U001,2025-05-11 22:44:45,22,1,-20,420.17,0
ERP-003750,2025-05,Recurring,U011,U001,2025-05-12 22:03:08,22,0,-19,7753.42,0
ERP-003751,2025-05,Interface,U010,U001,2025-05-24 02:18:23,2,1,-7,1745.66,0
ERP-003752,2025-05,Interface,U010,U001,2025-05-11 22:00:43,22,1,-20,-4268.17,0
ERP-003753,2025-05,Manual,U002,U008,2025-05-16 17:11:35,17,0,-15,3030.59,0
ERP-003754,2025-05,Manual,U003,U002,2025-05-11 16:08:06,16,1,-20,2922.48,0
ERP-003755,2025-05,Interface,U010,U001,2025-05-15 04:11:44,4,0,-16,-398.09,0
ERP-003756,2025-05,Interface,U010,U001,2025-05-15 03:57:46,3,0,-16,1582.6,0
ERP-003757,2025-05,Interface,U010,U001,2025-05-21 03:27:37,3,0,-10,2423.07,0
ERP-003758,2025-05,Manual,U009,U003,2025-05-03 10:05:31,10,1,-28,4863.1,0
ERP-003759,2025-05,Recurring,U011,U001,2025-05-07 02:14:29,2,0,-24,-6817.48,0
ERP-003760,2025-05,Manual,U007,U004,2025-05-17 12:24:58,12,1,-14,-1277.42,0
ERP-003761,2025-05,Manual,U005,U006,2025-05-09 13:18:03,13,0,-22,-2878.88,0
ERP-003762,2025-05,Recurring,U011,U001,2025-05-24 03:40:39,3,1,-7,3373.21,0
ERP-003763,2025-05,Interface,U010,U001,2025-05-29 04:46:09,4,0,-2,-1707.69,0
ERP-003764,2025-05,Recurring,U011,U001,2025-05-16 02:46:29,2,0,-15,-2441.62,0
ERP-003765,2025-05,Recurring,U011,U001,2025-05-08 23:29:30,23,0,-23,1513.18,0
ERP-003766,2025-05,Interface,U010,U001,2025-05-15 22:04:21,22,0,-16,-1205.47,1
ERP-003767,2025-05,Interface,U010,U001,2025-05-09 22:17:47,22,0,-22,-96.4,0
ERP-003768,2025-05,Manual,U001,U003,2025-05-12 14:12:42,14,0,-19,598.67,0
ERP-003769,2025-05,Recurring,U011,U001,2025-05-13 03:56:38,3,0,-18,1086.45,0
ERP-003770,2025-05,Interface,U010,U001,2025-05-12 23:34:36,23,0,-19,1427.55,0
ERP-003771,2025-05,Manual,U001,U005,2025-05-21 13:45:32,13,0,-10,-1300.8,0
ERP-003772,2025-05,Interface,U010,U001,2025-05-14 03:09:56,3,0,-17,-1610.17,0
ERP-003773,2025-05,Manual,U002,U001,2025-05-02 14:49:25,14,0,-29,64.8,0
ERP-003774,2025-05,Manual,U005,U002,2025-05-20 08:21:40,8,0,-11,-2128.24,0
ERP-003775,2025-05,Interface,U010,U001,2025-05-14 22:39:31,22,0,-17,3942.17,0
ERP-003776,2025-05,Interface,U010,U001,2025-05-22 23:55:20,23,0,-9,-125.62,0
ERP-003777,2025-05,Manual,U006,U002,2025-05-27 11:09:06,11,0,-4,-11562.1,0
ERP-003778,2025-05,Manual,U002,U003,2025-05-27 14:45:21,14,0,-4,887.16,0
ERP-003779,2025-05,Manual,U008,U005,2025-05-23 13:11:20,13,0,-8,2794.85,0
ERP-003780,2025-05,Recurring,U011,U001,2025-05-11 22:20:05,22,1,-20,412.29,0
ERP-003781,2025-05,Manual,U004,U002,2025-05-18 10:46:48,10,1,-13,-253.24,0
ERP-003782,2025-05,Interface,U010,U001,2025-05-22 23:54:54,23,0,-9,968.5,0
ERP-003783,2025-05,Interface,U010,U001,2025-05-22 02:32:19,2,0,-9,3142.1,0
ERP-003784,2025-05,Recurring,U011,U001,2025-05-18 02:21:44,2,1,-13,667.53,0
ERP-003785,2025-05,Recurring,U011,U001,2025-05-23 03:44:23,3,0,-8,1585.81,0
ERP-003786,2025-05,Interface,U010,U001,2025-05-14 04:15:49,4,0,-17,1744.1,0
ERP-003787,2025-05,Interface,U010,U001,2025-05-06 23:51:24,23,0,-25,720.03,0
ERP-003788,2025-05,Interface,U010,U001,2025-05-13 22:57:00,22,0,-18,-1859.22,0
ERP-003789,2025-05,Manual,U008,U003,2025-05-04 09:07:27,9,1,-27,565.11,0
ERP-003790,2025-05,Recurring,U011,U001,2025-05-04 23:30:42,23,1,-27,278.31,0
ERP-003791,2025-05,Manual,U001,U003,2025-05-17 16:28:08,16,1,-14,-823.1,0
ERP-003792,2025-05,Recurring,U011,U001,2025-05-19 23:33:41,23,0,-12,5406.83,0
ERP-003793,2025-05,Interface,U010,U001,2025-05-14 04:29:49,4,0,-17,1746.87,0
ERP-003794,2025-05,Manual,U004,U006,2025-05-28 05:42:50,5,0,-3,388.0,0
ERP-003795,2025-05,Manual,U006,U004,2025-05-05 17:13:31,17,0,-26,690.9,0
ERP-003796,2025-05,Interface,U010,U001,2025-05-19 03:19:10,3,0,-12,1228.16,0
ERP-003797,2025-05,Manual,U008,U004,2025-05-28 13:53:59,13,0,-3,1864.46,0
ERP-003798,2025-05,Interface,U010,U001,2025-05-14 22:20:25,22,0,-17,1103.28,0
ERP-003799,2025-05,Interface,U010,U001,2025-05-14 22:08:36,22,0,-17,1769.57,0
ERP-003800,2025-05,Recurring,U011,U001,2025-05-15 02:33:02,2,0,-16,1637.79,0
ERP-003801,2025-05,Manual,U009,U008,2025-05-13 13:24:52,13,0,-18,10365.82,0
ERP-003802,2025-05,Manual,U009,U008,2025-05-11 10:02:48,10,1,-20,1127.19,0
ERP-003803,2025-05,Manual,U007,U002,2025-05-09 16:41:35,16,0,-22,-571.25,0
ERP-003804,2025-05,Recurring,U011,U001,2025-05-14 22:44:01,22,0,-17,1175.09,0
ERP-003805,2025-05,Interface,U010,U001,2025-05-23 22:14:25,22,0,-8,548.62,0
ERP-003806,2025-05,Interface,U010,U001,2025-05-27 03:02:56,3,0,-4,-8320.15,0
ERP-003807,2025-05,Recurring,U011,U001,2025-05-13 04:56:27,4,0,-18,-555.95,0
ERP-003808,2025-05,Interface,U010,U001,2025-05-06 22:47:56,22,0,-25,3091.27,0
ERP-003809,2025-05,Interface,U010,U001,2025-05-15 23:25:35,23,0,-16,3495.29,0
ERP-003810,2025-05,Recurring,U011,U001,2025-05-09 22:37:51,22,0,-22,3337.51,0
ERP-003811,2025-05,Manual,U001,U004,2025-05-04 11:52:49,11,1,-27,11947.17,0
ERP-003812,2025-05,Manual,U007,U007,2025-05-04 11:50:07,11,1,-27,1441.41,0
ERP-003813,2025-05,Manual,U006,U001,2025-05-12 06:44:08,6,0,-19,-3684.5,0
ERP-003814,2025-05,Manual,U009,U007,2025-05-24 08:01:17,8,1,-7,1750.36,0
ERP-003815,2025-05,Interface,U010,U001,2025-05-17 02:09:18,2,1,-14,4567.4,0
ERP-003816,2025-05,Interface,U010,U001,2025-05-23 22:31:53,22,0,-8,208.23,0
ERP-003817,2025-05,Interface,U010,U001,2025-05-10 23:43:54,23,1,-21,431.58,0
ERP-003818,2025-05,Interface,U010,U001,2025-05-04 22:54:16,22,1,-27,-656.6,0
ERP-003819,2025-05,Interface,U010,U001,2025-05-27 03:00:45,3,0,-4,1585.81,0
ERP-003820,2025-05,Manual,U004,U002,2025-05-03 10:10:17,10,1,-28,3489.54,1
ERP-003821,2025-05,Interface,U010,U001,2025-05-10 02:49:44,2,1,-21,482.24,0
ERP-003822,2025-05,Interface,U010,U001,2025-05-04 23:28:06,23,1,-27,275.98,0
ERP-003823,2025-05,Manual,U008,U001,2025-05-24 05:07:01,5,1,-7,612.67,0
ERP-003824,2025-05,Interface,U010,U001,2025-05-08 22:29:37,22,0,-23,2730.89,0
ERP-003825,2025-05,Manual,U006,U003,2025-05-24 10:42:01,10,1,-7,1918.26,0
ERP-003826,2025-05,Interface,U010,U001,2025-05-01 02:15:33,2,0,-30,-5761.35,0
ERP-003827,2025-05,Interface,U010,U001,2025-05-23 04:08:05,4,0,-8,10782.86,0
ERP-003828,2025-05,Interface,U010,U001,2025-05-17 04:34:00,4,1,-14,161.81,0
ERP-003829,2025-05,Interface,U010,U001,2025-05-17 23:40:35,23,1,-14,3673.61,0
ERP-003830,2025-05,Interface,U010,U001,2025-05-10 22:12:13,22,1,-21,1213.25,0
ERP-003831,2025-05,Recurring,U011,U001,2025-05-09 22:38:43,22,0,-22,11917.28,0
ERP-003832,2025-05,Interface,U010,U001,2025-05-25 22:23:23,22,1,-6,-1854.8,0
ERP-003833,2025-05,Manual,U009,U001,2025-05-25 08:19:43,8,1,-6,-1152.46,0
ERP-003834,2025-05,Interface,U010,U001,2025-05-21 22:38:58,22,0,-10,-2180.61,0
ERP-003835,2025-05,Interface,U010,U001,2025-05-09 02:05:41,2,0,-22,-2800.6,0
ERP-003836,2025-05,Recurring,U011,U001,2025-05-28 04:22:38,4,0,-3,2611.77,0
ERP-003837,2025-05,Interface,U010,U001,2025-05-09 02:08:58,2,0,-22,-6047.86,0
ERP-003838,2025-05,Interface,U010,U001,2025-05-05 22:57:32,22,0,-26,-6497.72,0
ERP-003839,2025-05,Manual,U004,U003,2025-05-06 13:03:34,13,0,-25,-17019.42,0
ERP-003840,2025-05,Recurring,U011,U001,2025-05-21 03:38:35,3,0,-10,1368.32,0
ERP-003841,2025-05,Manual,U004,U001,2025-05-08 17:35:44,17,0,-23,1918.03,0
ERP-003842,2025-05,Manual,U003,U003,2025-05-19 15:42:40,15,0,-12,1094.45,0
ERP-003843,2025-05,Interface,U010,U001,2025-05-01 23:50:50,23,0,-30,1656.55,0
ERP-003844,2025-05,Interface,U010,U001,2025-05-05 03:14:48,3,0,-26,-2657.12,0
ERP-003845,2025-05,Interface,U010,U001,2025-05-10 22:46:08,22,1,-21,361.81,0
ERP-003846,2025-05,Manual,U008,U005,2025-05-29 17:17:01,17,0,-2,2429.15,0
ERP-003847,2025-05,Manual,U008,U006,2025-05-26 16:18:31,16,0,-5,659.45,0
ERP-003848,2025-05,Manual,U007,U002,2025-05-15 13:36:11,13,0,-16,581.74,0
ERP-003849,2025-05,Recurring,U011,U001,2025-05-21 02:52:56,2,0,-10,720.63,1
ERP-003850,2025-05,Interface,U010,U001,2025-05-23 02:57:18,2,0,-8,1575.54,0
ERP-003851,2025-05,Interface,U010,U001,2025-05-07 04:12:48,4,0,-24,959.41,0
ERP-003852,2025-05,Manual,U008,U003,2025-05-01 16:18:24,16,0,-30,1315.38,0
ERP-003853,2025-05,Interface,U010,U001,2025-05-23 23:10:07,23,0,-8,2385.17,0
ERP-003854,2025-05,Recurring,U011,U001,2025-05-08 23:16:16,23,0,-23,-2751.03,0
ERP-003855,2025-05,Recurring,U011,U001,2025-05-15 03:22:32,3,0,-16,-15303.98,0
ERP-003856,2025-05,Manual,U002,U001,2025-05-05 09:56:09,9,0,-26,4103.68,0
ERP-003857,2025-05,Interface,U010,U001,2025-05-30 22:33:23,22,0,-1,-3389.75,0
ERP-003858,2025-05,Recurring,U011,U001,2025-05-26 23:15:40,23,0,-5,12467.22,0
ERP-003859,2025-05,Recurring,U011,U001,2025-05-25 03:01:47,3,1,-6,1355.21,0
ERP-003860,2025-05,Interface,U010,U001,2025-05-11 22:21:09,22,1,-20,188.03,0
ERP-003861,2025-05,Manual,U007,U001,2025-05-24 11:04:39,11,1,-7,-3848.58,0
ERP-003862,2025-05,Recurring,U011,U001,2025-05-18 02:00:55,2,1,-13,289.48,0
ERP-003863,2025-05,Interface,U010,U001,2025-05-03 02:39:25,2,1,-28,1770.29,0
ERP-003864,2025-05,Recurring,U011,U001,2025-05-29 22:04:03,22,0,-2,10060.15,0
ERP-003865,2025-05,Interface,U010,U001,2025-05-30 03:14:24,3,0,-1,365.42,0
ERP-003866,2025-05,Manual,U006,U008,2025-05-25 08:31:21,8,1,-6,-1731.44,0
ERP-003867,2025-05,Interface,U010,U001,2025-05-29 23:18:29,23,0,-2,-3120.13,0
ERP-003868,2025-05,Interface,U010,U001,2025-05-29 23:42:11,23,0,-2,-647.07,0
ERP-003869,2025-05,Interface,U010,U001,2025-05-01 02:20:15,2,0,-30,4336.49,0
ERP-003870,2025-05,Interface,U010,U001,2025-05-23 03:10:28,3,0,-8,857.81,0
ERP-003871,2025-05,Interface,U010,U001,2025-05-29 23:58:09,23,0,-2,-247.91,0
ERP-003872,2025-05,Interface,U010,U001,2025-05-18 04:21:51,4,1,-13,1016.61,0
ERP-003873,2025-05,Interface,U010,U001,2025-05-20 02:46:15,2,0,-11,3214.33,0
ERP-003874,2025-05,Interface,U010,U001,2025-05-24 04:12:24,4,1,-7,3402.6,0
ERP-003875,2025-05,Interface,U010,U001,2025-05-19 23:36:20,23,0,-12,1318.87,0
ERP-003876,2025-05,Manual,U004,U005,2025-05-01 09:31:47,9,0,-30,15505.58,0
ERP-003877,2025-05,Interface,U010,U001,2025-05-06 02:43:32,2,0,-25,1310.6,0
ERP-003878,2025-05,Manual,U001,U005,2025-05-31 09:47:53,9,1,0,-461.11,0
ERP-003879,2025-05,Interface,U010,U001,2025-05-28 03:59:12,3,0,-3,-2175.17,0
ERP-003880,2025-05,Interface,U010,U001,2025-05-25 04:28:32,4,1,-6,-1971.76,0
ERP-003881,2025-05,Interface,U010,U001,2025-05-16 22:05:16,22,0,-15,-2846.94,0
ERP-003882,2025-05,Manual,U009,U007,2025-05-11 11:59:00,11,1,-20,2257.73,0
ERP-003883,2025-05,Interface,U010,U001,2025-05-07 03:08:40,3,0,-24,291.91,0
ERP-003884,2025-05,Manual,U002,U008,2025-05-16 16:39:12,16,0,-15,5752.17,0
ERP-003885,2025-05,Recurring,U011,U001,2025-05-07 03:41:03,3,0,-24,-1817.34,0
ERP-003886,2025-05,Recurring,U011,U001,2025-05-20 02:10:05,2,0,-11,-1860.56,0
ERP-003887,2025-05,Interface,U010,U001,2025-05-17 03:22:30,3,1,-14,5966.57,0
ERP-003888,2025-05,Interface,U010,U001,2025-05-23 02:22:27,2,0,-8,1020.06,0
ERP-003889,2025-05,Recurring,U011,U001,2025-05-14 04:34:02,4,0,-17,1770.11,0
ERP-003890,2025-05,Interface,U010,U001,2025-05-11 02:42:27,2,1,-20,5147.8,0
ERP-003891,2025-05,Manual,U009,U005,2025-05-20 16:34:28,16,0,-11,575.21,0
ERP-003892,2025-05,Recurring,U011,U001,2025-05-30 03:12:33,3,0,-1,1710.95,0
ERP-003893,2025-05,Interface,U010,U001,2025-05-27 03:11:35,3,0,-4,3134.71,0
ERP-003894,2025-05,Interface,U010,U001,2025-05-04 02:26:57,2,1,-27,297.06,0
ERP-003895,2025-05,Recurring,U011,U001,2025-05-23 02:21:10,2,0,-8,-2180.14,0
ERP-003896,2025-05,Interface,U010,U001,2025-05-13 23:41:16,23,0,-18,3251.59,0
ERP-003897,2025-05,Manual,U003,U003,2025-05-28 22:02:18,22,0,-3,789.92,0
ERP-003898,2025-05,Recurring,U011,U001,2025-05-08 02:20:52,2,0,-23,385.81,1
ERP-003899,2025-05,Interface,U010,U001,2025-05-19 02:28:49,2,0,-12,270.64,0
ERP-003900,2025-05,Interface,U010,U001,2025-05-19 22:18:09,22,0,-12,-1437.45,0
ERP-003901,2025-05,Interface,U010,U001,2025-05-16 22:26:33,22,0,-15,3044.77,0
ERP-003902,2025-05,Recurring,U011,U001,2025-05-24 04:51:17,4,1,-7,346.41,0
ERP-003903,2025-05,Interface,U010,U001,2025-05-26 04:18:01,4,0,-5,-6291.59,1
ERP-003904,2025-05,Recurring,U011,U001,2025-05-06 23:07:57,23,0,-25,1192.83,0
ERP-003905,2025-05,Manual,U001,U006,2025-05-18 15:32:17,15,1,-13,3873.33,0
ERP-003906,2025-05,Interface,U010,U001,2025-05-03 02:52:51,2,1,-28,1003.58,0
ERP-003907,2025-05,Interface,U010,U001,2025-05-16 02:10:32,2,0,-15,-2529.2,0
ERP-003908,2025-05,Interface,U010,U001,2025-05-26 02:38:42,2,0,-5,10987.1,0
ERP-003909,2025-05,Interface,U010,U001,2025-05-20 03:15:21,3,0,-11,427.83,0
ERP-003910,2025-05,Interface,U010,U001,2025-05-26 22:22:50,22,0,-5,12720.95,0
ERP-003911,2025-05,Manual,U002,U006,2025-05-13 08:14:23,8,0,-18,3045.74,0
ERP-003912,2025-05,Interface,U010,U001,2025-05-11 22:20:51,22,1,-20,1231.97,1
ERP-003913,2025-05,Interface,U010,U001,2025-05-26 04:18:41,4,0,-5,3340.99,0
ERP-003914,2025-05,Interface,U010,U001,2025-05-21 04:53:46,4,0,-10,6976.42,0
ERP-003915,2025-05,Interface,U010,U001,2025-05-06 22:03:00,22,0,-25,-1179.92,1
ERP-003916,2025-05,Manual,U001,U002,2025-05-20 20:09:06,20,0,-11,695.87,0
ERP-003917,2025-05,Interface,U010,U001,2025-05-25 22:59:46,22,1,-6,2288.44,0
ERP-003918,2025-05,Interface,U010,U001,2025-05-21 23:05:25,23,0,-10,2121.2,0
ERP-003919,2025-05,Manual,U007,U002,2025-05-13 10:48:27,10,0,-18,1171.51,0
ERP-003920,2025-05,Interface,U010,U001,2025-05-17 03:17:36,3,1,-14,1305.35,0
ERP-003921,2025-05,Interface,U010,U001,2025-05-11 04:17:28,4,1,-20,5398.64,0
ERP-003922,2025-05,Manual,U001,U007,2025-05-16 09:17:36,9,0,-15,-1001.88,0
ERP-003923,2025-05,Manual,U003,U004,2025-05-21 09:21:25,9,0,-10,4580.38,0
ERP-003924,2025-05,Manual,U003,U006,2025-05-17 20:47:34,20,1,-14,-1046.23,0
ERP-003925,2025-05,Interface,U010,U001,2025-05-29 03:46:11,3,0,-2,7198.79,0
ERP-003926,2025-05,Recurring,U011,U001,2025-05-30 02:18:30,2,0,-1,-1068.52,0
ERP-003927,2025-05,Manual,U007,U004,2025-05-16 15:34:17,15,0,-15,287.22,0
ERP-003928,2025-05,Recurring,U011,U001,2025-05-24 03:06:26,3,1,-7,8111.99,0
ERP-003929,2025-05,Manual,U004,U001,2025-05-06 08:23:54,8,0,-25,426.93,0
ERP-003930,2025-05,Manual,U005,U002,2025-05-13 15:12:22,15,0,-18,1208.99,0
ERP-003931,2025-05,Interface,U010,U001,2025-05-12 02:57:48,2,0,-19,-3411.94,0
ERP-003932,2025-05,Recurring,U011,U001,2025-05-06 02:08:08,2,0,-25,-4444.72,0
ERP-003933,2025-05,Manual,U001,U003,2025-05-05 14:30:33,14,0,-26,-12212.43,0
ERP-003934,2025-05,Recurring,U011,U001,2025-05-19 22:04:12,22,0,-12,-356.41,1
ERP-003935,2025-05,Manual,U005,U001,2025-05-25 14:43:08,14,1,-6,5249.04,0
ERP-003936,2025-05,Interface,U010,U001,2025-05-08 04:29:12,4,0,-23,422.49,0
ERP-003937,2025-05,Interface,U010,U001,2025-05-27 22:36:23,22,0,-4,-2627.22,0
ERP-003938,2025-05,Recurring,U011,U001,2025-05-22 02:47:06,2,0,-9,-1962.93,0
ERP-003939,2025-05,Manual,U007,U002,2025-05-15 16:58:40,16,0,-16,578.83,0
ERP-003940,2025-05,Recurring,U011,U001,2025-05-31 04:26:04,4,1,0,-1017.48,0
ERP-003941,2025-05,Interface,U010,U001,2025-05-02 03:19:38,3,0,-29,-2608.89,0
ERP-003942,2025-05,Interface,U010,U001,2025-05-14 03:33:09,3,0,-17,6562.34,0
ERP-003943,2025-05,Interface,U010,U001,2025-05-02 03:36:29,3,0,-29,-795.62,0
ERP-003944,2025-05,Recurring,U011,U001,2025-05-20 04:51:28,4,0,-11,286.06,0
ERP-003945,2025-05,Manual,U002,U005,2025-05-22 09:28:32,9,0,-9,1394.06,0
ERP-003946,2025-05,Interface,U010,U001,2025-05-01 23:12:10,23,0,-30,1673.0,0
ERP-003947,2025-05,Interface,U010,U001,2025-05-04 03:11:53,3,1,-27,3073.03,0
ERP-003948,2025-05,Recurring,U011,U001,2025-05-14 22:29:33,22,0,-17,-293.31,0
ERP-003949,2025-05,Recurring,U011,U001,2025-05-31 04:41:03,4,1,0,-2290.86,0
ERP-003950,2025-05,Interface,U010,U001,2025-05-31 23:17:01,23,1,0,1085.79,0
ERP-003951,2025-05,Recurring,U011,U001,2025-05-10 23:33:41,23,1,-21,-625.62,0
ERP-003952,2025-05,Manual,U009,U006,2025-05-01 15:04:28,15,0,-30,650.36,0
ERP-003953,2025-05,Manual,U001,U008,2025-05-25 10:28:16,10,1,-6,-2509.91,0
ERP-003954,2025-05,Interface,U010,U001,2025-05-28 02:48:49,2,0,-3,1358.76,0
ERP-003955,2025-05,Manual,U005,U002,2025-05-26 10:15:10,10,0,-5,581.13,0
ERP-003956,2025-05,Manual,U008,U005,2025-05-21 17:14:41,17,0,-10,3957.59,0
ERP-003957,2025-05,Interface,U010,U001,2025-05-23 02:50:23,2,0,-8,3838.77,0
ERP-003958,2025-05,Recurring,U011,U001,2025-05-28 03:50:56,3,0,-3,3603.45,1
ERP-003959,2025-05,Interface,U010,U001,2025-05-22 02:57:26,2,0,-9,7006.75,0
ERP-003960,2025-05,Manual,U006,U002,2025-05-16 15:33:33,15,0,-15,4767.05,0
ERP-003961,2025-05,Interface,U010,U001,2025-05-01 02:07:09,2,0,-30,3175.07,0
ERP-003962,2025-05,Manual,U006,U004,2025-05-06 00:28:36,0,0,-25,-1139.28,0
ERP-003963,2025-05,Interface,U010,U001,2025-05-13 02:16:52,2,0,-18,-612.86,0
ERP-003964,2025-05,Interface,U010,U001,2025-05-29 04:22:03,4,0,-2,5708.76,0
ERP-003965,2025-05,Manual,U002,U004,2025-05-17 09:53:15,9,1,-14,3971.42,0
ERP-003966,2025-05,Interface,U010,U001,2025-05-28 02:28:26,2,0,-3,9537.04,0
ERP-003967,2025-05,Manual,U002,U008,2025-05-21 16:31:01,16,0,-10,5121.95,1
ERP-003968,2025-05,Recurring,U011,U001,2025-05-28 04:34:37,4,0,-3,15642.26,0
ERP-003969,2025-05,Interface,U010,U001,2025-05-30 02:56:16,2,0,-1,436.56,0
ERP-003970,2025-05,Recurring,U011,U001,2025-05-06 23:13:24,23,0,-25,622.42,0
ERP-003971,2025-05,Interface,U010,U001,2025-05-27 03:18:41,3,0,-4,-1066.79,0
ERP-003972,2025-05,Interface,U010,U001,2025-05-07 04:47:12,4,0,-24,1661.73,0
ERP-003973,2025-05,Recurring,U011,U001,2025-05-29 02:22:58,2,0,-2,889.35,0
ERP-003974,2025-05,Recurring,U011,U001,2025-05-15 03:18:28,3,0,-16,1553.49,0
ERP-003975,2025-05,Interface,U010,U001,2025-05-06 02:11:16,2,0,-25,-4224.23,0
ERP-003976,2025-05,Interface,U010,U001,2025-05-19 22:51:01,22,0,-12,769.15,0
ERP-003977,2025-05,Manual,U001,U008,2025-05-01 13:31:13,13,0,-30,533.9,0
ERP-003978,2025-05,Interface,U010,U001,2025-05-26 22:30:28,22,0,-5,-3751.04,0
ERP-003979,2025-05,Recurring,U011,U001,2025-05-11 04:26:57,4,1,-20,7955.93,0
ERP-003980,2025-05,Manual,U008,U007,2025-05-26 14:30:21,14,0,-5,1757.31,0
ERP-003981,2025-05,Interface,U010,U001,2025-05-01 22:58:37,22,0,-30,1831.35,0
ERP-003982,2025-05,Manual,U002,U001,2025-05-27 15:57:52,15,0,-4,24813.92,0
ERP-003983,2025-05,Recurring,U011,U001,2025-05-21 04:11:34,4,0,-10,-652.58,0
ERP-003984,2025-05,Manual,U009,U002,2025-05-12 16:56:22,16,0,-19,4048.76,0
ERP-003985,2025-05,Interface,U010,U001,2025-05-08 02:47:19,2,0,-23,-2054.25,0
ERP-003986,2025-05,Manual,U008,U004,2025-05-11 15:41:54,15,1,-20,-5929.8,0
ERP-003987,2025-05,Recurring,U011,U001,2025-05-22 02:28:40,2,0,-9,1195.22,0
ERP-003988,2025-05,Interface,U010,U001,2025-05-06 02:44:58,2,0,-25,491.21,0
ERP-003989,2025-05,Recurring,U011,U001,2025-05-05 02:26:17,2,0,-26,5223.58,0
ERP-003990,2025-05,Interface,U010,U001,2025-05-22 22:20:38,22,0,-9,529.61,0
ERP-003991,2025-05,Interface,U010,U001,2025-05-01 23:20:22,23,0,-30,105.56,0
ERP-003992,2025-05,Interface,U010,U001,2025-05-11 02:36:39,2,1,-20,-3892.53,0
ERP-003993,2025-05,Interface,U010,U001,2025-05-30 03:18:09,3,0,-1,-1072.68,0
ERP-003994,2025-05,Interface,U010,U001,2025-05-16 23:27:24,23,0,-15,-976.94,0
ERP-003995,2025-05,Recurring,U011,U001,2025-05-06 02:52:59,2,0,-25,2937.69,0
ERP-003996,2025-05,Recurring,U011,U001,2025-05-16 22:53:44,22,0,-15,-15291.45,0
ERP-003997,2025-05,Manual,U004,U007,2025-05-25 10:34:20,10,1,-6,847.99,0
ERP-003998,2025-05,Interface,U010,U001,2025-05-11 03:28:20,3,1,-20,3789.36,0
ERP-003999,2025-05,Manual,U009,U001,2025-05-10 11:57:37,11,1,-21,-393.74,0
ERP-004000,2025-05,Interface,U010,U001,2025-05-08 03:34:19,3,0,-23,-14744.83,1
ERP-004001,2025-05,Interface,U010,U001,2025-05-27 23:48:29,23,0,-4,1889.03,0
ERP-004002,2025-05,Interface,U010,U001,2025-05-06 23:37:52,23,0,-25,-8712.01,0
ERP-004003,2025-05,Interface,U010,U001,2025-05-06 04:14:29,4,0,-25,-4463.98,0
ERP-004004,2025-05,Interface,U010,U001,2025-05-09 23:47:22,23,0,-22,2291.94,0
ERP-004005,2025-05,Manual,U003,U003,2025-05-31 14:42:14,14,1,0,13917.1,0
ERP-004006,2025-05,Interface,U010,U001,2025-05-23 02:41:59,2,0,-8,-1413.35,0
ERP-004007,2025-05,Manual,U002,U007,2025-05-16 14:30:40,14,0,-15,-213.71,0
ERP-004008,2025-05,Interface,U010,U001,2025-05-01 23:27:27,23,0,-30,893.0,0
ERP-004009,2025-05,Interface,U010,U001,2025-05-13 04:39:05,4,0,-18,1837.39,0
ERP-004010,2025-05,Recurring,U011,U001,2025-05-29 22:24:34,22,0,-2,1485.67,0
ERP-004011,2025-05,Manual,U003,U001,2025-05-16 09:32:48,9,0,-15,3490.08,0
ERP-004012,2025-05,Recurring,U011,U001,2025-05-01 22:35:26,22,0,-30,836.45,0
ERP-004013,2025-05,Recurring,U011,U001,2025-05-04 03:44:52,3,1,-27,278.9,0
ERP-004014,2025-05,Interface,U010,U001,2025-05-14 22:40:05,22,0,-17,3127.26,0
ERP-004015,2025-05,Interface,U010,U001,2025-05-25 22:10:58,22,1,-6,720.94,0
ERP-004016,2025-05,Manual,U006,U008,2025-05-16 15:23:47,15,0,-15,1626.83,0
ERP-004017,2025-05,Manual,U006,U004,2025-05-09 16:08:35,16,0,-22,1551.85,0
ERP-004018,2025-05,Interface,U010,U001,2025-05-26 04:12:59,4,0,-5,-3337.63,0
ERP-004019,2025-05,Interface,U010,U001,2025-05-18 23:46:07,23,1,-13,2751.34,0
ERP-004020,2025-05,Manual,U007,U002,2025-05-27 14:47:50,14,0,-4,112.34,0
ERP-004021,2025-05,Interface,U010,U001,2025-05-23 02:44:28,2,0,-8,1696.49,0
ERP-004022,2025-05,Interface,U010,U001,2025-05-13 02:13:43,2,0,-18,1343.1,0
ERP-004023,2025-05,Interface,U010,U001,2025-05-04 03:55:12,3,1,-27,558.3,0
ERP-004024,2025-05,Interface,U010,U001,2025-05-31 03:32:32,3,1,0,427.97,0
ERP-004025,2025-05,Interface,U010,U001,2025-05-19 03:59:56,3,0,-12,-991.99,0
ERP-004026,2025-05,Interface,U010,U001,2025-05-24 22:34:01,22,1,-7,1399.73,0
ERP-004027,2025-05,Manual,U001,U006,2025-05-27 13:35:20,13,0,-4,8501.45,0
ERP-004028,2025-05,Interface,U010,U001,2025-05-16 23:45:47,23,0,-15,1854.18,0
ERP-004029,2025-05,Interface,U010,U001,2025-05-08 22:10:56,22,0,-23,1087.78,0
ERP-004030,2025-05,Interface,U010,U001,2025-05-07 04:34:44,4,0,-24,1116.22,0
ERP-004031,2025-05,Recurring,U011,U001,2025-05-08 04:07:21,4,0,-23,1002.15,0
ERP-004032,2025-05,Recurring,U011,U001,2025-05-16 04:12:17,4,0,-15,855.87,0
ERP-004033,2025-05,Manual,U005,U005,2025-05-08 17:04:24,17,0,-23,3317.35,0
ERP-004034,2025-05,Interface,U010,U001,2025-05-13 22:47:01,22,0,-18,869.35,0
ERP-004035,2025-05,Interface,U010,U001,2025-05-21 02:47:56,2,0,-10,2244.76,0
ERP-004036,2025-05,Manual,U005,U002,2025-05-04 15:20:31,15,1,-27,-1160.92,0
ERP-004037,2025-05,Interface,U010,U001,2025-05-25 03:59:45,3,1,-6,4015.17,0
ERP-004038,2025-05,Interface,U010,U001,2025-05-12 02:42:58,2,0,-19,3940.69,0
ERP-004039,2025-05,Recurring,U011,U001,2025-05-31 04:20:34,4,1,0,7435.57,0
ERP-004040,2025-05,Manual,U003,U002,2025-05-04 14:36:02,14,1,-27,359.25,0
ERP-004041,2025-05,Interface,U010,U001,2025-05-27 22:28:03,22,0,-4,2650.6,0
ERP-004042,2025-05,Interface,U010,U001,2025-05-09 22:16:45,22,0,-22,1583.91,0
ERP-004043,2025-05,Interface,U010,U001,2025-05-10 04:07:29,4,1,-21,2230.07,0
ERP-004044,2025-05,Interface,U010,U001,2025-05-16 22:29:01,22,0,-15,1028.75,0
ERP-004045,2025-05,Interface,U010,U001,2025-05-21 23:49:29,23,0,-10,6903.3,0
ERP-004046,2025-05,Manual,U008,U002,2025-05-03 11:08:47,11,1,-28,764.22,0
ERP-004047,2025-05,Manual,U001,U007,2025-05-23 13:29:46,13,0,-8,-1602.56,0
ERP-004048,2025-05,Manual,U003,U004,2025-05-02 15:01:36,15,0,-29,1064.2,0
ERP-004049,2025-05,Interface,U010,U001,2025-05-24 04:31:42,4,1,-7,967.87,0
ERP-004050,2025-05,Recurring,U011,U001,2025-05-06 22:52:59,22,0,-25,716.68,0
ERP-004051,2025-05,Interface,U010,U001,2025-05-03 02:59:14,2,1,-28,2647.44,0
ERP-004052,2025-05,Interface,U010,U001,2025-05-08 23:09:32,23,0,-23,-2226.5,0
ERP-004053,2025-05,Manual,U007,U006,2025-05-01 09:53:30,9,0,-30,-4933.94,0
ERP-004054,2025-05,Interface,U010,U001,2025-05-18 04:13:27,4,1,-13,2156.92,0
ERP-004055,2025-05,Recurring,U011,U001,2025-05-28 04:26:49,4,0,-3,25464.49,0
ERP-004056,2025-05,Manual,U008,U002,2025-05-03 13:08:00,13,1,-28,35192.61,0
ERP-004057,2025-05,Manual,U007,U008,2025-05-17 10:56:22,10,1,-14,-656.44,0
ERP-004058,2025-05,Interface,U010,U001,2025-05-17 22:13:51,22,1,-14,-613.83,0
ERP-004059,2025-05,Manual,U009,U005,2025-05-09 11:38:53,11,0,-22,1793.98,0
ERP-004060,2025-05,Interface,U010,U001,2025-05-27 03:45:40,3,0,-4,2043.16,0
ERP-004061,2025-05,Interface,U010,U001,2025-05-18 02:49:56,2,1,-13,884.28,0
ERP-004062,2025-05,Interface,U010,U001,2025-05-19 02:28:17,2,0,-12,802.81,0
ERP-004063,2025-05,Interface,U010,U001,2025-05-24 22:27:40,22,1,-7,-1122.34,0
ERP-004064,2025-05,Manual,U005,U005,2025-05-13 11:10:05,11,0,-18,-1283.32,0
ERP-004065,2025-05,Manual,U004,U008,2025-05-27 22:30:49,22,0,-4,-2222.15,0
ERP-004066,2025-05,Interface,U010,U001,2025-05-21 02:34:32,2,0,-10,13147.11,0
ERP-004067,2025-05,Manual,U006,U001,2025-05-16 11:36:33,11,0,-15,-355.11,0
ERP-004068,2025-05,Interface,U010,U001,2025-05-20 23:05:23,23,0,-11,-671.5,0
ERP-004069,2025-05,Interface,U010,U001,2025-05-12 23:07:16,23,0,-19,3300.43,0
ERP-004070,2025-05,Manual,U002,U001,2025-05-15 09:20:16,9,0,-16,2441.55,0
ERP-004071,2025-05,Manual,U005,U001,2025-05-16 12:11:12,12,0,-15,-4173.95,0
ERP-004072,2025-05,Interface,U010,U001,2025-05-18 23:07:02,23,1,-13,-32874.06,0
ERP-004073,2025-05,Interface,U010,U001,2025-05-26 04:33:52,4,0,-5,5466.45,0
ERP-004074,2025-05,Interface,U010,U001,2025-05-06 03:26:16,3,0,-25,-971.36,0
ERP-004075,2025-05,Interface,U010,U001,2025-05-10 03:55:23,3,1,-21,-2144.54,1
ERP-004076,2025-05,Manual,U005,U001,2025-05-14 14:52:43,14,0,-17,-4791.01,0
ERP-004077,2025-05,Recurring,U011,U001,2025-05-30 03:49:26,3,0,-1,410.41,0
ERP-004078,2025-05,Manual,U009,U004,2025-05-13 12:29:04,12,0,-18,-2395.56,0
ERP-004079,2025-05,Interface,U010,U001,2025-05-11 04:49:35,4,1,-20,1254.82,0
ERP-004080,2025-05,Interface,U010,U001,2025-05-17 04:11:49,4,1,-14,2389.91,0
ERP-004081,2025-05,Manual,U007,U007,2025-05-28 13:02:54,13,0,-3,6006.39,0
ERP-004082,2025-05,Interface,U010,U001,2025-05-16 02:20:58,2,0,-15,4777.98,0
ERP-004083,2025-05,Interface,U010,U001,2025-05-13 03:13:07,3,0,-18,20404.02,0
ERP-004084,2025-05,Interface,U010,U001,2025-05-29 03:03:56,3,0,-2,8715.58,0
ERP-004085,2025-05,Recurring,U011,U001,2025-05-31 03:15:01,3,1,0,3544.52,0
ERP-004086,2025-05,Manual,U004,U007,2025-05-26 08:23:57,8,0,-5,41038.75,0
ERP-004087,2025-05,Interface,U010,U001,2025-05-13 22:12:33,22,0,-18,233.92,0
ERP-004088,2025-05,Manual,U005,U004,2025-05-10 12:24:42,12,1,-21,967.74,0
ERP-004089,2025-05,Manual,U006,U001,2025-05-29 11:50:52,11,0,-2,2350.69,0
ERP-004090,2025-05,Manual,U002,U004,2025-05-17 10:35:56,10,1,-14,-5225.14,0
ERP-004091,2025-05,Manual,U002,U006,2025-05-02 15:08:24,15,0,-29,3145.9,0
ERP-004092,2025-05,Manual,U008,U004,2025-05-14 13:53:43,13,0,-17,-1206.09,0
ERP-004093,2025-05,Recurring,U011,U001,2025-05-15 04:56:03,4,0,-16,1866.57,0
ERP-004094,2025-05,Interface,U010,U001,2025-05-02 02:14:00,2,0,-29,495.22,0
ERP-004095,2025-05,Interface,U010,U001,2025-05-14 22:30:27,22,0,-17,539.61,0
ERP-004096,2025-05,Interface,U010,U001,2025-05-18 02:03:18,2,1,-13,920.75,0
ERP-004097,2025-05,Interface,U010,U001,2025-05-13 02:13:14,2,0,-18,-5066.43,0
ERP-004098,2025-05,Manual,U003,U001,2025-05-31 01:27:59,1,1,0,2454.15,0
ERP-004099,2025-05,Manual,U006,U001,2025-05-04 06:46:37,6,1,-27,-4934.75,0
ERP-004100,2025-05,Interface,U010,U001,2025-05-22 04:56:37,4,0,-9,-684.79,1
ERP-004101,2025-05,Interface,U010,U001,2025-05-14 22:46:50,22,0,-17,645.85,0
ERP-004102,2025-05,Recurring,U011,U001,2025-05-27 23:19:00,23,0,-4,1449.58,0
ERP-004103,2025-05,Manual,U003,U003,2025-05-04 17:36:58,17,1,-27,4713.25,0
ERP-004104,2025-05,Manual,U001,U007,2025-05-05 11:11:00,11,0,-26,-9577.8,0
ERP-004105,2025-05,Recurring,U011,U001,2025-05-09 22:47:59,22,0,-22,1597.86,0
ERP-004106,2025-05,Interface,U010,U001,2025-05-05 22:02:00,22,0,-26,-170.48,0
ERP-004107,2025-05,Manual,U002,U003,2025-05-15 12:51:14,12,0,-16,999.08,0
ERP-004108,2025-05,Interface,U010,U001,2025-05-16 04:44:27,4,0,-15,3835.03,0
ERP-004109,2025-05,Manual,U008,U001,2025-05-12 13:40:37,13,0,-19,1353.09,0
ERP-004110,2025-05,Interface,U010,U001,2025-05-20 04:56:37,4,0,-11,5562.66,0
ERP-004111,2025-05,Recurring,U011,U001,2025-05-25 23:46:52,23,1,-6,1425.41,0
ERP-004112,2025-05,Manual,U002,U003,2025-05-14 15:07:08,15,0,-17,3759.02,0
ERP-004113,2025-05,Interface,U010,U001,2025-05-30 22:56:48,22,0,-1,1195.28,0
ERP-004114,2025-05,Interface,U010,U001,2025-05-12 03:04:07,3,0,-19,-7531.77,0
ERP-004115,2025-05,Interface,U010,U001,2025-05-07 04:12:44,4,0,-24,968.34,0
ERP-004116,2025-05,Interface,U010,U001,2025-05-07 22:18:44,22,0,-24,319.94,0
ERP-004117,2025-05,Interface,U010,U001,2025-05-01 04:06:12,4,0,-30,278.95,0
ERP-004118,2025-05,Interface,U010,U001,2025-05-01 03:24:42,3,0,-30,-993.66,0
ERP-004119,2025-05,Recurring,U011,U001,2025-05-04 23:51:28,23,1,-27,4285.48,0
ERP-004120,2025-05,Recurring,U011,U001,2025-05-16 02:59:43,2,0,-15,-3574.08,0
ERP-004121,2025-05,Interface,U010,U001,2025-05-06 02:29:39,2,0,-25,142.48,0
ERP-004122,2025-05,Interface,U010,U001,2025-05-03 22:08:42,22,1,-28,1190.03,0
ERP-004123,2025-05,Interface,U010,U001,2025-05-13 23:11:30,23,0,-18,1553.48,0
ERP-004124,2025-05,Interface,U010,U001,2025-05-01 03:36:34,3,0,-30,725.67,0
ERP-004125,2025-05,Recurring,U011,U001,2025-05-21 03:40:24,3,0,-10,-1685.0,0
ERP-004126,2025-05,Interface,U010,U001,2025-05-04 04:58:32,4,1,-27,-3077.88,0
ERP-004127,2025-05,Interface,U010,U001,2025-05-02 23:39:52,23,0,-29,1318.02,0
ERP-004128,2025-05,Manual,U009,U008,2025-05-09 23:52:21,23,0,-22,3109.99,0
ERP-004129,2025-05,Interface,U010,U001,2025-05-24 02:56:46,2,1,-7,1291.44,0
ERP-004130,2025-05,Recurring,U011,U001,2025-05-03 04:33:48,4,1,-28,-3290.56,0
ERP-004131,2025-05,Interface,U010,U001,2025-05-04 22:11:58,22,1,-27,-813.22,0
ERP-004132,2025-05,Interface,U010,U001,2025-05-03 04:49:43,4,1,-28,2012.15,0
ERP-004133,2025-05,Manual,U002,U001,2025-05-12 16:33:12,16,0,-19,-256.86,0
ERP-004134,2025-05,Interface,U010,U001,2025-05-30 04:43:04,4,0,-1,-1688.52,0
ERP-004135,2025-05,Manual,U007,U004,2025-05-08 14:18:01,14,0,-23,1033.19,0
ERP-004136,2025-05,Interface,U010,U001,2025-05-01 03:20:38,3,0,-30,49296.36,0
ERP-004137,2025-05,Interface,U010,U001,2025-05-23 02:00:05,2,0,-8,3336.82,0
ERP-004138,2025-05,Interface,U010,U001,2025-05-02 03:42:09,3,0,-29,3213.78,0
ERP-004139,2025-05,Manual,U003,U002,2025-05-28 01:50:00,1,0,-3,1324.05,0
ERP-004140,2025-05,Interface,U010,U001,2025-05-03 04:29:13,4,1,-28,-2467.11,0
ERP-004141,2025-05,Interface,U010,U001,2025-05-10 04:37:22,4,1,-21,2504.05,0
ERP-004142,2025-05,Interface,U010,U001,2025-05-31 04:15:06,4,1,0,-2444.68,0
ERP-004143,2025-05,Manual,U005,U003,2025-05-10 17:27:03,17,1,-21,2788.57,0
ERP-004144,2025-05,Recurring,U011,U001,2025-05-18 03:06:31,3,1,-13,1095.38,0
ERP-004145,2025-05,Manual,U009,U007,2025-05-06 08:16:43,8,0,-25,5484.03,0
ERP-004146,2025-05,Interface,U010,U001,2025-05-10 23:44:22,23,1,-21,3991.87,0
ERP-004147,2025-05,Interface,U010,U001,2025-05-22 03:47:43,3,0,-9,1294.27,0
ERP-004148,2025-05,Interface,U010,U001,2025-05-11 23:59:14,23,1,-20,-820.7,0
ERP-004149,2025-05,Interface,U010,U001,2025-05-09 23:40:39,23,0,-22,-11412.36,0
ERP-004150,2025-05,Interface,U010,U001,2025-05-21 22:03:24,22,0,-10,1688.0,0
ERP-004151,2025-05,Interface,U010,U001,2025-05-21 23:33:45,23,0,-10,771.77,0
ERP-004152,2025-05,Interface,U010,U001,2025-05-21 03:43:28,3,0,-10,-2964.56,0
ERP-004153,2025-05,Recurring,U011,U001,2025-05-13 23:34:50,23,0,-18,1837.99,0
ERP-004154,2025-05,Interface,U010,U001,2025-05-13 02:40:18,2,0,-18,3322.38,0
ERP-004155,2025-05,Recurring,U011,U001,2025-05-09 04:28:50,4,0,-22,253.25,0
ERP-004156,2025-05,Manual,U009,U006,2025-05-26 15:38:56,15,0,-5,644.29,0
ERP-004157,2025-05,Manual,U008,U005,2025-05-18 14:04:01,14,1,-13,6691.41,0
ERP-004158,2025-05,Interface,U010,U001,2025-05-20 23:42:11,23,0,-11,-1315.13,0
ERP-004159,2025-05,Interface,U010,U001,2025-05-22 04:31:15,4,0,-9,4500.52,0
ERP-004160,2025-05,Interface,U010,U001,2025-05-19 23:34:00,23,0,-12,-175.35,0
ERP-004161,2025-05,Manual,U007,U007,2025-05-07 12:00:30,12,0,-24,-9815.78,0
ERP-004162,2025-05,Manual,U004,U006,2025-05-18 09:49:14,9,1,-13,-4644.47,0
ERP-004163,2025-05,Interface,U010,U001,2025-05-06 02:27:04,2,0,-25,1422.06,0
ERP-004164,2025-05,Recurring,U011,U001,2025-05-23 22:12:57,22,0,-8,442.99,0
ERP-004165,2025-05,Interface,U010,U001,2025-05-26 04:22:30,4,0,-5,-4187.02,0
ERP-004166,2025-05,Manual,U009,U001,2025-05-25 11:32:32,11,1,-6,2967.96,1
ERP-004167,2025-05,Interface,U010,U001,2025-05-12 04:05:47,4,0,-19,1912.73,0
ERP-004168,2025-05,Interface,U010,U001,2025-05-08 04:45:21,4,0,-23,-841.26,0
ERP-004169,2025-05,Interface,U010,U001,2025-05-07 02:08:43,2,0,-24,1931.65,0
ERP-004170,2025-05,Interface,U010,U001,2025-05-31 22:52:19,22,1,0,2373.59,0
ERP-004171,2025-05,Interface,U010,U001,2025-05-24 22:47:44,22,1,-7,-1196.37,0
ERP-004172,2025-05,Manual,U005,U002,2025-05-27 13:19:06,13,0,-4,297.36,0
ERP-004173,2025-05,Manual,U009,U007,2025-05-15 14:23:18,14,0,-16,4868.69,0
ERP-004174,2025-05,Manual,U003,U005,2025-05-30 08:22:48,8,0,-1,1966.56,0
ERP-004175,2025-05,Interface,U010,U001,2025-05-28 03:50:36,3,0,-3,-4487.79,0
ERP-004176,2025-05,Interface,U010,U001,2025-05-25 23:29:50,23,1,-6,11960.64,1
ERP-004177,2025-05,Manual,U008,U003,2025-05-02 13:04:54,13,0,-29,-6812.86,0
ERP-004178,2025-05,Interface,U010,U001,2025-05-27 23:57:34,23,0,-4,-10982.75,0
ERP-004179,2025-05,Manual,U003,U003,2025-05-18 15:51:02,15,1,-13,2659.76,0
ERP-004180,2025-05,Interface,U010,U001,2025-05-10 03:03:17,3,1,-21,3674.05,0
ERP-004181,2025-05,Interface,U010,U001,2025-05-03 04:17:59,4,1,-28,540.36,0
ERP-004182,2025-05,Interface,U010,U001,2025-05-03 04:46:11,4,1,-28,441.52,0
ERP-004183,2025-05,Interface,U010,U001,2025-05-25 04:07:50,4,1,-6,1046.87,0
ERP-004184,2025-05,Interface,U010,U001,2025-05-29 02:15:04,2,0,-2,749.83,0
ERP-004185,2025-05,Interface,U010,U001,2025-05-07 04:48:17,4,0,-24,-1552.11,0
ERP-004186,2025-05,Interface,U010,U001,2025-05-02 02:07:39,2,0,-29,19517.56,0
ERP-004187,2025-05,Recurring,U011,U001,2025-05-08 04:59:20,4,0,-23,-2310.89,0
ERP-004188,2025-05,Manual,U004,U006,2025-05-24 15:42:09,15,1,-7,3602.83,0
ERP-004189,2025-05,Manual,U003,U003,2025-05-10 13:25:26,13,1,-21,1975.12,0
ERP-004190,2025-05,Interface,U010,U001,2025-05-02 03:49:43,3,0,-29,1094.58,0
ERP-004191,2025-05,Interface,U010,U001,2025-05-09 04:47:53,4,0,-22,-3122.66,0
ERP-004192,2025-05,Interface,U010,U001,2025-05-30 02:03:42,2,0,-1,-1410.74,0
ERP-004193,2025-05,Interface,U010,U001,2025-05-09 02:18:13,2,0,-22,-1806.2,0
ERP-004194,2025-05,Interface,U010,U001,2025-05-15 03:46:09,3,0,-16,-4647.26,0
ERP-004195,2025-05,Recurring,U011,U001,2025-05-31 02:47:47,2,1,0,-958.31,0
ERP-004196,2025-05,Interface,U010,U001,2025-05-21 04:57:58,4,0,-10,-1491.67,0
ERP-004197,2025-05,Manual,U006,U002,2025-05-01 09:38:57,9,0,-30,-7127.36,0
ERP-004198,2025-05,Interface,U010,U001,2025-05-30 02:13:06,2,0,-1,14658.76,0
ERP-004199,2025-05,Interface,U010,U001,2025-05-29 04:16:40,4,0,-2,1760.26,0
ERP-004200,2025-05,Manual,U005,U006,2025-05-13 14:12:44,14,0,-18,249.71,0
ERP-004201,2025-05,Interface,U010,U001,2025-05-03 23:32:11,23,1,-28,1264.21,0
ERP-004202,2025-05,Interface,U010,U001,2025-05-13 04:33:14,4,0,-18,3929.41,0
ERP-004203,2025-05,Interface,U010,U001,2025-05-21 23:14:17,23,0,-10,372.71,0
ERP-004204,2025-05,Interface,U010,U001,2025-05-16 23:21:49,23,0,-15,-157.02,1
ERP-004205,2025-05,Manual,U007,U007,2025-05-21 12:19:10,12,0,-10,-5622.98,0
ERP-004206,2025-05,Recurring,U011,U001,2025-05-01 02:24:25,2,0,-30,1926.71,0
ERP-004207,2025-05,Interface,U010,U001,2025-05-09 03:53:03,3,0,-22,3131.92,0
ERP-004208,2025-05,Interface,U010,U001,2025-05-21 23:24:30,23,0,-10,493.47,0
ERP-004209,2025-05,Interface,U010,U001,2025-05-21 04:30:19,4,0,-10,-880.01,0
ERP-004210,2025-05,Recurring,U011,U001,2025-05-22 03:13:19,3,0,-9,257.26,0
ERP-004211,2025-05,Interface,U010,U001,2025-05-10 03:43:03,3,1,-21,1917.1,0
ERP-004212,2025-05,Interface,U010,U001,2025-05-28 04:51:47,4,0,-3,2566.6,0
ERP-004213,2025-05,Recurring,U011,U001,2025-05-05 22:38:19,22,0,-26,346.74,0
ERP-004214,2025-05,Manual,U002,U004,2025-05-15 13:34:23,13,0,-16,1608.33,0
ERP-004215,2025-05,Manual,U002,U008,2025-05-11 09:46:28,9,1,-20,-267.5,0
ERP-004216,2025-05,Manual,U006,U008,2025-05-11 11:10:16,11,1,-20,-8072.82,0
ERP-004217,2025-05,Interface,U010,U001,2025-05-12 04:10:08,4,0,-19,1069.59,0
ERP-004218,2025-05,Manual,U002,U006,2025-05-13 13:00:03,13,0,-18,-1491.98,0
ERP-004219,2025-05,Interface,U010,U001,2025-05-16 23:52:12,23,0,-15,9234.22,1
ERP-004220,2025-05,Interface,U010,U001,2025-05-13 22:11:41,22,0,-18,905.03,0
ERP-004221,2025-05,Interface,U010,U001,2025-05-07 23:20:09,23,0,-24,1833.04,0
ERP-004222,2025-05,Interface,U010,U001,2025-05-15 23:20:55,23,0,-16,551.5,0
ERP-004223,2025-05,Interface,U010,U001,2025-05-04 04:15:34,4,1,-27,4921.35,0
ERP-004224,2025-05,Interface,U010,U001,2025-05-20 03:33:09,3,0,-11,-2958.0,0
ERP-004225,2025-05,Recurring,U011,U001,2025-05-06 03:06:27,3,0,-25,-624.06,0
ERP-004226,2025-05,Interface,U010,U001,2025-05-16 03:00:58,3,0,-15,5302.48,0
ERP-004227,2025-05,Recurring,U011,U001,2025-05-19 03:07:23,3,0,-12,7687.04,0
ERP-004228,2025-05,Interface,U010,U001,2025-05-01 23:01:04,23,0,-30,7551.47,0
ERP-004229,2025-05,Manual,U007,U005,2025-05-24 09:36:39,9,1,-7,160.49,0
ERP-004230,2025-05,Interface,U010,U001,2025-05-05 23:08:40,23,0,-26,21810.92,0
ERP-004231,2025-05,Interface,U010,U001,2025-05-11 22:05:08,22,1,-20,8544.05,0
ERP-004232,2025-05,Interface,U010,U001,2025-05-09 04:16:34,4,0,-22,2427.8,0
ERP-004233,2025-05,Manual,U008,U002,2025-05-28 16:21:33,16,0,-3,1395.87,0
ERP-004234,2025-05,Interface,U010,U001,2025-05-17 04:50:39,4,1,-14,3808.18,0
ERP-004235,2025-05,Interface,U010,U001,2025-05-06 03:41:46,3,0,-25,-1870.19,0
ERP-004236,2025-05,Manual,U006,U002,2025-05-24 17:23:00,17,1,-7,3701.17,0
ERP-004237,2025-05,Recurring,U011,U001,2025-05-16 03:45:23,3,0,-15,1157.17,0
ERP-004238,2025-05,Recurring,U011,U001,2025-05-21 02:34:03,2,0,-10,5682.31,0
ERP-004239,2025-05,Interface,U010,U001,2025-05-03 22:21:34,22,1,-28,-759.95,0
ERP-004240,2025-05,Manual,U002,U005,2025-05-29 01:17:35,1,0,-2,-3374.43,0
ERP-004241,2025-05,Interface,U010,U001,2025-05-16 03:59:39,3,0,-15,430.34,0
ERP-004242,2025-05,Manual,U002,U004,2025-05-05 00:30:30,0,0,-26,1968.27,0
ERP-004243,2025-05,Manual,U007,U007,2025-05-21 08:36:39,8,0,-10,-1589.49,0
ERP-004244,2025-05,Interface,U010,U001,2025-05-01 04:32:09,4,0,-30,4589.37,0
ERP-004245,2025-05,Manual,U007,U007,2025-05-24 08:28:13,8,1,-7,-3018.31,0
ERP-004246,2025-05,Manual,U008,U002,2025-05-20 09:23:28,9,0,-11,6118.83,0
ERP-004247,2025-05,Recurring,U011,U001,2025-05-05 02:12:35,2,0,-26,910.68,0
ERP-004248,2025-05,Recurring,U011,U001,2025-05-30 04:32:21,4,0,-1,7429.94,0
ERP-004249,2025-05,Manual,U004,U002,2025-05-06 17:12:13,17,0,-25,-621.58,0
ERP-004250,2025-05,Interface,U010,U001,2025-05-26 22:46:15,22,0,-5,502.55,0
ERP-004251,2025-05,Interface,U010,U001,2025-05-18 02:10:37,2,1,-13,-1698.39,0
ERP-004252,2025-05,Interface,U010,U001,2025-05-25 03:36:14,3,1,-6,4066.59,1
ERP-004253,2025-05,Interface,U010,U001,2025-05-23 03:07:44,3,0,-8,597.83,0
ERP-004254,2025-05,Recurring,U011,U001,2025-05-23 22:02:04,22,0,-8,207.42,0
ERP-004255,2025-05,Recurring,U011,U001,2025-05-26 04:39:38,4,0,-5,4997.31,0
ERP-004256,2025-05,Recurring,U011,U001,2025-05-04 02:25:16,2,1,-27,3275.21,0
ERP-004257,2025-05,Manual,U008,U005,2025-05-10 15:48:52,15,1,-21,-715.08,0
ERP-004258,2025-05,Manual,U006,U007,2025-05-24 01:04:26,1,1,-7,-9000.0,0
ERP-004259,2025-05,Interface,U010,U001,2025-05-04 04:35:16,4,1,-27,2991.45,0
ERP-004260,2025-05,Recurring,U011,U001,2025-05-01 03:46:36,3,0,-30,2217.72,0
ERP-004261,2025-05,Interface,U010,U001,2025-05-15 04:26:41,4,0,-16,5245.35,0
ERP-004262,2025-05,Manual,U009,U003,2025-05-24 17:30:37,17,1,-7,1134.64,0
ERP-004263,2025-05,Recurring,U011,U001,2025-05-16 23:16:28,23,0,-15,1444.59,0
ERP-004264,2025-05,Interface,U010,U001,2025-05-10 22:45:10,22,1,-21,-2233.36,0
ERP-004265,2025-05,Interface,U010,U001,2025-05-01 03:31:48,3,0,-30,6491.19,0
ERP-004266,2025-05,Interface,U010,U001,2025-05-21 03:45:04,3,0,-10,6203.47,0
ERP-004267,2025-05,Interface,U010,U001,2025-05-03 23:31:05,23,1,-28,3148.78,0
ERP-004268,2025-05,Recurring,U011,U001,2025-05-24 02:22:13,2,1,-7,649.69,0
ERP-004269,2025-05,Manual,U004,U008,2025-05-12 13:39:19,13,0,-19,-1245.15,0
ERP-004270,2025-05,Manual,U006,U005,2025-05-31 08:03:47,8,1,0,5655.91,0
ERP-004271,2025-05,Interface,U010,U001,2025-05-11 02:30:29,2,1,-20,3044.2,0
ERP-004272,2025-05,Interface,U010,U001,2025-05-24 03:10:12,3,1,-7,420.38,0
ERP-004273,2025-05,Manual,U001,U008,2025-05-04 15:10:18,15,1,-27,-7271.11,0
ERP-004274,2025-05,Interface,U010,U001,2025-05-10 04:28:08,4,1,-21,-2066.61,0
ERP-004275,2025-05,Interface,U010,U001,2025-05-15 04:39:19,4,0,-16,2348.05,0
ERP-004276,2025-05,Interface,U010,U001,2025-05-26 03:14:12,3,0,-5,188.81,0
ERP-004277,2025-05,Manual,U001,U001,2025-05-22 15:35:46,15,0,-9,14898.52,0
ERP-004278,2025-05,Recurring,U011,U001,2025-05-24 22:00:30,22,1,-7,-2669.7,0
ERP-004279,2025-05,Recurring,U011,U001,2025-05-08 04:26:09,4,0,-23,-2951.58,0
ERP-004280,2025-05,Interface,U010,U001,2025-05-29 03:52:08,3,0,-2,1239.8,0
ERP-004281,2025-05,Manual,U008,U003,2025-05-10 16:32:13,16,1,-21,4333.11,0
ERP-004282,2025-05,Manual,U003,U003,2025-05-04 08:18:57,8,1,-27,5698.02,0
ERP-004283,2025-05,Recurring,U011,U001,2025-05-19 22:59:50,22,0,-12,-319.61,0
ERP-004284,2025-05,Interface,U010,U001,2025-05-29 22:46:04,22,0,-2,-474.92,0
ERP-004285,2025-05,Interface,U010,U001,2025-05-17 03:41:25,3,1,-14,688.89,0
ERP-004286,2025-05,Interface,U010,U001,2025-05-21 22:55:48,22,0,-10,876.69,0
ERP-004287,2025-05,Interface,U010,U001,2025-05-22 03:58:36,3,0,-9,1043.4,0
ERP-004288,2025-05,Recurring,U011,U001,2025-05-02 03:06:15,3,0,-29,970.12,0
ERP-004289,2025-05,Recurring,U011,U001,2025-05-09 22:23:18,22,0,-22,3689.18,0
ERP-004290,2025-05,Interface,U010,U001,2025-05-04 04:29:52,4,1,-27,22527.6,0
ERP-004291,2025-05,Manual,U008,U005,2025-05-05 13:24:27,13,0,-26,499.32,0
ERP-004292,2025-05,Manual,U001,U005,2025-05-28 13:35:46,13,0,-3,9987.89,0
ERP-004293,2025-05,Interface,U010,U001,2025-05-18 04:32:39,4,1,-13,7072.05,0
ERP-004294,2025-05,Recurring,U011,U001,2025-05-02 02:00:21,2,0,-29,-602.28,0
ERP-004295,2025-05,Recurring,U011,U001,2025-05-14 04:52:56,4,0,-17,-7262.01,0
ERP-004296,2025-05,Recurring,U011,U001,2025-05-19 04:16:36,4,0,-12,555.19,0
ERP-004297,2025-05,Interface,U010,U001,2025-05-15 03:19:48,3,0,-16,370.79,0
ERP-004298,2025-05,Interface,U010,U001,2025-05-17 03:54:05,3,1,-14,3539.89,0
ERP-004299,2025-05,Interface,U010,U001,2025-05-01 02:38:25,2,0,-30,-1711.78,0
ERP-004300,2025-05,Interface,U010,U001,2025-05-15 04:30:17,4,0,-16,-3061.29,0
ERP-004301,2025-05,Interface,U010,U001,2025-05-14 04:33:10,4,0,-17,252.61,0
ERP-004302,2025-05,Interface,U010,U001,2025-05-13 22:14:02,22,0,-18,9148.69,0
ERP-004303,2025-05,Interface,U010,U001,2025-05-23 04:04:23,4,0,-8,-753.63,0
ERP-004304,2025-05,Recurring,U011,U001,2025-05-29 02:16:27,2,0,-2,824.64,0
ERP-004305,2025-05,Interface,U010,U001,2025-05-20 03:19:03,3,0,-11,759.91,0
ERP-004306,2025-05,Interface,U010,U001,2025-05-18 03:35:26,3,1,-13,1599.3,0
ERP-004307,2025-05,Interface,U010,U001,2025-05-30 22:22:06,22,0,-1,707.04,0
ERP-004308,2025-05,Interface,U010,U001,2025-05-28 23:06:40,23,0,-3,-3260.46,0
ERP-004309,2025-05,Interface,U010,U001,2025-05-09 22:50:03,22,0,-22,-449.23,0
ERP-004310,2025-05,Interface,U010,U001,2025-05-10 03:07:22,3,1,-21,-7756.55,0
ERP-004311,2025-05,Interface,U010,U001,2025-05-28 02:00:09,2,0,-3,1170.43,0
ERP-004312,2025-05,Recurring,U011,U001,2025-05-01 03:37:24,3,0,-30,2917.85,0
ERP-004313,2025-05,Interface,U010,U001,2025-05-26 22:48:29,22,0,-5,1591.55,1
ERP-004314,2025-05,Manual,U001,U007,2025-05-22 14:56:55,14,0,-9,5009.59,0
ERP-004315,2025-05,Interface,U010,U001,2025-05-10 02:06:39,2,1,-21,2877.91,0
ERP-004316,2025-05,Interface,U010,U001,2025-05-08 03:47:41,3,0,-23,-6189.51,0
ERP-004317,2025-05,Interface,U010,U001,2025-05-01 04:16:39,4,0,-30,1233.02,0
ERP-004318,2025-05,Interface,U010,U001,2025-05-09 02:54:06,2,0,-22,450.5,0
ERP-004319,2025-05,Recurring,U011,U001,2025-05-13 02:02:35,2,0,-18,18454.71,0
ERP-004320,2025-05,Recurring,U011,U001,2025-05-23 23:41:44,23,0,-8,832.55,0
ERP-004321,2025-05,Interface,U010,U001,2025-05-31 02:20:01,2,1,0,470.42,0
ERP-004322,2025-05,Interface,U010,U001,2025-05-18 02:14:27,2,1,-13,603.33,0
ERP-004323,2025-05,Recurring,U011,U001,2025-05-29 03:29:34,3,0,-2,1818.85,0
ERP-004324,2025-05,Interface,U010,U001,2025-05-03 04:35:11,4,1,-28,2719.95,0
ERP-004325,2025-05,Recurring,U011,U001,2025-05-27 23:44:29,23,0,-4,326.15,0
ERP-004326,2025-05,Recurring,U011,U001,2025-05-29 22:41:32,22,0,-2,1107.27,0
ERP-004327,2025-05,Manual,U008,U005,2025-05-07 09:00:27,9,0,-24,1421.55,0
ERP-004328,2025-05,Interface,U010,U001,2025-05-15 03:27:45,3,0,-16,-621.24,0
ERP-004329,2025-05,Interface,U010,U001,2025-05-04 23:41:42,23,1,-27,274.1,0
ERP-004330,2025-05,Interface,U010,U001,2025-05-12 04:41:14,4,0,-19,408.99,0
ERP-004331,2025-05,Manual,U003,U005,2025-05-17 13:55:45,13,1,-14,-1604.41,0
ERP-004332,2025-05,Interface,U010,U001,2025-05-03 04:36:31,4,1,-28,5094.6,0
ERP-004333,2025-05,Manual,U009,U008,2025-05-30 10:39:44,10,0,-1,29310.05,0
ERP-004334,2025-05,Recurring,U011,U001,2025-05-17 02:25:24,2,1,-14,-2342.27,0
ERP-004335,2025-05,Interface,U010,U001,2025-05-05 23:50:38,23,0,-26,619.02,0
ERP-004336,2025-05,Manual,U009,U007,2025-05-21 17:09:17,17,0,-10,-2398.41,0
ERP-004337,2025-05,Manual,U001,U005,2025-05-29 09:10:21,9,0,-2,367.92,0
ERP-004338,2025-05,Interface,U010,U001,2025-05-24 03:30:17,3,1,-7,7494.1,0
ERP-004339,2025-05,Interface,U010,U001,2025-05-19 23:12:04,23,0,-12,1255.51,0
ERP-004340,2025-05,Interface,U010,U001,2025-05-14 03:52:34,3,0,-17,7358.69,0
ERP-004341,2025-05,Interface,U010,U001,2025-05-08 02:24:00,2,0,-23,1336.07,0
ERP-004342,2025-05,Recurring,U011,U001,2025-05-05 23:55:15,23,0,-26,801.16,0
ERP-004343,2025-05,Interface,U010,U001,2025-05-23 02:44:24,2,0,-8,-940.07,0
ERP-004344,2025-05,Manual,U007,U007,2025-05-03 17:27:56,17,1,-28,2186.04,0
ERP-004345,2025-05,Interface,U010,U001,2025-05-15 04:52:42,4,0,-16,1521.08,0
ERP-004346,2025-05,Manual,U006,U004,2025-05-27 17:06:17,17,0,-4,12575.47,0
ERP-004347,2025-05,Interface,U010,U001,2025-05-11 22:01:27,22,1,-20,-762.76,0
ERP-004348,2025-05,Interface,U010,U001,2025-05-08 03:05:12,3,0,-23,1395.61,0
ERP-004349,2025-05,Interface,U010,U001,2025-05-22 03:29:42,3,0,-9,303.02,0
ERP-004350,2025-05,Manual,U006,U003,2025-05-06 15:42:55,15,0,-25,1952.25,0
ERP-004351,2025-05,Interface,U010,U001,2025-05-01 02:01:09,2,0,-30,-2927.22,0
ERP-004352,2025-05,Manual,U003,U004,2025-05-20 12:47:57,12,0,-11,-1415.01,0
ERP-004353,2025-05,Recurring,U011,U001,2025-05-13 03:03:17,3,0,-18,1510.09,0
ERP-004354,2025-05,Interface,U010,U001,2025-05-15 02:46:37,2,0,-16,137.36,1
ERP-004355,2025-05,Recurring,U011,U001,2025-05-06 02:20:36,2,0,-25,155.05,0
ERP-004356,2025-05,Interface,U010,U001,2025-05-12 23:51:54,23,0,-19,-2783.59,0
ERP-004357,2025-05,Interface,U010,U001,2025-05-03 04:33:29,4,1,-28,3038.91,0
ERP-004358,2025-05,Interface,U010,U001,2025-05-10 03:28:36,3,1,-21,-1419.85,0
ERP-004359,2025-05,Interface,U010,U001,2025-05-11 23:12:23,23,1,-20,2155.39,0
ERP-004360,2025-05,Recurring,U011,U001,2025-05-09 03:48:30,3,0,-22,-3269.17,0
ERP-004361,2025-05,Interface,U010,U001,2025-05-13 22:57:58,22,0,-18,194.72,0
ERP-004362,2025-05,Manual,U008,U007,2025-05-28 09:22:11,9,0,-3,1847.52,0
ERP-004363,2025-05,Interface,U010,U001,2025-05-22 22:41:05,22,0,-9,1195.85,0
ERP-004364,2025-05,Interface,U010,U001,2025-05-16 04:34:37,4,0,-15,-14989.17,0
ERP-004365,2025-05,Manual,U001,U003,2025-05-26 23:43:49,23,0,-5,-659.71,0
ERP-004366,2025-05,Interface,U010,U001,2025-05-27 22:23:41,22,0,-4,2376.15,0
ERP-004367,2025-05,Manual,U005,U008,2025-05-06 08:55:56,8,0,-25,5630.6,1
ERP-004368,2025-05,Recurring,U011,U001,2025-05-21 04:03:31,4,0,-10,-739.27,0
ERP-004369,2025-05,Interface,U010,U001,2025-05-20 02:03:41,2,0,-11,1745.19,0
ERP-004370,2025-05,Interface,U010,U001,2025-05-27 04:14:06,4,0,-4,-434.47,0
ERP-004371,2025-05,Recurring,U011,U001,2025-05-05 04:38:00,4,0,-26,2823.82,0
ERP-004372,2025-05,Manual,U003,U006,2025-05-26 12:13:39,12,0,-5,5058.9,0
ERP-004373,2025-05,Interface,U010,U001,2025-05-12 23:00:06,23,0,-19,222.64,0
ERP-004374,2025-05,Interface,U010,U001,2025-05-20 23:46:31,23,0,-11,5273.4,0
ERP-004375,2025-05,Recurring,U011,U001,2025-05-10 04:41:45,4,1,-21,1864.38,0
ERP-004376,2025-05,Manual,U005,U006,2025-05-30 16:30:17,16,0,-1,533.34,0
ERP-004377,2025-05,Interface,U010,U001,2025-05-24 23:43:02,23,1,-7,2000.47,0
ERP-004378,2025-05,Interface,U010,U001,2025-05-16 22:50:21,22,0,-15,2262.29,0
ERP-004379,2025-05,Interface,U010,U001,2025-05-29 02:53:00,2,0,-2,-1546.82,0
ERP-004380,2025-05,Recurring,U011,U001,2025-05-16 23:15:45,23,0,-15,-2423.33,0
ERP-004381,2025-05,Interface,U010,U001,2025-05-21 03:18:06,3,0,-10,205.68,0
ERP-004382,2025-05,Interface,U010,U001,2025-05-04 23:11:59,23,1,-27,2187.24,0
ERP-004383,2025-05,Interface,U010,U001,2025-05-20 22:55:42,22,0,-11,-887.99,0
ERP-004384,2025-05,Interface,U010,U001,2025-05-14 02:16:27,2,0,-17,907.01,0
ERP-004385,2025-05,Interface,U010,U001,2025-05-02 04:46:10,4,0,-29,11693.97,0
ERP-004386,2025-05,Recurring,U011,U001,2025-05-22 03:27:19,3,0,-9,1556.98,0
ERP-004387,2025-05,Recurring,U011,U001,2025-05-07 04:58:50,4,0,-24,2510.17,1
ERP-004388,2025-05,Recurring,U011,U001,2025-05-29 22:51:38,22,0,-2,1301.88,0
ERP-004389,2025-05,Interface,U010,U001,2025-05-26 03:40:54,3,0,-5,1094.44,0
ERP-004390,2025-05,Interface,U010,U001,2025-05-22 03:27:31,3,0,-9,1107.01,0
ERP-004391,2025-05,Recurring,U011,U001,2025-05-23 02:10:13,2,0,-8,10830.67,0
ERP-004392,2025-05,Recurring,U011,U001,2025-05-26 04:39:34,4,0,-5,558.39,0
ERP-004393,2025-05,Interface,U010,U001,2025-05-19 03:15:52,3,0,-12,2552.82,0
ERP-004394,2025-05,Recurring,U011,U001,2025-05-03 03:43:06,3,1,-28,6058.34,0
ERP-004395,2025-05,Interface,U010,U001,2025-05-17 23:31:33,23,1,-14,-501.63,0
ERP-004396,2025-05,Interface,U010,U001,2025-05-08 03:34:43,3,0,-23,1848.46,0
ERP-004397,2025-05,Interface,U010,U001,2025-05-18 04:01:24,4,1,-13,1273.14,0
ERP-004398,2025-05,Interface,U010,U001,2025-05-14 02:22:57,2,0,-17,1873.55,0
ERP-004399,2025-05,Interface,U010,U001,2025-05-15 02:50:51,2,0,-16,1054.52,0
ERP-004400,2025-05,Manual,U001,U004,2025-05-28 00:52:09,0,0,-3,-250.99,0
ERP-004401,2025-05,Interface,U010,U001,2025-05-16 22:19:37,22,0,-15,2163.85,0
ERP-004402,2025-05,Interface,U010,U001,2025-05-25 23:10:01,23,1,-6,4664.19,0
ERP-004403,2025-05,Interface,U010,U001,2025-05-27 23:48:48,23,0,-4,-10026.03,0
ERP-004404,2025-05,Interface,U010,U001,2025-05-11 04:48:48,4,1,-20,-797.17,0
ERP-004405,2025-05,Manual,U004,U006,2025-05-24 12:00:25,12,1,-7,1514.36,0
ERP-004406,2025-05,Manual,U006,U003,2025-05-31 09:30:48,9,1,0,14208.62,0
ERP-004407,2025-05,Interface,U010,U001,2025-05-03 04:01:26,4,1,-28,-6584.81,0
ERP-004408,2025-05,Interface,U010,U001,2025-05-23 04:43:06,4,0,-8,611.15,0
ERP-004409,2025-05,Recurring,U011,U001,2025-05-07 04:23:43,4,0,-24,2857.33,0
ERP-004410,2025-05,Interface,U010,U001,2025-05-06 03:15:51,3,0,-25,2020.15,0
ERP-004411,2025-05,Interface,U010,U001,2025-05-22 02:51:21,2,0,-9,1122.66,0
ERP-004412,2025-05,Manual,U003,U001,2025-05-07 09:02:32,9,0,-24,-270.89,0
ERP-004413,2025-05,Recurring,U011,U001,2025-05-04 03:09:55,3,1,-27,3622.34,0
ERP-004414,2025-05,Manual,U007,U007,2025-05-17 16:12:54,16,1,-14,644.32,0
ERP-004415,2025-05,Recurring,U011,U001,2025-05-21 02:23:16,2,0,-10,-1466.06,0
ERP-004416,2025-05,Manual,U009,U006,2025-05-11 08:47:17,8,1,-20,3820.57,0
ERP-004417,2025-05,Manual,U008,U004,2025-05-06 09:26:02,9,0,-25,1639.02,0
ERP-004418,2025-05,Interface,U010,U001,2025-05-12 04:28:27,4,0,-19,-5087.55,0
ERP-004419,2025-05,Manual,U006,U008,2025-05-21 11:32:55,11,0,-10,-627.91,0
ERP-004420,2025-05,Manual,U004,U001,2025-05-22 10:09:54,10,0,-9,4730.55,0
ERP-004421,2025-05,Recurring,U011,U001,2025-05-27 22:18:37,22,0,-4,4733.12,0
ERP-004422,2025-05,Manual,U002,U005,2025-05-23 16:43:41,16,0,-8,775.29,0
ERP-004423,2025-05,Interface,U010,U001,2025-05-28 02:46:28,2,0,-3,842.5,0
ERP-004424,2025-05,Manual,U006,U005,2025-05-22 15:32:16,15,0,-9,1677.03,0
ERP-004425,2025-05,Interface,U010,U001,2025-05-04 23:06:52,23,1,-27,716.98,0
ERP-004426,2025-05,Interface,U010,U001,2025-05-25 04:24:58,4,1,-6,2710.33,0
ERP-004427,2025-05,Interface,U010,U001,2025-05-17 23:15:34,23,1,-14,2885.91,0
ERP-004428,2025-05,Interface,U010,U001,2025-05-15 02:43:44,2,0,-16,962.92,0
ERP-004429,2025-05,Manual,U007,U007,2025-05-02 09:52:20,9,0,-29,4942.95,0
ERP-004430,2025-05,Interface,U010,U001,2025-05-20 04:04:12,4,0,-11,-2826.3,0
ERP-004431,2025-05,Interface,U010,U001,2025-05-29 04:06:57,4,0,-2,-3438.59,0
ERP-004432,2025-05,Interface,U010,U001,2025-05-19 04:08:41,4,0,-12,385.58,0
ERP-004433,2025-05,Recurring,U011,U001,2025-05-02 04:04:04,4,0,-29,3102.22,0
ERP-004434,2025-05,Manual,U005,U002,2025-05-19 16:05:27,16,0,-12,1682.99,0
ERP-004435,2025-05,Interface,U010,U001,2025-05-06 04:10:17,4,0,-25,-1203.75,1
ERP-004436,2025-05,Interface,U010,U001,2025-05-27 23:48:43,23,0,-4,881.93,0
ERP-004437,2025-05,Interface,U010,U001,2025-05-02 03:41:07,3,0,-29,-322.52,0
ERP-004438,2025-05,Interface,U010,U001,2025-05-26 02:09:50,2,0,-5,-781.47,0
ERP-004439,2025-05,Interface,U010,U001,2025-05-19 03:11:18,3,0,-12,3642.31,0
ERP-004440,2025-05,Interface,U010,U001,2025-05-11 02:53:39,2,1,-20,1271.27,0
ERP-004441,2025-05,Interface,U010,U001,2025-05-16 23:41:29,23,0,-15,2476.36,1
ERP-004442,2025-05,Interface,U010,U001,2025-05-27 22:53:06,22,0,-4,7833.92,0
ERP-004443,2025-05,Interface,U010,U001,2025-05-10 22:43:31,22,1,-21,572.48,0
ERP-004444,2025-05,Interface,U010,U001,2025-05-22 22:17:08,22,0,-9,1587.19,0
ERP-004445,2025-05,Interface,U010,U001,2025-05-01 23:40:34,23,0,-30,3366.81,0
ERP-004446,2025-05,Manual,U005,U001,2025-05-28 01:16:33,1,0,-3,1285.55,0
ERP-004447,2025-05,Manual,U005,U003,2025-05-20 17:03:31,17,0,-11,959.92,0
ERP-004448,2025-05,Interface,U010,U001,2025-05-04 02:56:57,2,1,-27,877.08,0
ERP-004449,2025-05,Manual,U001,U008,2025-05-18 12:23:08,12,1,-13,578.92,0
ERP-004450,2025-05,Interface,U010,U001,2025-05-11 04:53:22,4,1,-20,823.63,0
ERP-004451,2025-05,Interface,U010,U001,2025-05-23 03:21:46,3,0,-8,950.6,0
ERP-004452,2025-05,Interface,U010,U001,2025-05-20 23:24:49,23,0,-11,740.99,0
ERP-004453,2025-05,Interface,U010,U001,2025-05-24 23:23:39,23,1,-7,3559.06,0
ERP-004454,2025-05,Interface,U010,U001,2025-05-18 02:43:15,2,1,-13,-6320.8,0
ERP-004455,2025-05,Interface,U010,U001,2025-05-14 03:10:58,3,0,-17,844.0,0
ERP-004456,2025-05,Interface,U010,U001,2025-05-10 02:57:16,2,1,-21,-1216.74,0
ERP-004457,2025-05,Interface,U010,U001,2025-05-17 03:34:47,3,1,-14,2732.52,0
ERP-004458,2025-05,Interface,U010,U001,2025-05-26 23:38:19,23,0,-5,2801.06,0
ERP-004459,2025-05,Interface,U010,U001,2025-05-19 04:59:04,4,0,-12,-6015.32,0
ERP-004460,2025-05,Manual,U005,U001,2025-05-15 10:45:30,10,0,-16,949.51,0
ERP-004461,2025-05,Interface,U010,U001,2025-05-11 03:15:26,3,1,-20,3628.98,0
ERP-004462,2025-05,Manual,U008,U001,2025-05-12 12:19:02,12,0,-19,1683.2,0
ERP-004463,2025-05,Interface,U010,U001,2025-05-11 02:50:54,2,1,-20,2360.87,0
ERP-004464,2025-05,Interface,U010,U001,2025-05-04 22:39:02,22,1,-27,1165.9,0
ERP-004465,2025-05,Manual,U004,U001,2025-05-13 13:40:29,13,0,-18,1553.34,0
ERP-004466,2025-05,Interface,U010,U001,2025-05-29 03:59:38,3,0,-2,1977.86,0
ERP-004467,2025-05,Recurring,U011,U001,2025-05-17 22:54:49,22,1,-14,-1085.56,0
ERP-004468,2025-05,Recurring,U011,U001,2025-05-11 22:44:55,22,1,-20,124.42,0
ERP-004469,2025-05,Manual,U005,U003,2025-05-08 08:45:52,8,0,-23,-409.82,0
ERP-004470,2025-05,Recurring,U011,U001,2025-05-23 02:16:58,2,0,-8,2440.88,0
ERP-004471,2025-05,Interface,U010,U001,2025-05-01 03:56:24,3,0,-30,-361.12,0
ERP-004472,2025-05,Recurring,U011,U001,2025-05-15 03:02:29,3,0,-16,5873.42,0
ERP-004473,2025-05,Recurring,U011,U001,2025-05-27 02:35:02,2,0,-4,1072.15,0
ERP-004474,2025-05,Recurring,U011,U001,2025-05-13 03:13:55,3,0,-18,738.94,0
ERP-004475,2025-05,Manual,U008,U001,2025-05-28 13:08:48,13,0,-3,612.92,0
ERP-004476,2025-05,Interface,U010,U001,2025-05-20 02:36:33,2,0,-11,-407.06,0
ERP-004477,2025-05,Interface,U010,U001,2025-05-02 23:14:15,23,0,-29,5663.94,0
ERP-004478,2025-05,Interface,U010,U001,2025-05-13 22:59:39,22,0,-18,-1024.31,0
ERP-004479,2025-05,Recurring,U011,U001,2025-05-17 23:18:39,23,1,-14,2023.09,0
ERP-004480,2025-05,Manual,U009,U002,2025-05-05 15:19:08,15,0,-26,2263.76,0
ERP-004481,2025-05,Manual,U008,U002,2025-05-23 09:02:45,9,0,-8,-4944.01,0
ERP-004482,2025-05,Recurring,U011,U001,2025-05-11 23:54:29,23,1,-20,-1587.0,0
ERP-004483,2025-05,Recurring,U011,U001,2025-05-05 23:32:52,23,0,-26,-219.28,0
ERP-004484,2025-05,Interface,U010,U001,2025-05-09 02:13:16,2,0,-22,890.86,0
ERP-004485,2025-05,Manual,U008,U002,2025-05-11 13:04:55,13,1,-20,10853.1,0
ERP-004486,2025-05,Interface,U010,U001,2025-05-22 04:48:14,4,0,-9,-2091.13,0
ERP-004487,2025-05,Interface,U010,U001,2025-05-11 22:08:41,22,1,-20,3924.04,0
ERP-004488,2025-05,Recurring,U011,U001,2025-05-11 03:31:37,3,1,-20,376.4,0
ERP-004489,2025-05,Recurring,U011,U001,2025-05-10 23:46:22,23,1,-21,1055.51,0
ERP-004490,2025-05,Interface,U010,U001,2025-05-01 04:42:37,4,0,-30,-760.6,0
ERP-004491,2025-05,Interface,U010,U001,2025-05-27 03:50:07,3,0,-4,247.05,0
ERP-004492,2025-05,Recurring,U011,U001,2025-05-24 04:19:49,4,1,-7,-5363.73,0
ERP-004493,2025-05,Manual,U008,U007,2025-05-08 11:46:29,11,0,-23,-779.99,0
ERP-004494,2025-05,Manual,U009,U002,2025-05-12 10:00:09,10,0,-19,1974.53,0
ERP-004495,2025-05,Interface,U010,U001,2025-05-22 03:53:57,3,0,-9,1716.7,0
ERP-004496,2025-05,Interface,U010,U001,2025-05-08 03:31:41,3,0,-23,102.67,0
ERP-004497,2025-05,Interface,U010,U001,2025-05-31 22:20:13,22,1,0,-6163.86,0
ERP-004498,2025-05,Interface,U010,U001,2025-05-30 04:05:33,4,0,-1,-3505.8,0
ERP-004499,2025-05,Interface,U010,U001,2025-05-01 03:32:05,3,0,-30,1925.6,0
ERP-004500,2025-05,Interface,U010,U001,2025-05-26 03:35:59,3,0,-5,656.15,0
ERP-004501,2025-06,Interface,U010,U001,2025-06-24 02:08:44,2,0,-6,-6107.21,0
ERP-004502,2025-06,Interface,U010,U001,2025-06-22 02:58:13,2,1,-8,2663.14,0
ERP-004503,2025-06,Interface,U010,U001,2025-06-15 22:07:54,22,1,-15,801.68,0
ERP-004504,2025-06,Manual,U006,U001,2025-06-22 13:55:26,13,1,-8,3446.6,0
ERP-004505,2025-06,Interface,U010,U001,2025-06-10 04:41:36,4,0,-20,439.49,0
ERP-004506,2025-06,Manual,U008,U007,2025-06-21 16:05:21,16,1,-9,-3843.22,0
ERP-004507,2025-06,Recurring,U011,U001,2025-06-30 02:43:30,2,0,0,1078.0,0
ERP-004508,2025-06,Manual,U003,U007,2025-06-17 08:52:37,8,0,-13,-863.78,0
ERP-004509,2025-06,Interface,U010,U001,2025-06-20 23:52:05,23,0,-10,1119.32,0
ERP-004510,2025-06,Manual,U009,U008,2025-06-11 08:31:14,8,0,-19,4052.54,0
ERP-004511,2025-06,Manual,U005,U002,2025-06-14 15:08:04,15,1,-16,-5483.67,0
ERP-004512,2025-06,Recurring,U011,U001,2025-06-24 03:30:43,3,0,-6,759.19,0
ERP-004513,2025-06,Interface,U010,U001,2025-06-05 22:01:04,22,0,-25,6183.26,0
ERP-004514,2025-06,Manual,U003,U005,2025-06-24 13:26:21,13,0,-6,724.59,0
ERP-004515,2025-06,Manual,U001,U007,2025-06-12 11:56:08,11,0,-18,247.69,0
ERP-004516,2025-06,Recurring,U011,U001,2025-06-04 23:32:39,23,0,-26,-3059.84,0
ERP-004517,2025-06,Interface,U010,U001,2025-06-13 02:07:10,2,0,-17,-3267.02,0
ERP-004518,2025-06,Interface,U010,U001,2025-06-25 04:45:07,4,0,-5,1554.14,0
ERP-004519,2025-06,Interface,U010,U001,2025-06-23 22:30:44,22,0,-7,-3052.6,0
ERP-004520,2025-06,Recurring,U011,U001,2025-06-30 22:08:59,22,0,0,-1734.32,0
ERP-004521,2025-06,Interface,U010,U001,2025-06-18 22:06:32,22,0,-12,578.63,0
ERP-004522,2025-06,Manual,U006,U007,2025-06-10 15:54:47,15,0,-20,1983.51,0
ERP-004523,2025-06,Interface,U010,U001,2025-06-15 04:35:29,4,1,-15,-627.55,0
ERP-004524,2025-06,Manual,U008,U005,2025-06-03 09:42:04,9,0,-27,3194.76,0
ERP-004525,2025-06,Interface,U010,U001,2025-06-03 02:35:58,2,0,-27,1030.93,0
ERP-004526,2025-06,Interface,U010,U001,2025-06-14 03:43:01,3,1,-16,2270.07,0
ERP-004527,2025-06,Recurring,U011,U001,2025-06-25 23:30:33,23,0,-5,-9599.7,0
ERP-004528,2025-06,Interface,U010,U001,2025-06-16 03:34:56,3,0,-14,-1017.22,0
ERP-004529,2025-06,Interface,U010,U001,2025-06-26 02:22:10,2,0,-4,-1657.25,0
ERP-004530,2025-06,Interface,U010,U001,2025-06-24 03:38:55,3,0,-6,1401.05,0
ERP-004531,2025-06,Interface,U010,U001,2025-06-25 23:22:35,23,0,-5,3853.12,1
ERP-004532,2025-06,Recurring,U011,U001,2025-06-04 02:26:32,2,0,-26,1668.24,0
ERP-004533,2025-06,Manual,U009,U001,2025-06-01 13:29:26,13,1,-29,9657.23,0
ERP-004534,2025-06,Interface,U010,U001,2025-06-13 22:38:04,22,0,-17,-1602.17,0
ERP-004535,2025-06,Interface,U010,U001,2025-06-03 22:34:08,22,0,-27,-2142.1,0
ERP-004536,2025-06,Manual,U009,U001,2025-06-23 08:31:30,8,0,-7,-262.55,0
ERP-004537,2025-06,Recurring,U011,U001,2025-06-15 04:04:28,4,1,-15,-906.59,0
ERP-004538,2025-06,Manual,U009,U008,2025-06-18 14:10:05,14,0,-12,1550.93,0
ERP-004539,2025-06,Interface,U010,U001,2025-06-17 04:11:10,4,0,-13,-1878.18,0
ERP-004540,2025-06,Interface,U010,U001,2025-06-03 02:00:11,2,0,-27,1680.12,0
ERP-004541,2025-06,Interface,U010,U001,2025-06-26 04:24:58,4,0,-4,587.69,0
ERP-004542,2025-06,Manual,U008,U005,2025-06-12 13:22:17,13,0,-18,574.04,0
ERP-004543,2025-06,Manual,U003,U002,2025-06-08 10:38:19,10,1,-22,-13397.86,0
ERP-004544,2025-06,Interface,U010,U001,2025-06-22 02:25:21,2,1,-8,3635.45,0
ERP-004545,2025-06,Interface,U010,U001,2025-06-12 03:32:44,3,0,-18,-2902.06,0
ERP-004546,2025-06,Interface,U010,U001,2025-06-23 03:36:01,3,0,-7,1363.25,0
ERP-004547,2025-06,Recurring,U011,U001,2025-06-29 23:03:06,23,1,-1,1434.71,0
ERP-004548,2025-06,Interface,U010,U001,2025-06-22 04:27:41,4,1,-8,633.74,0
ERP-004549,2025-06,Interface,U010,U001,2025-06-15 02:09:24,2,1,-15,1972.47,0
ERP-004550,2025-06,Interface,U010,U001,2025-06-07 02:54:19,2,1,-23,-1833.01,0
ERP-004551,2025-06,Interface,U010,U001,2025-06-14 04:06:16,4,1,-16,922.34,0
ERP-004552,2025-06,Interface,U010,U001,2025-06-05 03:54:52,3,0,-25,1546.09,0
ERP-004553,2025-06,Interface,U010,U001,2025-06-19 02:25:51,2,0,-11,888.96,0
ERP-004554,2025-06,Manual,U005,U007,2025-06-17 14:25:42,14,0,-13,-4741.28,0
ERP-004555,2025-06,Interface,U010,U001,2025-06-05 03:28:27,3,0,-25,-26225.89,0
ERP-004556,2025-06,Manual,U002,U006,2025-06-03 05:17:36,5,0,-27,7571.06,0
ERP-004557,2025-06,Interface,U010,U001,2025-06-16 03:47:26,3,0,-14,1818.49,0
ERP-004558,2025-06,Interface,U010,U001,2025-06-13 02:50:30,2,0,-17,-1674.51,0
ERP-004559,2025-06,Manual,U008,U003,2025-06-08 12:00:16,12,1,-22,-1765.13,0
ERP-004560,2025-06,Interface,U010,U001,2025-06-01 04:47:33,4,1,-29,2633.8,0
ERP-004561,2025-06,Manual,U004,U002,2025-06-22 10:32:47,10,1,-8,4044.65,0
ERP-004562,2025-06,Recurring,U011,U001,2025-06-16 03:22:20,3,0,-14,1781.64,0
ERP-004563,2025-06,Manual,U001,U002,2025-06-21 15:52:33,15,1,-9,1212.76,0
ERP-004564,2025-06,Manual,U008,U001,2025-06-19 16:05:29,16,0,-11,-479.7,0
ERP-004565,2025-06,Interface,U010,U001,2025-06-02 22:45:05,22,0,-28,-2524.55,0
ERP-004566,2025-06,Interface,U010,U001,2025-06-27 03:30:46,3,0,-3,-1016.06,0
ERP-004567,2025-06,Interface,U010,U001,2025-06-30 04:55:29,4,0,0,-1610.36,1
ERP-004568,2025-06,Manual,U005,U004,2025-06-08 16:56:10,16,1,-22,4579.23,0
ERP-004569,2025-06,Interface,U010,U001,2025-06-18 22:21:59,22,0,-12,-2293.28,0
ERP-004570,2025-06,Manual,U008,U007,2025-06-26 16:51:15,16,0,-4,54235.27,0
ERP-004571,2025-06,Interface,U010,U001,2025-06-22 04:49:25,4,1,-8,8377.91,0
ERP-004572,2025-06,Interface,U010,U001,2025-06-27 03:25:59,3,0,-3,-2646.27,0
ERP-004573,2025-06,Interface,U010,U001,2025-06-02 03:53:00,3,0,-28,-2170.01,0
ERP-004574,2025-06,Interface,U010,U001,2025-06-24 23:42:12,23,0,-6,-3769.81,0
ERP-004575,2025-06,Interface,U010,U001,2025-06-24 04:45:56,4,0,-6,3201.36,0
ERP-004576,2025-06,Manual,U004,U003,2025-06-08 16:42:08,16,1,-22,2006.17,0
ERP-004577,2025-06,Manual,U003,U008,2025-06-06 09:00:34,9,0,-24,2954.76,0
ERP-004578,2025-06,Interface,U010,U001,2025-06-26 23:37:21,23,0,-4,4797.5,0
ERP-004579,2025-06,Interface,U010,U001,2025-06-26 03:46:26,3,0,-4,3944.72,0
ERP-004580,2025-06,Interface,U010,U001,2025-06-09 02:05:06,2,0,-21,7358.05,0
ERP-004581,2025-06,Interface,U010,U001,2025-06-15 03:39:46,3,1,-15,90.19,0
ERP-004582,2025-06,Interface,U010,U001,2025-06-26 22:33:58,22,0,-4,-773.66,0
ERP-004583,2025-06,Interface,U010,U001,2025-06-26 04:20:15,4,0,-4,2179.87,1
ERP-004584,2025-06,Interface,U010,U001,2025-06-12 23:18:04,23,0,-18,-6608.42,0
ERP-004585,2025-06,Interface,U010,U001,2025-06-25 23:36:01,23,0,-5,989.9,0
ERP-004586,2025-06,Manual,U002,U003,2025-06-21 14:46:43,14,1,-9,2502.2,0
ERP-004587,2025-06,Manual,U003,U002,2025-06-17 15:01:47,15,0,-13,-1551.88,0
ERP-004588,2025-06,Interface,U010,U001,2025-06-02 02:54:45,2,0,-28,608.68,0
ERP-004589,2025-06,Interface,U010,U001,2025-06-23 03:01:21,3,0,-7,-786.16,0
ERP-004590,2025-06,Interface,U010,U001,2025-06-15 04:15:42,4,1,-15,824.87,0
ERP-004591,2025-06,Interface,U010,U001,2025-06-20 22:49:44,22,0,-10,7854.27,0
ERP-004592,2025-06,Recurring,U011,U001,2025-06-28 03:01:58,3,1,-2,1835.77,0
ERP-004593,2025-06,Interface,U010,U001,2025-06-09 03:27:29,3,0,-21,1640.96,0
ERP-004594,2025-06,Manual,U005,U003,2025-06-10 15:47:56,15,0,-20,11917.29,0
ERP-004595,2025-06,Recurring,U011,U001,2025-06-20 04:07:15,4,0,-10,-6216.3,0
ERP-004596,2025-06,Interface,U010,U001,2025-06-24 23:42:44,23,0,-6,942.19,0
ERP-004597,2025-06,Interface,U010,U001,2025-06-13 02:37:03,2,0,-17,-3229.41,0
ERP-004598,2025-06,Interface,U010,U001,2025-06-21 22:06:36,22,1,-9,548.79,1
ERP-004599,2025-06,Interface,U010,U001,2025-06-14 22:32:12,22,1,-16,1899.9,0
ERP-004600,2025-06,Recurring,U011,U001,2025-06-17 02:30:59,2,0,-13,556.34,0
ERP-004601,2025-06,Interface,U010,U001,2025-06-20 03:42:25,3,0,-10,-492.95,0
ERP-004602,2025-06,Interface,U010,U001,2025-06-10 23:57:57,23,0,-20,5940.17,0
ERP-004603,2025-06,Manual,U004,U002,2025-06-15 09:01:28,9,1,-15,-4928.57,0
ERP-004604,2025-06,Manual,U009,U001,2025-06-18 09:40:22,9,0,-12,-2271.51,0
ERP-004605,2025-06,Manual,U002,U008,2025-06-16 09:33:08,9,0,-14,-8000.0,0
ERP-004606,2025-06,Interface,U010,U001,2025-06-28 23:15:25,23,1,-2,-4286.98,0
ERP-004607,2025-06,Interface,U010,U001,2025-06-17 04:40:17,4,0,-13,2784.75,0
ERP-004608,2025-06,Interface,U010,U001,2025-06-17 23:48:02,23,0,-13,-760.74,0
ERP-004609,2025-06,Manual,U009,U005,2025-06-23 16:01:31,16,0,-7,-2272.44,0
ERP-004610,2025-06,Interface,U010,U001,2025-06-20 02:09:50,2,0,-10,826.45,0
ERP-004611,2025-06,Interface,U010,U001,2025-06-25 22:13:05,22,0,-5,6139.82,0
ERP-004612,2025-06,Interface,U010,U001,2025-06-30 03:08:46,3,0,0,-2325.43,0
ERP-004613,2025-06,Interface,U010,U001,2025-06-07 04:53:00,4,1,-23,4255.89,1
ERP-004614,2025-06,Manual,U002,U001,2025-06-09 17:54:14,17,0,-21,-196.58,0
ERP-004615,2025-06,Manual,U003,U006,2025-06-07 08:01:39,8,1,-23,739.31,0
ERP-004616,2025-06,Manual,U008,U001,2025-06-22 13:11:21,13,1,-8,2483.32,0
ERP-004617,2025-06,Interface,U010,U001,2025-06-19 02:18:10,2,0,-11,1178.47,0
ERP-004618,2025-06,Interface,U010,U001,2025-06-21 22:52:51,22,1,-9,3357.45,0
ERP-004619,2025-06,Recurring,U011,U001,2025-06-30 22:35:40,22,0,0,1892.84,0
ERP-004620,2025-06,Recurring,U011,U001,2025-06-21 23:09:46,23,1,-9,544.69,0
ERP-004621,2025-06,Manual,U007,U002,2025-06-05 08:56:24,8,0,-25,-5189.64,0
ERP-004622,2025-06,Interface,U010,U001,2025-06-12 02:19:36,2,0,-18,5086.61,0
ERP-004623,2025-06,Manual,U009,U008,2025-06-15 10:37:24,10,1,-15,36209.25,0
ERP-004624,2025-06,Interface,U010,U001,2025-06-08 03:35:10,3,1,-22,-692.7,0
ERP-004625,2025-06,Interface,U010,U001,2025-06-26 02:10:07,2,0,-4,1648.27,0
ERP-004626,2025-06,Interface,U010,U001,2025-06-02 02:20:46,2,0,-28,-167.12,0
ERP-004627,2025-06,Interface,U010,U001,2025-06-13 04:35:34,4,0,-17,11087.48,0
ERP-004628,2025-06,Manual,U004,U001,2025-06-17 12:25:15,12,0,-13,3428.89,0
ERP-004629,2025-06,Interface,U010,U001,2025-06-16 23:59:41,23,0,-14,1925.2,0
ERP-004630,2025-06,Interface,U010,U001,2025-06-11 02:31:52,2,0,-19,697.7,0
ERP-004631,2025-06,Manual,U002,U008,2025-06-28 10:27:35,10,1,-2,8619.5,0
ERP-004632,2025-06,Interface,U010,U001,2025-06-18 22:10:17,22,0,-12,367.87,1
ERP-004633,2025-06,Interface,U010,U001,2025-06-17 03:03:00,3,0,-13,2561.99,0
ERP-004634,2025-06,Interface,U010,U001,2025-06-14 03:14:57,3,1,-16,-1509.62,0
ERP-004635,2025-06,Manual,U006,U003,2025-06-08 11:52:04,11,1,-22,-1419.43,0
ERP-004636,2025-06,Recurring,U011,U001,2025-06-18 22:03:22,22,0,-12,2227.22,0
ERP-004637,2025-06,Manual,U005,U008,2025-06-11 12:57:02,12,0,-19,-248.87,0
ERP-004638,2025-06,Interface,U010,U001,2025-06-01 23:04:51,23,1,-29,524.46,0
ERP-004639,2025-06,Interface,U010,U001,2025-06-27 03:47:30,3,0,-3,2309.56,0
ERP-004640,2025-06,Interface,U010,U001,2025-06-09 04:23:38,4,0,-21,1560.76,0
ERP-004641,2025-06,Interface,U010,U001,2025-06-18 03:46:24,3,0,-12,2662.23,0
ERP-004642,2025-06,Interface,U010,U001,2025-06-14 23:22:25,23,1,-16,5333.7,0
ERP-004643,2025-06,Interface,U010,U001,2025-06-16 04:15:23,4,0,-14,-4312.03,0
ERP-004644,2025-06,Recurring,U011,U001,2025-06-15 22:14:53,22,1,-15,160.66,0
ERP-004645,2025-06,Manual,U003,U002,2025-06-29 16:09:42,16,1,-1,1511.43,1
ERP-004646,2025-06,Recurring,U011,U001,2025-06-18 22:46:16,22,0,-12,1174.75,0
ERP-004647,2025-06,Interface,U010,U001,2025-06-11 04:44:42,4,0,-19,617.81,0
ERP-004648,2025-06,Interface,U010,U001,2025-06-30 04:52:19,4,0,0,8010.36,0
ERP-004649,2025-06,Recurring,U011,U001,2025-06-27 02:36:59,2,0,-3,3780.35,0
ERP-004650,2025-06,Interface,U010,U001,2025-06-03 03:39:33,3,0,-27,1156.14,0
ERP-004651,2025-06,Interface,U010,U001,2025-06-06 03:10:26,3,0,-24,12106.81,0
ERP-004652,2025-06,Interface,U010,U001,2025-06-19 04:15:47,4,0,-11,5047.66,0
ERP-004653,2025-06,Interface,U010,U001,2025-06-06 22:09:50,22,0,-24,678.15,0
ERP-004654,2025-06,Interface,U010,U001,2025-06-07 03:28:51,3,1,-23,1001.23,0
ERP-004655,2025-06,Interface,U010,U001,2025-06-03 03:13:36,3,0,-27,2736.31,0
ERP-004656,2025-06,Manual,U005,U003,2025-06-16 08:12:13,8,0,-14,702.75,0
ERP-004657,2025-06,Manual,U004,U006,2025-06-05 13:51:43,13,0,-25,422.95,0
ERP-004658,2025-06,Interface,U010,U001,2025-06-17 04:30:47,4,0,-13,1479.6,0
ERP-004659,2025-06,Interface,U010,U001,2025-06-24 03:21:50,3,0,-6,-3740.88,0
ERP-004660,2025-06,Interface,U010,U001,2025-06-11 23:18:40,23,0,-19,749.91,0
ERP-004661,2025-06,Interface,U010,U001,2025-06-12 22:26:04,22,0,-18,1175.63,0
ERP-004662,2025-06,Interface,U010,U001,2025-06-01 02:34:44,2,1,-29,-1514.0,0
ERP-004663,2025-06,Interface,U010,U001,2025-06-14 23:25:10,23,1,-16,1080.44,0
ERP-004664,2025-06,Interface,U010,U001,2025-06-08 02:56:54,2,1,-22,6200.87,0
ERP-004665,2025-06,Manual,U006,U003,2025-06-27 12:16:19,12,0,-3,407.43,0
ERP-004666,2025-06,Recurring,U011,U001,2025-06-27 23:06:21,23,0,-3,2410.26,0
ERP-004667,2025-06,Interface,U010,U001,2025-06-10 23:21:51,23,0,-20,-5817.93,0
ERP-004668,2025-06,Interface,U010,U001,2025-06-24 04:48:22,4,0,-6,51432.24,0
ERP-004669,2025-06,Recurring,U011,U001,2025-06-02 02:21:25,2,0,-28,-425.54,0
ERP-004670,2025-06,Manual,U004,U008,2025-06-07 16:19:43,16,1,-23,2298.01,0
ERP-004671,2025-06,Recurring,U011,U001,2025-06-11 02:21:00,2,0,-19,2580.97,0
ERP-004672,2025-06,Recurring,U011,U001,2025-06-11 22:20:31,22,0,-19,1039.36,0
ERP-004673,2025-06,Interface,U010,U001,2025-06-26 04:58:44,4,0,-4,2350.39,0
ERP-004674,2025-06,Recurring,U011,U001,2025-06-18 03:43:08,3,0,-12,-8501.81,0
ERP-004675,2025-06,Interface,U010,U001,2025-06-14 23:20:14,23,1,-16,-2827.32,0
ERP-004676,2025-06,Recurring,U011,U001,2025-06-10 03:55:52,3,0,-20,891.02,0
ERP-004677,2025-06,Interface,U010,U001,2025-06-09 03:58:53,3,0,-21,271.48,0
ERP-004678,2025-06,Interface,U010,U001,2025-06-16 03:54:32,3,0,-14,7933.85,0
ERP-004679,2025-06,Interface,U010,U001,2025-06-16 22:52:43,22,0,-14,-2980.27,0
ERP-004680,2025-06,Interface,U010,U001,2025-06-19 23:29:56,23,0,-11,9305.33,0
ERP-004681,2025-06,Interface,U010,U001,2025-06-30 02:34:03,2,0,0,-763.36,0
ERP-004682,2025-06,Interface,U010,U001,2025-06-14 03:44:21,3,1,-16,1047.53,0
ERP-004683,2025-06,Interface,U010,U001,2025-06-20 03:56:33,3,0,-10,-1763.66,0
ERP-004684,2025-06,Interface,U010,U001,2025-06-28 02:20:17,2,1,-2,3488.14,0
ERP-004685,2025-06,Interface,U010,U001,2025-06-29 22:32:04,22,1,-1,-220.7,0
ERP-004686,2025-06,Interface,U010,U001,2025-06-11 03:05:57,3,0,-19,897.11,0
ERP-004687,2025-06,Recurring,U011,U001,2025-06-11 03:36:20,3,0,-19,3577.67,0
ERP-004688,2025-06,Interface,U010,U001,2025-06-10 04:32:10,4,0,-20,868.9,0
ERP-004689,2025-06,Recurring,U011,U001,2025-06-22 03:19:17,3,1,-8,1575.26,0
ERP-004690,2025-06,Recurring,U011,U001,2025-06-23 03:32:10,3,0,-7,2013.3,0
ERP-004691,2025-06,Recurring,U011,U001,2025-06-01 03:02:41,3,1,-29,2260.18,0
ERP-004692,2025-06,Manual,U009,U001,2025-06-02 15:19:32,15,0,-28,647.09,0
ERP-004693,2025-06,Interface,U010,U001,2025-06-10 02:14:38,2,0,-20,1535.09,0
ERP-004694,2025-06,Interface,U010,U001,2025-06-09 02:52:42,2,0,-21,587.33,0
ERP-004695,2025-06,Interface,U010,U001,2025-06-10 04:30:56,4,0,-20,740.18,0
ERP-004696,2025-06,Recurring,U011,U001,2025-06-23 04:02:04,4,0,-7,4964.17,0
ERP-004697,2025-06,Interface,U010,U001,2025-06-28 03:16:43,3,1,-2,-682.75,0
ERP-004698,2025-06,Manual,U002,U004,2025-06-04 11:09:53,11,0,-26,25971.66,0
ERP-004699,2025-06,Manual,U007,U006,2025-06-30 21:23:16,21,0,0,344.29,0
ERP-004700,2025-06,Manual,U009,U003,2025-06-10 08:28:30,8,0,-20,273.76,0
ERP-004701,2025-06,Interface,U010,U001,2025-06-19 22:33:19,22,0,-11,2296.97,0
ERP-004702,2025-06,Interface,U010,U001,2025-06-24 02:57:29,2,0,-6,-1232.3,0
ERP-004703,2025-06,Manual,U003,U003,2025-06-09 21:41:18,21,0,-21,818.55,0
ERP-004704,2025-06,Recurring,U011,U001,2025-06-21 03:27:03,3,1,-9,8040.98,0
ERP-004705,2025-06,Interface,U010,U001,2025-06-14 03:38:55,3,1,-16,1943.72,0
ERP-004706,2025-06,Manual,U005,U006,2025-06-02 11:52:33,11,0,-28,-1062.79,0
ERP-004707,2025-06,Interface,U010,U001,2025-06-13 23:57:51,23,0,-17,444.72,0
ERP-004708,2025-06,Manual,U001,U005,2025-06-30 17:17:35,17,0,0,6431.78,0
ERP-004709,2025-06,Interface,U010,U001,2025-06-20 23:39:41,23,0,-10,774.87,0
ERP-004710,2025-06,Interface,U010,U001,2025-06-18 23:20:10,23,0,-12,-1155.9,0
ERP-004711,2025-06,Interface,U010,U001,2025-06-04 22:26:20,22,0,-26,-5182.31,0
ERP-004712,2025-06,Manual,U002,U003,2025-06-30 16:53:10,16,0,0,964.24,0
ERP-004713,2025-06,Interface,U010,U001,2025-06-04 03:07:07,3,0,-26,243.59,0
ERP-004714,2025-06,Interface,U010,U001,2025-06-21 02:02:21,2,1,-9,-122.34,0
ERP-004715,2025-06,Interface,U010,U001,2025-06-04 03:27:10,3,0,-26,1330.98,0
ERP-004716,2025-06,Interface,U010,U001,2025-06-11 02:05:09,2,0,-19,-7037.42,0
ERP-004717,2025-06,Recurring,U011,U001,2025-06-19 02:49:27,2,0,-11,-477.1,0
ERP-004718,2025-06,Interface,U010,U001,2025-06-28 02:41:01,2,1,-2,579.86,0
ERP-004719,2025-06,Interface,U010,U001,2025-06-25 04:13:22,4,0,-5,774.51,0
ERP-004720,2025-06,Interface,U010,U001,2025-06-24 22:14:15,22,0,-6,-672.02,0
ERP-004721,2025-06,Interface,U010,U001,2025-06-12 03:33:20,3,0,-18,-1852.78,0
ERP-004722,2025-06,Interface,U010,U001,2025-06-03 04:12:26,4,0,-27,-4955.29,0
ERP-004723,2025-06,Interface,U010,U001,2025-06-12 22:06:52,22,0,-18,-1820.94,0
ERP-004724,2025-06,Manual,U003,U007,2025-06-28 10:57:55,10,1,-2,4732.24,0
ERP-004725,2025-06,Manual,U005,U001,2025-06-25 08:21:35,8,0,-5,1126.2,0
ERP-004726,2025-06,Recurring,U011,U001,2025-06-24 04:42:51,4,0,-6,1194.79,0
ERP-004727,2025-06,Manual,U008,U007,2025-06-12 08:19:11,8,0,-18,4884.31,0
ERP-004728,2025-06,Interface,U010,U001,2025-06-15 02:12:28,2,1,-15,-6302.29,0
ERP-004729,2025-06,Interface,U010,U001,2025-06-13 04:18:14,4,0,-17,2569.66,0
ERP-004730,2025-06,Manual,U004,U003,2025-06-04 11:13:51,11,0,-26,270.59,0
ERP-004731,2025-06,Interface,U010,U001,2025-06-10 02:35:56,2,0,-20,752.6,0
ERP-004732,2025-06,Interface,U010,U001,2025-06-22 03:23:43,3,1,-8,528.1,0
ERP-004733,2025-06,Manual,U002,U007,2025-06-10 13:17:28,13,0,-20,-763.12,0
ERP-004734,2025-06,Interface,U010,U001,2025-06-01 23:15:34,23,1,-29,-301.13,0
ERP-004735,2025-06,Interface,U010,U001,2025-06-02 22:35:28,22,0,-28,5553.11,1
ERP-004736,2025-06,Interface,U010,U001,2025-06-03 22:59:09,22,0,-27,5512.84,0
ERP-004737,2025-06,Interface,U010,U001,2025-06-19 03:57:44,3,0,-11,-1873.86,0
ERP-004738,2025-06,Interface,U010,U001,2025-06-17 23:58:34,23,0,-13,-1290.47,0
ERP-004739,2025-06,Manual,U003,U005,2025-06-25 08:19:52,8,0,-5,7561.36,0
ERP-004740,2025-06,Manual,U009,U007,2025-06-07 16:58:00,16,1,-23,-701.52,0
ERP-004741,2025-06,Interface,U010,U001,2025-06-12 22:04:08,22,0,-18,4324.04,0
ERP-004742,2025-06,Manual,U004,U006,2025-06-30 14:55:22,14,0,0,2397.53,0
ERP-004743,2025-06,Interface,U010,U001,2025-06-27 04:30:34,4,0,-3,9648.58,0
ERP-004744,2025-06,Manual,U005,U001,2025-06-25 12:59:54,12,0,-5,253.75,0
ERP-004745,2025-06,Recurring,U011,U001,2025-06-07 04:34:49,4,1,-23,3574.77,0
ERP-004746,2025-06,Manual,U005,U002,2025-06-07 11:23:00,11,1,-23,736.74,0
ERP-004747,2025-06,Interface,U010,U001,2025-06-08 23:07:09,23,1,-22,-3437.77,0
ERP-004748,2025-06,Interface,U010,U001,2025-06-21 22:03:22,22,1,-9,5128.42,0
ERP-004749,2025-06,Interface,U010,U001,2025-06-08 04:31:23,4,1,-22,1375.8,0
ERP-004750,2025-06,Manual,U005,U006,2025-06-18 14:46:02,14,0,-12,7981.42,0
ERP-004751,2025-06,Manual,U007,U002,2025-06-29 12:56:24,12,1,-1,1132.47,0
ERP-004752,2025-06,Interface,U010,U001,2025-06-28 22:36:49,22,1,-2,-8382.76,0
ERP-004753,2025-06,Manual,U009,U004,2025-06-13 15:55:48,15,0,-17,-371.6,0
ERP-004754,2025-06,Interface,U010,U001,2025-06-05 22:37:02,22,0,-25,9448.29,0
ERP-004755,2025-06,Interface,U010,U001,2025-06-21 22:43:56,22,1,-9,98470.84,0
ERP-004756,2025-06,Interface,U010,U001,2025-06-27 23:08:12,23,0,-3,2582.85,0
ERP-004757,2025-06,Interface,U010,U001,2025-06-25 22:49:24,22,0,-5,969.16,0
ERP-004758,2025-06,Manual,U008,U002,2025-06-17 16:56:47,16,0,-13,-2737.48,0
ERP-004759,2025-06,Recurring,U011,U001,2025-06-09 02:30:00,2,0,-21,557.94,0
ERP-004760,2025-06,Manual,U008,U001,2025-06-08 16:21:18,16,1,-22,1865.9,0
ERP-004761,2025-06,Manual,U009,U007,2025-06-07 16:23:01,16,1,-23,-11561.56,0
ERP-004762,2025-06,Interface,U010,U001,2025-06-18 23:54:12,23,0,-12,1133.24,0
ERP-004763,2025-06,Interface,U010,U001,2025-06-14 22:24:34,22,1,-16,3469.26,0
ERP-004764,2025-06,Interface,U010,U001,2025-06-18 22:39:24,22,0,-12,-1324.36,0
ERP-004765,2025-06,Interface,U010,U001,2025-06-16 23:52:47,23,0,-14,637.44,0
ERP-004766,2025-06,Manual,U001,U003,2025-06-25 09:50:14,9,0,-5,2552.97,0
ERP-004767,2025-06,Recurring,U011,U001,2025-06-22 04:53:21,4,1,-8,1967.18,0
ERP-004768,2025-06,Interface,U010,U001,2025-06-11 02:51:57,2,0,-19,263.17,0
ERP-004769,2025-06,Manual,U002,U005,2025-06-23 15:45:12,15,0,-7,3049.21,0
ERP-004770,2025-06,Interface,U010,U001,2025-06-02 04:45:07,4,0,-28,724.5,0
ERP-004771,2025-06,Interface,U010,U001,2025-06-29 23:47:03,23,1,-1,2424.88,0
ERP-004772,2025-06,Recurring,U011,U001,2025-06-18 02:45:18,2,0,-12,2757.53,0
ERP-004773,2025-06,Manual,U009,U005,2025-06-01 14:10:21,14,1,-29,-955.4,0
ERP-004774,2025-06,Manual,U008,U008,2025-06-06 12:54:29,12,0,-24,514.0,0
ERP-004775,2025-06,Recurring,U011,U001,2025-06-13 04:08:20,4,0,-17,1131.06,0
ERP-004776,2025-06,Interface,U010,U001,2025-06-04 04:42:37,4,0,-26,-6241.55,0
ERP-004777,2025-06,Interface,U010,U001,2025-06-05 02:31:04,2,0,-25,3432.38,0
ERP-004778,2025-06,Interface,U010,U001,2025-06-23 22:56:56,22,0,-7,4697.76,0
ERP-004779,2025-06,Recurring,U011,U001,2025-06-15 22:38:27,22,1,-15,3449.79,0
ERP-004780,2025-06,Interface,U010,U001,2025-06-04 22:55:28,22,0,-26,2255.65,0
ERP-004781,2025-06,Manual,U004,U002,2025-06-08 12:13:34,12,1,-22,3134.12,0
ERP-004782,2025-06,Manual,U006,U005,2025-06-25 11:04:10,11,0,-5,6046.14,1
ERP-004783,2025-06,Interface,U010,U001,2025-06-10 03:53:47,3,0,-20,8805.16,0
ERP-004784,2025-06,Interface,U010,U001,2025-06-07 03:14:28,3,1,-23,-1056.53,0
ERP-004785,2025-06,Interface,U010,U001,2025-06-08 04:23:29,4,1,-22,-3479.44,0
ERP-004786,2025-06,Manual,U008,U002,2025-06-17 08:10:21,8,0,-13,-5336.79,0
ERP-004787,2025-06,Interface,U010,U001,2025-06-21 03:45:49,3,1,-9,9425.04,0
ERP-004788,2025-06,Interface,U010,U001,2025-06-17 02:16:09,2,0,-13,-349.15,0
ERP-004789,2025-06,Interface,U010,U001,2025-06-30 22:18:13,22,0,0,641.89,0
ERP-004790,2025-06,Interface,U010,U001,2025-06-01 04:17:47,4,1,-29,17713.57,0
ERP-004791,2025-06,Interface,U010,U001,2025-06-18 22:46:45,22,0,-12,1898.39,0
ERP-004792,2025-06,Recurring,U011,U001,2025-06-05 03:21:54,3,0,-25,-6040.55,0
ERP-004793,2025-06,Interface,U010,U001,2025-06-27 23:07:20,23,0,-3,3321.09,0
ERP-004794,2025-06,Interface,U010,U001,2025-06-29 02:28:40,2,1,-1,-1636.29,0
ERP-004795,2025-06,Interface,U010,U001,2025-06-21 02:14:34,2,1,-9,432.61,0
ERP-004796,2025-06,Recurring,U011,U001,2025-06-16 04:13:36,4,0,-14,3748.23,0
ERP-004797,2025-06,Interface,U010,U001,2025-06-20 23:17:05,23,0,-10,-1117.78,0
ERP-004798,2025-06,Manual,U005,U008,2025-06-24 08:03:40,8,0,-6,-14443.09,0
ERP-004799,2025-06,Interface,U010,U001,2025-06-07 22:23:29,22,1,-23,29684.42,0
ERP-004800,2025-06,Manual,U002,U001,2025-06-03 01:44:37,1,0,-27,-2459.09,0
ERP-004801,2025-06,Interface,U010,U001,2025-06-14 23:48:29,23,1,-16,-1013.33,0
ERP-004802,2025-06,Manual,U005,U006,2025-06-20 17:36:35,17,0,-10,2386.95,0
ERP-004803,2025-06,Interface,U010,U001,2025-06-09 23:26:02,23,0,-21,585.12,0
ERP-004804,2025-06,Interface,U010,U001,2025-06-27 23:59:01,23,0,-3,312.42,0
ERP-004805,2025-06,Manual,U007,U003,2025-06-23 17:06:25,17,0,-7,21000.0,0
ERP-004806,2025-06,Interface,U010,U001,2025-06-11 02:33:13,2,0,-19,1770.51,0
ERP-004807,2025-06,Recurring,U011,U001,2025-06-11 23:08:42,23,0,-19,1407.87,0
ERP-004808,2025-06,Interface,U010,U001,2025-06-04 23:58:17,23,0,-26,1474.36,0
ERP-004809,2025-06,Recurring,U011,U001,2025-06-30 03:36:45,3,0,0,3750.53,0
ERP-004810,2025-06,Recurring,U011,U001,2025-06-17 22:14:09,22,0,-13,1741.54,0
ERP-004811,2025-06,Interface,U010,U001,2025-06-17 03:59:27,3,0,-13,-1233.42,0
ERP-004812,2025-06,Interface,U010,U001,2025-06-25 02:29:29,2,0,-5,102.7,1
ERP-004813,2025-06,Interface,U010,U001,2025-06-30 04:02:16,4,0,0,698.73,0
ERP-004814,2025-06,Recurring,U011,U001,2025-06-23 04:38:16,4,0,-7,1435.68,0
ERP-004815,2025-06,Recurring,U011,U001,2025-06-25 03:52:33,3,0,-5,4825.85,0
ERP-004816,2025-06,Interface,U010,U001,2025-06-17 03:10:29,3,0,-13,590.86,0
ERP-004817,2025-06,Interface,U010,U001,2025-06-27 02:25:43,2,0,-3,-372.8,0
ERP-004818,2025-06,Manual,U002,U003,2025-06-26 08:49:01,8,0,-4,-7386.31,0
ERP-004819,2025-06,Interface,U010,U001,2025-06-28 04:34:44,4,1,-2,815.01,0
ERP-004820,2025-06,Interface,U010,U001,2025-06-02 03:11:06,3,0,-28,1005.61,0
ERP-004821,2025-06,Manual,U002,U007,2025-06-26 12:51:04,12,0,-4,2009.58,0
ERP-004822,2025-06,Manual,U006,U008,2025-06-05 22:33:37,22,0,-25,-1000.0,0
ERP-004823,2025-06,Recurring,U011,U001,2025-06-08 04:41:54,4,1,-22,240.17,0
ERP-004824,2025-06,Recurring,U011,U001,2025-06-18 22:36:02,22,0,-12,5373.85,0
ERP-004825,2025-06,Recurring,U011,U001,2025-06-28 03:38:41,3,1,-2,1437.15,1
ERP-004826,2025-06,Recurring,U011,U001,2025-06-30 03:18:43,3,0,0,-3315.84,0
ERP-004827,2025-06,Manual,U001,U003,2025-06-09 12:56:23,12,0,-21,6215.7,0
ERP-004828,2025-06,Interface,U010,U001,2025-06-12 04:01:32,4,0,-18,-83.67,0
ERP-004829,2025-06,Manual,U005,U008,2025-06-08 09:05:06,9,1,-22,6460.12,0
ERP-004830,2025-06,Interface,U010,U001,2025-06-15 23:05:59,23,1,-15,9308.47,0
ERP-004831,2025-06,Recurring,U011,U001,2025-06-16 23:33:12,23,0,-14,-1262.58,0
ERP-004832,2025-06,Manual,U009,U002,2025-06-27 16:23:13,16,0,-3,1067.85,0
ERP-004833,2025-06,Interface,U010,U001,2025-06-11 23:04:00,23,0,-19,-190.31,0
ERP-004834,2025-06,Interface,U010,U001,2025-06-03 03:49:24,3,0,-27,-190.75,0
ERP-004835,2025-06,Manual,U001,U006,2025-06-18 11:50:49,11,0,-12,31331.43,0
ERP-004836,2025-06,Interface,U010,U001,2025-06-07 02:25:12,2,1,-23,496.07,0
ERP-004837,2025-06,Interface,U010,U001,2025-06-27 02:52:02,2,0,-3,2252.42,0
ERP-004838,2025-06,Recurring,U011,U001,2025-06-07 03:42:49,3,1,-23,459.61,0
ERP-004839,2025-06,Interface,U010,U001,2025-06-15 23:14:46,23,1,-15,5068.74,0
ERP-004840,2025-06,Interface,U010,U001,2025-06-19 23:03:10,23,0,-11,-5135.48,0
ERP-004841,2025-06,Interface,U010,U001,2025-06-14 22:03:56,22,1,-16,407.67,0
ERP-004842,2025-06,Recurring,U011,U001,2025-06-15 04:05:19,4,1,-15,-529.44,1
ERP-004843,2025-06,Recurring,U011,U001,2025-06-24 03:57:19,3,0,-6,-865.64,0
ERP-004844,2025-06,Recurring,U011,U001,2025-06-14 22:35:28,22,1,-16,2641.18,1
ERP-004845,2025-06,Manual,U006,U004,2025-06-06 09:51:11,9,0,-24,4795.56,0
ERP-004846,2025-06,Interface,U010,U001,2025-06-06 22:36:55,22,0,-24,1069.29,0
ERP-004847,2025-06,Interface,U010,U001,2025-06-01 04:43:52,4,1,-29,702.02,0
ERP-004848,2025-06,Manual,U003,U004,2025-06-25 21:00:55,21,0,-5,302.08,0
ERP-004849,2025-06,Manual,U007,U004,2025-06-13 14:35:33,14,0,-17,1037.11,0
ERP-004850,2025-06,Interface,U010,U001,2025-06-06 04:23:04,4,0,-24,4952.23,0
ERP-004851,2025-06,Recurring,U011,U001,2025-06-22 04:07:28,4,1,-8,-1625.37,0
ERP-004852,2025-06,Interface,U010,U001,2025-06-18 23:02:08,23,0,-12,-1919.2,0
ERP-004853,2025-06,Interface,U010,U001,2025-06-01 22:45:26,22,1,-29,-3515.24,0
ERP-004854,2025-06,Interface,U010,U001,2025-06-20 22:14:29,22,0,-10,-279.24,0
ERP-004855,2025-06,Interface,U010,U001,2025-06-26 03:24:07,3,0,-4,-3890.96,0
ERP-004856,2025-06,Interface,U010,U001,2025-06-07 03:55:59,3,1,-23,-755.67,0
ERP-004857,2025-06,Manual,U006,U001,2025-06-30 16:29:59,16,0,0,-43793.29,0
ERP-004858,2025-06,Interface,U010,U001,2025-06-02 23:46:17,23,0,-28,3193.08,0
ERP-004859,2025-06,Interface,U010,U001,2025-06-11 04:22:07,4,0,-19,-1385.33,0
ERP-004860,2025-06,Interface,U010,U001,2025-06-24 03:27:48,3,0,-6,6552.76,1
ERP-004861,2025-06,Interface,U010,U001,2025-06-15 22:33:13,22,1,-15,1964.51,0
ERP-004862,2025-06,Interface,U010,U001,2025-06-19 03:52:26,3,0,-11,-6708.64,0
ERP-004863,2025-06,Interface,U010,U001,2025-06-26 04:19:19,4,0,-4,3499.32,0
ERP-004864,2025-06,Interface,U010,U001,2025-06-30 02:26:22,2,0,0,721.36,0
ERP-004865,2025-06,Manual,U006,U005,2025-06-22 14:37:16,14,1,-8,-18277.95,0
ERP-004866,2025-06,Manual,U005,U006,2025-06-04 15:47:48,15,0,-26,1335.93,0
ERP-004867,2025-06,Recurring,U011,U001,2025-06-14 22:26:42,22,1,-16,393.09,0
ERP-004868,2025-06,Manual,U009,U008,2025-06-24 15:39:16,15,0,-6,9906.79,0
ERP-004869,2025-06,Interface,U010,U001,2025-06-25 04:33:53,4,0,-5,1968.58,0
ERP-004870,2025-06,Recurring,U011,U001,2025-06-26 22:55:36,22,0,-4,6074.96,0
ERP-004871,2025-06,Interface,U010,U001,2025-06-03 23:46:41,23,0,-27,2051.7,0
ERP-004872,2025-06,Interface,U010,U001,2025-06-25 23:16:42,23,0,-5,964.93,0
ERP-004873,2025-06,Interface,U010,U001,2025-06-13 04:01:51,4,0,-17,-3401.25,0
ERP-004874,2025-06,Interface,U010,U001,2025-06-29 23:46:09,23,1,-1,632.55,0
ERP-004875,2025-06,Manual,U009,U001,2025-06-08 17:53:41,17,1,-22,332.43,1
ERP-004876,2025-06,Recurring,U011,U001,2025-06-28 04:32:17,4,1,-2,1903.69,0
ERP-004877,2025-06,Interface,U010,U001,2025-06-01 03:38:44,3,1,-29,-1688.28,0
ERP-004878,2025-06,Manual,U006,U007,2025-06-07 13:35:46,13,1,-23,-10139.96,0
ERP-004879,2025-06,Interface,U010,U001,2025-06-04 03:34:27,3,0,-26,-767.55,0
ERP-004880,2025-06,Interface,U010,U001,2025-06-03 23:06:52,23,0,-27,752.51,0
ERP-004881,2025-06,Interface,U010,U001,2025-06-21 22:10:41,22,1,-9,-1430.48,0
ERP-004882,2025-06,Interface,U010,U001,2025-06-26 04:48:18,4,0,-4,-2087.94,0
ERP-004883,2025-06,Interface,U010,U001,2025-06-08 22:55:57,22,1,-22,-2599.45,0
ERP-004884,2025-06,Interface,U010,U001,2025-06-03 23:51:21,23,0,-27,-755.7,0
ERP-004885,2025-06,Recurring,U011,U001,2025-06-15 02:04:59,2,1,-15,944.72,1
ERP-004886,2025-06,Recurring,U011,U001,2025-06-14 04:01:48,4,1,-16,-461.69,0
ERP-004887,2025-06,Recurring,U011,U001,2025-06-07 22:27:50,22,1,-23,1502.49,0
ERP-004888,2025-06,Interface,U010,U001,2025-06-27 03:50:58,3,0,-3,-2789.26,0
ERP-004889,2025-06,Recurring,U011,U001,2025-06-19 03:17:31,3,0,-11,-619.77,0
ERP-004890,2025-06,Manual,U006,U005,2025-06-22 17:12:37,17,1,-8,860.55,0
ERP-004891,2025-06,Interface,U010,U001,2025-06-10 22:01:11,22,0,-20,4895.89,0
ERP-004892,2025-06,Manual,U003,U006,2025-06-17 10:15:08,10,0,-13,795.31,0
ERP-004893,2025-06,Interface,U010,U001,2025-06-17 04:12:02,4,0,-13,-1007.31,0
ERP-004894,2025-06,Interface,U010,U001,2025-06-25 04:28:04,4,0,-5,4512.41,0
ERP-004895,2025-06,Interface,U010,U001,2025-06-09 23:13:52,23,0,-21,-4204.47,0
ERP-004896,2025-06,Interface,U010,U001,2025-06-05 22:52:02,22,0,-25,6887.9,0
ERP-004897,2025-06,Interface,U010,U001,2025-06-12 03:15:55,3,0,-18,1162.5,0
ERP-004898,2025-06,Interface,U010,U001,2025-06-22 23:33:17,23,1,-8,6062.94,1
ERP-004899,2025-06,Manual,U006,U007,2025-06-17 12:47:15,12,0,-13,-1498.65,0
ERP-004900,2025-06,Manual,U004,U003,2025-06-22 17:47:16,17,1,-8,-4281.98,0
ERP-004901,2025-06,Interface,U010,U001,2025-06-12 03:02:57,3,0,-18,3025.77,0
ERP-004902,2025-06,Interface,U010,U001,2025-06-24 04:44:21,4,0,-6,910.17,0
ERP-004903,2025-06,Recurring,U011,U001,2025-06-09 04:29:25,4,0,-21,3400.36,0
ERP-004904,2025-06,Manual,U009,U005,2025-06-05 11:16:00,11,0,-25,1142.16,0
ERP-004905,2025-06,Interface,U010,U001,2025-06-11 02:53:51,2,0,-19,-2084.8,0
ERP-004906,2025-06,Interface,U010,U001,2025-06-13 23:57:29,23,0,-17,2992.3,0
ERP-004907,2025-06,Interface,U010,U001,2025-06-02 04:24:46,4,0,-28,427.78,0
ERP-004908,2025-06,Recurring,U011,U001,2025-06-08 02:49:13,2,1,-22,2758.98,0
ERP-004909,2025-06,Recurring,U011,U001,2025-06-30 03:38:03,3,0,0,5603.19,0
ERP-004910,2025-06,Interface,U010,U001,2025-06-15 02:57:23,2,1,-15,2053.71,0
ERP-004911,2025-06,Manual,U001,U005,2025-06-07 09:22:18,9,1,-23,-2087.67,0
ERP-004912,2025-06,Interface,U010,U001,2025-06-21 03:31:28,3,1,-9,-1923.94,0
ERP-004913,2025-06,Recurring,U011,U001,2025-06-14 03:39:40,3,1,-16,-873.55,0
ERP-004914,2025-06,Manual,U009,U007,2025-06-02 09:49:16,9,0,-28,-486.4,0
ERP-004915,2025-06,Recurring,U011,U001,2025-06-06 22:38:51,22,0,-24,716.41,0
ERP-004916,2025-06,Manual,U008,U006,2025-06-09 13:39:25,13,0,-21,1429.82,0
ERP-004917,2025-06,Interface,U010,U001,2025-06-13 23:44:34,23,0,-17,4221.97,0
ERP-004918,2025-06,Manual,U006,U004,2025-06-23 16:25:16,16,0,-7,-5306.43,0
ERP-004919,2025-06,Manual,U003,U005,2025-06-23 14:34:44,14,0,-7,279.12,0
ERP-004920,2025-06,Manual,U007,U002,2025-06-16 08:31:21,8,0,-14,2512.73,0
ERP-004921,2025-06,Interface,U010,U001,2025-06-11 22:13:21,22,0,-19,1697.47,0
ERP-004922,2025-06,Manual,U009,U001,2025-06-09 12:41:09,12,0,-21,-8796.04,0
ERP-004923,2025-06,Interface,U010,U001,2025-06-29 23:53:22,23,1,-1,2568.24,0
ERP-004924,2025-06,Recurring,U011,U001,2025-06-09 23:49:48,23,0,-21,1925.92,0
ERP-004925,2025-06,Interface,U010,U001,2025-06-03 22:31:48,22,0,-27,6159.96,0
ERP-004926,2025-06,Manual,U002,U007,2025-06-16 22:51:51,22,0,-14,487.34,0
ERP-004927,2025-06,Interface,U010,U001,2025-06-08 03:45:05,3,1,-22,-3000.47,0
ERP-004928,2025-06,Interface,U010,U001,2025-06-28 02:01:35,2,1,-2,2089.98,0
ERP-004929,2025-06,Interface,U010,U001,2025-06-08 23:25:13,23,1,-22,6021.27,0
ERP-004930,2025-06,Recurring,U011,U001,2025-06-14 23:19:29,23,1,-16,-1972.45,0
ERP-004931,2025-06,Interface,U010,U001,2025-06-02 22:07:34,22,0,-28,-3128.03,0
ERP-004932,2025-06,Manual,U006,U007,2025-06-18 08:46:51,8,0,-12,-310.27,0
ERP-004933,2025-06,Interface,U010,U001,2025-06-27 23:53:07,23,0,-3,5119.97,0
ERP-004934,2025-06,Recurring,U011,U001,2025-06-18 22:18:14,22,0,-12,2456.3,0
ERP-004935,2025-06,Manual,U005,U008,2025-06-26 16:22:15,16,0,-4,7264.65,0
ERP-004936,2025-06,Manual,U005,U008,2025-06-26 15:50:42,15,0,-4,-5156.79,0
ERP-004937,2025-06,Recurring,U011,U001,2025-06-28 02:37:46,2,1,-2,1857.28,0
ERP-004938,2025-06,Interface,U010,U001,2025-06-14 22:55:40,22,1,-16,413.6,0
ERP-004939,2025-06,Recurring,U011,U001,2025-06-19 22:46:26,22,0,-11,2609.99,0
ERP-004940,2025-06,Manual,U003,U008,2025-06-11 14:35:08,14,0,-19,1037.62,0
ERP-004941,2025-06,Manual,U006,U005,2025-06-04 14:05:43,14,0,-26,2485.27,0
ERP-004942,2025-06,Interface,U010,U001,2025-06-25 03:30:49,3,0,-5,2070.59,0
ERP-004943,2025-06,Manual,U007,U004,2025-06-07 15:24:10,15,1,-23,2736.97,0
ERP-004944,2025-06,Interface,U010,U001,2025-06-03 02:44:28,2,0,-27,-1191.32,0
ERP-004945,2025-06,Recurring,U011,U001,2025-06-22 23:37:50,23,1,-8,2325.51,0
ERP-004946,2025-06,Interface,U010,U001,2025-06-15 03:57:03,3,1,-15,-2340.86,0
ERP-004947,2025-06,Manual,U008,U005,2025-06-23 16:39:41,16,0,-7,-1570.01,0
ERP-004948,2025-06,Manual,U002,U007,2025-06-23 11:23:45,11,0,-7,1508.16,0
ERP-004949,2025-06,Recurring,U011,U001,2025-06-27 03:48:50,3,0,-3,2724.0,0
ERP-004950,2025-06,Manual,U001,U008,2025-06-17 15:02:03,15,0,-13,-1555.09,0
ERP-004951,2025-06,Manual,U005,U007,2025-06-30 12:28:28,12,0,0,392.27,0
ERP-004952,2025-06,Recurring,U011,U001,2025-06-18 02:04:29,2,0,-12,-3392.1,0
ERP-004953,2025-06,Interface,U010,U001,2025-06-19 03:15:33,3,0,-11,8469.93,0
ERP-004954,2025-06,Manual,U004,U008,2025-06-17 08:47:10,8,0,-13,2519.43,0
ERP-004955,2025-06,Interface,U010,U001,2025-06-15 22:24:49,22,1,-15,4863.3,0
ERP-004956,2025-06,Manual,U002,U008,2025-06-14 08:44:56,8,1,-16,-744.25,0
ERP-004957,2025-06,Interface,U010,U001,2025-06-25 03:12:45,3,0,-5,580.34,0
ERP-004958,2025-06,Interface,U010,U001,2025-06-26 22:05:01,22,0,-4,2444.36,0
ERP-004959,2025-06,Interface,U010,U001,2025-06-20 03:48:57,3,0,-10,15505.39,0
ERP-004960,2025-06,Interface,U010,U001,2025-06-27 02:29:18,2,0,-3,-2949.56,0
ERP-004961,2025-06,Interface,U010,U001,2025-06-01 03:39:53,3,1,-29,7992.78,0
ERP-004962,2025-06,Manual,U002,U005,2025-06-01 10:22:54,10,1,-29,-756.62,0
ERP-004963,2025-06,Recurring,U011,U001,2025-06-08 04:47:30,4,1,-22,21189.82,0
ERP-004964,2025-06,Recurring,U011,U001,2025-06-30 03:48:15,3,0,0,-1586.46,0
ERP-004965,2025-06,Recurring,U011,U001,2025-06-21 03:17:54,3,1,-9,4419.37,0
ERP-004966,2025-06,Interface,U010,U001,2025-06-12 04:32:44,4,0,-18,204.7,0
ERP-004967,2025-06,Manual,U009,U001,2025-06-15 15:33:16,15,1,-15,-1982.27,0
ERP-004968,2025-06,Manual,U006,U003,2025-06-02 06:54:38,6,0,-28,1933.65,0
ERP-004969,2025-06,Interface,U010,U001,2025-06-28 04:14:45,4,1,-2,-1110.99,0
ERP-004970,2025-06,Interface,U010,U001,2025-06-29 22:55:42,22,1,-1,2660.77,0
ERP-004971,2025-06,Interface,U010,U001,2025-06-25 03:12:27,3,0,-5,134.42,0
ERP-004972,2025-06,Interface,U010,U001,2025-06-10 22:39:24,22,0,-20,753.45,0
ERP-004973,2025-06,Interface,U010,U001,2025-06-15 22:57:29,22,1,-15,2711.54,0
ERP-004974,2025-06,Recurring,U011,U001,2025-06-16 02:03:32,2,0,-14,1764.1,0
ERP-004975,2025-06,Manual,U006,U007,2025-06-30 17:33:11,17,0,0,1790.34,0
ERP-004976,2025-06,Interface,U010,U001,2025-06-07 03:24:28,3,1,-23,16003.44,0
ERP-004977,2025-06,Interface,U010,U001,2025-06-08 22:00:22,22,1,-22,248.77,0
ERP-004978,2025-06,Interface,U010,U001,2025-06-11 22:35:37,22,0,-19,-3371.12,0
ERP-004979,2025-06,Manual,U009,U002,2025-06-08 17:21:51,17,1,-22,76.31,0
ERP-004980,2025-06,Interface,U010,U001,2025-06-27 23:16:19,23,0,-3,1606.32,0
ERP-004981,2025-06,Interface,U010,U001,2025-06-14 04:30:30,4,1,-16,-3376.05,0
ERP-004982,2025-06,Recurring,U011,U001,2025-06-20 23:47:10,23,0,-10,224.54,0
ERP-004983,2025-06,Manual,U009,U003,2025-06-19 12:54:18,12,0,-11,453.13,0
ERP-004984,2025-06,Interface,U010,U001,2025-06-12 22:35:54,22,0,-18,488.59,0
ERP-004985,2025-06,Manual,U001,U006,2025-06-13 12:01:46,12,0,-17,-782.24,0
ERP-004986,2025-06,Interface,U010,U001,2025-06-03 04:24:10,4,0,-27,835.81,0
ERP-004987,2025-06,Interface,U010,U001,2025-06-16 02:41:37,2,0,-14,1447.2,0
ERP-004988,2025-06,Recurring,U011,U001,2025-06-04 23:13:58,23,0,-26,3969.7,0
ERP-004989,2025-06,Manual,U002,U008,2025-06-09 14:28:26,14,0,-21,7679.68,0
ERP-004990,2025-06,Manual,U005,U002,2025-06-29 08:16:35,8,1,-1,176.88,0
ERP-004991,2025-06,Interface,U010,U001,2025-06-19 03:25:38,3,0,-11,-4659.11,0
ERP-004992,2025-06,Interface,U010,U001,2025-06-26 22:35:58,22,0,-4,4826.37,0
ERP-004993,2025-06,Interface,U010,U001,2025-06-02 04:28:08,4,0,-28,-1489.07,0
ERP-004994,2025-06,Manual,U008,U007,2025-06-03 11:56:21,11,0,-27,828.6,0
ERP-004995,2025-06,Interface,U010,U001,2025-06-29 22:39:23,22,1,-1,-3204.59,0
ERP-004996,2025-06,Interface,U010,U001,2025-06-05 04:40:15,4,0,-25,-2587.2,0
ERP-004997,2025-06,Interface,U010,U001,2025-06-15 04:28:31,4,1,-15,10754.23,0
ERP-004998,2025-06,Recurring,U011,U001,2025-06-01 04:31:18,4,1,-29,4903.05,0
ERP-004999,2025-06,Recurring,U011,U001,2025-06-11 04:51:00,4,0,-19,2119.04,0
ERP-005000,2025-06,Interface,U010,U001,2025-06-11 03:50:35,3,0,-19,1843.55,0
ERP-005001,2025-06,Recurring,U011,U001,2025-06-17 03:43:47,3,0,-13,552.05,0
ERP-005002,2025-06,Manual,U009,U008,2025-06-19 13:02:10,13,0,-11,-869.63,0
ERP-005003,2025-06,Interface,U010,U001,2025-06-24 02:32:33,2,0,-6,1302.79,0
ERP-005004,2025-06,Interface,U010,U001,2025-06-28 02:29:14,2,1,-2,362.93,0
ERP-005005,2025-06,Interface,U010,U001,2025-06-01 02:16:26,2,1,-29,1557.0,0
ERP-005006,2025-06,Interface,U010,U001,2025-06-05 22:52:05,22,0,-25,1313.28,0
ERP-005007,2025-06,Manual,U002,U004,2025-06-08 15:45:59,15,1,-22,-2936.43,0
ERP-005008,2025-06,Interface,U010,U001,2025-06-06 23:08:21,23,0,-24,2262.26,0
ERP-005009,2025-06,Interface,U010,U001,2025-06-27 23:19:50,23,0,-3,293.52,0
ERP-005010,2025-06,Manual,U004,U007,2025-06-11 09:39:48,9,0,-19,-746.0,0
ERP-005011,2025-06,Interface,U010,U001,2025-06-25 03:46:27,3,0,-5,3037.57,0
ERP-005012,2025-06,Interface,U010,U001,2025-06-03 22:52:52,22,0,-27,11350.0,0
ERP-005013,2025-06,Interface,U010,U001,2025-06-20 02:02:09,2,0,-10,1008.31,0
ERP-005014,2025-06,Recurring,U011,U001,2025-06-27 04:36:56,4,0,-3,4033.16,0
ERP-005015,2025-06,Manual,U005,U008,2025-06-25 09:57:14,9,0,-5,-1307.2,0
ERP-005016,2025-06,Recurring,U011,U001,2025-06-21 03:07:51,3,1,-9,1203.01,0
ERP-005017,2025-06,Manual,U003,U003,2025-06-07 12:50:13,12,1,-23,5234.24,0
ERP-005018,2025-06,Interface,U010,U001,2025-06-23 23:08:47,23,0,-7,697.34,0
ERP-005019,2025-06,Interface,U010,U001,2025-06-03 03:51:58,3,0,-27,16257.06,0
ERP-005020,2025-06,Interface,U010,U001,2025-06-23 02:41:44,2,0,-7,-2971.61,0
ERP-005021,2025-06,Interface,U010,U001,2025-06-10 02:07:02,2,0,-20,-5557.08,0
ERP-005022,2025-06,Recurring,U011,U001,2025-06-02 04:18:10,4,0,-28,384.25,0
ERP-005023,2025-06,Interface,U010,U001,2025-06-14 22:51:53,22,1,-16,1254.08,0
ERP-005024,2025-06,Manual,U001,U007,2025-06-04 12:56:54,12,0,-26,28428.59,0
ERP-005025,2025-06,Interface,U010,U001,2025-06-19 04:45:30,4,0,-11,-1544.22,0
ERP-005026,2025-06,Manual,U008,U003,2025-06-30 20:43:11,20,0,0,1235.44,0
ERP-005027,2025-06,Recurring,U011,U001,2025-06-24 03:04:44,3,0,-6,3515.9,0
ERP-005028,2025-06,Interface,U010,U001,2025-06-28 23:31:08,23,1,-2,250.84,0
ERP-005029,2025-06,Interface,U010,U001,2025-06-29 23:47:35,23,1,-1,28692.63,0
ERP-005030,2025-06,Recurring,U011,U001,2025-06-14 23:08:56,23,1,-16,-1576.98,0
ERP-005031,2025-06,Interface,U010,U001,2025-06-29 22:03:54,22,1,-1,1276.88,0
ERP-005032,2025-06,Recurring,U011,U001,2025-06-15 23:23:51,23,1,-15,1698.39,0
ERP-005033,2025-06,Manual,U007,U003,2025-06-26 16:24:14,16,0,-4,2376.05,0
ERP-005034,2025-06,Interface,U010,U001,2025-06-12 22:22:09,22,0,-18,5362.46,0
ERP-005035,2025-06,Manual,U007,U002,2025-06-02 11:45:44,11,0,-28,605.26,0
ERP-005036,2025-06,Interface,U010,U001,2025-06-02 22:13:02,22,0,-28,2070.29,0
ERP-005037,2025-06,Manual,U005,U004,2025-06-27 11:58:25,11,0,-3,1588.26,0
ERP-005038,2025-06,Recurring,U011,U001,2025-06-20 04:33:34,4,0,-10,-6070.41,0
ERP-005039,2025-06,Recurring,U011,U001,2025-06-30 02:24:10,2,0,0,-3818.72,0
ERP-005040,2025-06,Interface,U010,U001,2025-06-25 02:42:31,2,0,-5,756.92,0
ERP-005041,2025-06,Manual,U005,U006,2025-06-13 15:12:57,15,0,-17,8980.36,0
ERP-005042,2025-06,Interface,U010,U001,2025-06-22 02:09:57,2,1,-8,-820.45,0
ERP-005043,2025-06,Interface,U010,U001,2025-06-16 23:13:13,23,0,-14,820.82,0
ERP-005044,2025-06,Manual,U007,U004,2025-06-17 08:57:18,8,0,-13,537.3,0
ERP-005045,2025-06,Manual,U005,U002,2025-06-13 14:09:59,14,0,-17,1596.64,0
ERP-005046,2025-06,Interface,U010,U001,2025-06-30 02:22:16,2,0,0,-2349.22,0
ERP-005047,2025-06,Recurring,U011,U001,2025-06-14 22:13:30,22,1,-16,8614.06,0
ERP-005048,2025-06,Interface,U010,U001,2025-06-29 22:29:08,22,1,-1,6821.91,0
ERP-005049,2025-06,Manual,U005,U002,2025-06-12 16:26:05,16,0,-18,-5678.43,0
ERP-005050,2025-06,Recurring,U011,U001,2025-06-25 03:15:14,3,0,-5,-3128.19,0
ERP-005051,2025-06,Interface,U010,U001,2025-06-27 04:36:45,4,0,-3,-7044.26,0
ERP-005052,2025-06,Interface,U010,U001,2025-06-02 04:38:11,4,0,-28,-2075.3,0
ERP-005053,2025-06,Manual,U005,U003,2025-06-08 15:05:10,15,1,-22,1368.24,0
ERP-005054,2025-06,Interface,U010,U001,2025-06-02 22:52:29,22,0,-28,935.01,0
ERP-005055,2025-06,Manual,U005,U008,2025-06-06 14:02:35,14,0,-24,3973.22,0
ERP-005056,2025-06,Interface,U010,U001,2025-06-25 03:09:24,3,0,-5,-11636.89,0
ERP-005057,2025-06,Manual,U006,U001,2025-06-21 09:27:40,9,1,-9,4841.22,0
ERP-005058,2025-06,Interface,U010,U001,2025-06-03 23:38:15,23,0,-27,249.39,0
ERP-005059,2025-06,Interface,U010,U001,2025-06-24 04:38:05,4,0,-6,-902.43,0
ERP-005060,2025-06,Recurring,U011,U001,2025-06-12 23:04:49,23,0,-18,-362.23,0
ERP-005061,2025-06,Manual,U005,U002,2025-06-08 08:14:29,8,1,-22,685.27,0
ERP-005062,2025-06,Recurring,U011,U001,2025-06-30 23:12:40,23,0,0,432.66,0
ERP-005063,2025-06,Recurring,U011,U001,2025-06-28 04:50:43,4,1,-2,1182.66,0
ERP-005064,2025-06,Interface,U010,U001,2025-06-24 02:47:55,2,0,-6,-2126.41,0
ERP-005065,2025-06,Manual,U006,U001,2025-06-20 14:18:09,14,0,-10,-6099.17,0
ERP-005066,2025-06,Interface,U010,U001,2025-06-25 04:21:26,4,0,-5,-1641.35,0
ERP-005067,2025-06,Interface,U010,U001,2025-06-27 23:47:41,23,0,-3,1380.67,0
ERP-005068,2025-06,Interface,U010,U001,2025-06-17 23:20:01,23,0,-13,1350.85,0
ERP-005069,2025-06,Recurring,U011,U001,2025-06-15 02:34:10,2,1,-15,2595.65,0
ERP-005070,2025-06,Interface,U010,U001,2025-06-27 02:42:25,2,0,-3,-2705.36,0
ERP-005071,2025-06,Interface,U010,U001,2025-06-10 22:03:31,22,0,-20,-3026.98,0
ERP-005072,2025-06,Interface,U010,U001,2025-06-23 02:59:18,2,0,-7,-995.7,0
ERP-005073,2025-06,Interface,U010,U001,2025-06-13 22:21:43,22,0,-17,1975.33,0
ERP-005074,2025-06,Manual,U004,U006,2025-06-30 06:42:46,6,0,0,865.04,0
ERP-005075,2025-06,Interface,U010,U001,2025-06-02 03:09:55,3,0,-28,-154.38,0
ERP-005076,2025-06,Interface,U010,U001,2025-06-30 23:33:21,23,0,0,502.0,0
ERP-005077,2025-06,Manual,U002,U007,2025-06-15 14:34:55,14,1,-15,3836.92,0
ERP-005078,2025-06,Interface,U010,U001,2025-06-21 23:28:37,23,1,-9,-759.48,1
ERP-005079,2025-06,Interface,U010,U001,2025-06-11 23:49:09,23,0,-19,-1637.38,0
ERP-005080,2025-06,Interface,U010,U001,2025-06-22 04:45:47,4,1,-8,-1278.14,1
ERP-005081,2025-06,Manual,U001,U004,2025-06-02 15:44:23,15,0,-28,684.14,0
ERP-005082,2025-06,Interface,U010,U001,2025-06-02 03:16:30,3,0,-28,544.56,0
ERP-005083,2025-06,Interface,U010,U001,2025-06-09 22:33:43,22,0,-21,377.02,0
ERP-005084,2025-06,Manual,U006,U001,2025-06-22 17:12:06,17,1,-8,3734.81,0
ERP-005085,2025-06,Interface,U010,U001,2025-06-02 22:22:21,22,0,-28,1641.33,0
ERP-005086,2025-06,Interface,U010,U001,2025-06-29 23:25:42,23,1,-1,1726.47,0
ERP-005087,2025-06,Interface,U010,U001,2025-06-29 22:45:29,22,1,-1,6283.21,0
ERP-005088,2025-06,Manual,U005,U007,2025-06-23 17:17:30,17,0,-7,4052.92,0
ERP-005089,2025-06,Manual,U003,U003,2025-06-01 13:12:48,13,1,-29,983.76,0
ERP-005090,2025-06,Interface,U010,U001,2025-06-10 23:08:02,23,0,-20,-1422.48,0
ERP-005091,2025-06,Manual,U001,U008,2025-06-03 10:03:56,10,0,-27,16052.02,0
ERP-005092,2025-06,Interface,U010,U001,2025-06-24 22:55:10,22,0,-6,4489.39,0
ERP-005093,2025-06,Interface,U010,U001,2025-06-16 02:45:08,2,0,-14,262.14,0
ERP-005094,2025-06,Manual,U003,U005,2025-06-08 08:42:13,8,1,-22,2946.3,0
ERP-005095,2025-06,Recurring,U011,U001,2025-06-18 23:25:53,23,0,-12,-1804.09,0
ERP-005096,2025-06,Interface,U010,U001,2025-06-21 02:55:47,2,1,-9,2041.8,0
ERP-005097,2025-06,Manual,U004,U004,2025-06-15 15:38:23,15,1,-15,-4097.17,0
ERP-005098,2025-06,Interface,U010,U001,2025-06-16 02:46:28,2,0,-14,13540.69,0
ERP-005099,2025-06,Interface,U010,U001,2025-06-09 04:46:06,4,0,-21,-2806.98,0
ERP-005100,2025-06,Manual,U005,U006,2025-06-15 15:27:26,15,1,-15,5136.21,1
ERP-005101,2025-06,Manual,U007,U002,2025-06-23 15:51:38,15,0,-7,-2483.42,0
ERP-005102,2025-06,Recurring,U011,U001,2025-06-28 03:12:50,3,1,-2,-1314.17,1
ERP-005103,2025-06,Recurring,U011,U001,2025-06-15 04:46:22,4,1,-15,-603.24,0
ERP-005104,2025-06,Manual,U006,U007,2025-06-08 16:37:52,16,1,-22,4252.18,0
ERP-005105,2025-06,Interface,U010,U001,2025-06-12 03:50:55,3,0,-18,5194.47,0
ERP-005106,2025-06,Interface,U010,U001,2025-06-17 03:06:10,3,0,-13,6053.26,0
ERP-005107,2025-06,Interface,U010,U001,2025-06-12 04:50:48,4,0,-18,1560.33,0
ERP-005108,2025-06,Interface,U010,U001,2025-06-26 02:40:18,2,0,-4,-1378.24,0
ERP-005109,2025-06,Interface,U010,U001,2025-06-03 04:31:38,4,0,-27,-6733.33,0
ERP-005110,2025-06,Interface,U010,U001,2025-06-20 02:31:04,2,0,-10,1609.11,0
ERP-005111,2025-06,Interface,U010,U001,2025-06-20 23:19:13,23,0,-10,3112.73,0
ERP-005112,2025-06,Manual,U004,U005,2025-06-11 16:06:09,16,0,-19,-3324.35,0
ERP-005113,2025-06,Recurring,U011,U001,2025-06-13 23:11:44,23,0,-17,418.49,0
ERP-005114,2025-06,Manual,U006,U008,2025-06-30 11:12:03,11,0,0,2366.25,0
ERP-005115,2025-06,Interface,U010,U001,2025-06-30 03:07:53,3,0,0,-4153.43,0
ERP-005116,2025-06,Interface,U010,U001,2025-06-28 23:05:23,23,1,-2,1263.15,0
ERP-005117,2025-06,Manual,U007,U004,2025-06-11 08:48:41,8,0,-19,1730.38,0
ERP-005118,2025-06,Manual,U002,U005,2025-06-10 17:23:54,17,0,-20,-1482.09,0
ERP-005119,2025-06,Interface,U010,U001,2025-06-08 03:32:16,3,1,-22,1763.5,1
ERP-005120,2025-06,Interface,U010,U001,2025-06-07 22:07:17,22,1,-23,421.44,0
ERP-005121,2025-06,Recurring,U011,U001,2025-06-18 04:05:45,4,0,-12,697.79,0
ERP-005122,2025-06,Manual,U004,U005,2025-06-16 14:17:00,14,0,-14,-1528.0,0
ERP-005123,2025-06,Interface,U010,U001,2025-06-02 22:15:57,22,0,-28,1197.0,0
ERP-005124,2025-06,Interface,U010,U001,2025-06-05 04:58:26,4,0,-25,-10423.69,0
ERP-005125,2025-06,Interface,U010,U001,2025-06-27 03:00:54,3,0,-3,490.41,0
ERP-005126,2025-06,Recurring,U011,U001,2025-06-12 04:44:41,4,0,-18,-9286.47,0
ERP-005127,2025-06,Interface,U010,U001,2025-06-03 03:27:21,3,0,-27,-302.82,0
ERP-005128,2025-06,Manual,U004,U002,2025-06-26 16:57:30,16,0,-4,2994.57,0
ERP-005129,2025-06,Interface,U010,U001,2025-06-22 04:00:40,4,1,-8,1243.85,0
ERP-005130,2025-06,Interface,U010,U001,2025-06-08 22:19:34,22,1,-22,-1570.96,0
ERP-005131,2025-06,Manual,U004,U007,2025-06-18 12:21:41,12,0,-12,5474.49,0
ERP-005132,2025-06,Manual,U007,U007,2025-06-16 14:38:34,14,0,-14,265.36,0
ERP-005133,2025-06,Recurring,U011,U001,2025-06-09 02:24:39,2,0,-21,1032.53,0
ERP-005134,2025-06,Interface,U010,U001,2025-06-03 23:23:38,23,0,-27,1539.99,0
ERP-005135,2025-06,Manual,U003,U004,2025-06-27 08:38:40,8,0,-3,2826.3,0
ERP-005136,2025-06,Interface,U010,U001,2025-06-13 23:33:18,23,0,-17,-2108.25,0
ERP-005137,2025-06,Interface,U010,U001,2025-06-28 03:29:35,3,1,-2,-1149.05,0
ERP-005138,2025-06,Interface,U010,U001,2025-06-25 02:23:41,2,0,-5,6710.47,0
ERP-005139,2025-06,Interface,U010,U001,2025-06-25 04:02:54,4,0,-5,3673.36,0
ERP-005140,2025-06,Interface,U010,U001,2025-06-11 22:27:14,22,0,-19,-5621.91,0
ERP-005141,2025-06,Interface,U010,U001,2025-06-08 23:29:14,23,1,-22,576.56,0
ERP-005142,2025-06,Manual,U007,U007,2025-06-11 17:36:41,17,0,-19,-2616.02,0
ERP-005143,2025-06,Manual,U001,U003,2025-06-03 15:29:01,15,0,-27,2672.98,0
ERP-005144,2025-06,Recurring,U011,U001,2025-06-02 22:08:14,22,0,-28,449.08,0
ERP-005145,2025-06,Manual,U003,U007,2025-06-23 14:17:18,14,0,-7,1228.52,0
ERP-005146,2025-06,Interface,U010,U001,2025-06-20 03:54:34,3,0,-10,4799.16,0
ERP-005147,2025-06,Manual,U001,U001,2025-06-01 06:09:22,6,1,-29,3790.88,0
ERP-005148,2025-06,Interface,U010,U001,2025-06-07 03:43:13,3,1,-23,-6867.68,0
ERP-005149,2025-06,Manual,U005,U004,2025-06-17 11:01:34,11,0,-13,801.52,0
ERP-005150,2025-06,Interface,U010,U001,2025-06-14 03:19:20,3,1,-16,584.15,0
ERP-005151,2025-06,Interface,U010,U001,2025-06-19 23:18:28,23,0,-11,2346.93,0
ERP-005152,2025-06,Interface,U010,U001,2025-06-10 04:15:00,4,0,-20,442.86,0
ERP-005153,2025-06,Interface,U010,U001,2025-06-01 02:56:51,2,1,-29,-339.25,0
ERP-005154,2025-06,Manual,U009,U002,2025-06-27 23:03:07,23,0,-3,-259.66,0
ERP-005155,2025-06,Interface,U010,U001,2025-06-01 02:14:45,2,1,-29,2376.02,0
ERP-005156,2025-06,Interface,U010,U001,2025-06-12 22:11:05,22,0,-18,-4448.45,0
ERP-005157,2025-06,Manual,U007,U006,2025-06-09 14:15:32,14,0,-21,8411.41,0
ERP-005158,2025-06,Recurring,U011,U001,2025-06-28 02:15:24,2,1,-2,5672.83,0
ERP-005159,2025-06,Interface,U010,U001,2025-06-29 22:51:04,22,1,-1,2682.27,0
ERP-005160,2025-06,Manual,U006,U005,2025-06-29 09:54:14,9,1,-1,2550.03,0
ERP-005161,2025-06,Manual,U007,U001,2025-06-22 15:13:00,15,1,-8,234.83,0
ERP-005162,2025-06,Interface,U010,U001,2025-06-30 23:45:23,23,0,0,216.87,0
ERP-005163,2025-06,Interface,U010,U001,2025-06-28 22:42:03,22,1,-2,-4322.45,0
ERP-005164,2025-06,Interface,U010,U001,2025-06-02 23:02:40,23,0,-28,347.94,0
ERP-005165,2025-06,Manual,U002,U001,2025-06-23 16:43:26,16,0,-7,2190.42,0
ERP-005166,2025-06,Interface,U010,U001,2025-06-09 03:02:27,3,0,-21,424.55,0
ERP-005167,2025-06,Interface,U010,U001,2025-06-16 23:36:39,23,0,-14,136.69,0
ERP-005168,2025-06,Manual,U005,U001,2025-06-18 11:44:53,11,0,-12,480.93,0
ERP-005169,2025-06,Interface,U010,U001,2025-06-26 22:24:03,22,0,-4,-539.5,0
ERP-005170,2025-06,Interface,U010,U001,2025-06-23 22:16:54,22,0,-7,430.24,0
ERP-005171,2025-06,Interface,U010,U001,2025-06-28 02:43:09,2,1,-2,4433.36,0
ERP-005172,2025-06,Manual,U005,U003,2025-06-12 14:59:19,14,0,-18,624.58,0
ERP-005173,2025-06,Interface,U010,U001,2025-06-25 23:40:58,23,0,-5,-6739.42,0
ERP-005174,2025-06,Interface,U010,U001,2025-06-23 22:00:43,22,0,-7,656.5,0
ERP-005175,2025-06,Recurring,U011,U001,2025-06-28 02:07:12,2,1,-2,7072.52,1
ERP-005176,2025-06,Interface,U010,U001,2025-06-27 04:43:18,4,0,-3,3270.27,0
ERP-005177,2025-06,Interface,U010,U001,2025-06-09 23:20:10,23,0,-21,973.71,0
ERP-005178,2025-06,Recurring,U011,U001,2025-06-02 02:56:30,2,0,-28,551.6,0
ERP-005179,2025-06,Recurring,U011,U001,2025-06-11 23:08:52,23,0,-19,5855.76,0
ERP-005180,2025-06,Recurring,U011,U001,2025-06-07 03:33:38,3,1,-23,-1238.07,0
ERP-005181,2025-06,Interface,U010,U001,2025-06-26 22:34:54,22,0,-4,7506.77,0
ERP-005182,2025-06,Interface,U010,U001,2025-06-01 03:43:19,3,1,-29,469.55,0
ERP-005183,2025-06,Recurring,U011,U001,2025-06-28 02:44:36,2,1,-2,7225.03,0
ERP-005184,2025-06,Recurring,U011,U001,2025-06-27 22:18:17,22,0,-3,1749.33,0
ERP-005185,2025-06,Interface,U010,U001,2025-06-15 22:52:23,22,1,-15,4565.71,0
ERP-005186,2025-06,Manual,U003,U007,2025-06-23 14:54:50,14,0,-7,4811.67,0
ERP-005187,2025-06,Manual,U006,U004,2025-06-10 09:26:07,9,0,-20,-1064.5,0
ERP-005188,2025-06,Manual,U004,U006,2025-06-21 11:35:43,11,1,-9,-653.08,0
ERP-005189,2025-06,Interface,U010,U001,2025-06-24 02:52:23,2,0,-6,960.1,0
ERP-005190,2025-06,Recurring,U011,U001,2025-06-04 22:29:13,22,0,-26,1019.89,0
ERP-005191,2025-06,Recurring,U011,U001,2025-06-04 22:17:03,22,0,-26,-1580.21,0
ERP-005192,2025-06,Manual,U003,U001,2025-06-28 17:03:20,17,1,-2,2203.16,0
ERP-005193,2025-06,Interface,U010,U001,2025-06-15 23:08:16,23,1,-15,2727.98,1
ERP-005194,2025-06,Interface,U010,U001,2025-06-05 04:41:09,4,0,-25,4025.69,0
ERP-005195,2025-06,Recurring,U011,U001,2025-06-08 23:28:00,23,1,-22,-1595.48,0
ERP-005196,2025-06,Interface,U010,U001,2025-06-16 02:10:16,2,0,-14,7280.25,0
ERP-005197,2025-06,Interface,U010,U001,2025-06-16 02:18:08,2,0,-14,2304.14,0
ERP-005198,2025-06,Recurring,U011,U001,2025-06-23 03:59:32,3,0,-7,2717.48,0
ERP-005199,2025-06,Manual,U004,U008,2025-06-03 09:20:08,9,0,-27,-2791.84,0
ERP-005200,2025-06,Recurring,U011,U001,2025-06-30 02:10:14,2,0,0,2932.57,0
ERP-005201,2025-06,Interface,U010,U001,2025-06-29 04:54:05,4,1,-1,-574.44,0
ERP-005202,2025-06,Manual,U004,U008,2025-06-05 10:50:24,10,0,-25,6445.36,0
ERP-005203,2025-06,Interface,U010,U001,2025-06-11 03:27:37,3,0,-19,4363.14,0
ERP-005204,2025-06,Interface,U010,U001,2025-06-11 02:04:10,2,0,-19,1640.42,0
ERP-005205,2025-06,Interface,U010,U001,2025-06-05 03:26:26,3,0,-25,594.59,0
ERP-005206,2025-06,Manual,U006,U008,2025-06-30 11:28:17,11,0,0,381.5,0
ERP-005207,2025-06,Interface,U010,U001,2025-06-23 22:23:29,22,0,-7,-408.0,0
ERP-005208,2025-06,Interface,U010,U001,2025-06-29 22:48:33,22,1,-1,1466.54,0
ERP-005209,2025-06,Interface,U010,U001,2025-06-24 03:25:21,3,0,-6,-842.76,0
ERP-005210,2025-06,Interface,U010,U001,2025-06-14 22:35:48,22,1,-16,968.49,0
ERP-005211,2025-06,Interface,U010,U001,2025-06-04 04:09:09,4,0,-26,1849.34,0
ERP-005212,2025-06,Interface,U010,U001,2025-06-25 04:36:38,4,0,-5,-1851.75,0
ERP-005213,2025-06,Interface,U010,U001,2025-06-13 02:39:07,2,0,-17,-928.34,0
ERP-005214,2025-06,Interface,U010,U001,2025-06-30 03:26:52,3,0,0,361.08,0
ERP-005215,2025-06,Interface,U010,U001,2025-06-03 23:13:01,23,0,-27,-1172.33,0
ERP-005216,2025-06,Interface,U010,U001,2025-06-13 03:10:22,3,0,-17,3245.06,0
ERP-005217,2025-06,Interface,U010,U001,2025-06-19 02:43:25,2,0,-11,745.56,0
ERP-005218,2025-06,Recurring,U011,U001,2025-06-02 22:11:27,22,0,-28,-1630.28,0
ERP-005219,2025-06,Manual,U004,U003,2025-06-16 14:48:09,14,0,-14,-431.86,0
ERP-005220,2025-06,Recurring,U011,U001,2025-06-09 02:18:01,2,0,-21,706.36,0
ERP-005221,2025-06,Recurring,U011,U001,2025-06-13 02:29:46,2,0,-17,-487.76,0
ERP-005222,2025-06,Recurring,U011,U001,2025-06-16 02:40:42,2,0,-14,401.75,0
ERP-005223,2025-06,Recurring,U011,U001,2025-06-14 22:03:13,22,1,-16,-654.28,0
ERP-005224,2025-06,Interface,U010,U001,2025-06-07 23:04:34,23,1,-23,3797.26,0
ERP-005225,2025-06,Recurring,U011,U001,2025-06-16 23:20:34,23,0,-14,-10637.49,0
ERP-005226,2025-06,Interface,U010,U001,2025-06-09 23:29:51,23,0,-21,1647.02,0
ERP-005227,2025-06,Manual,U002,U008,2025-06-22 08:14:32,8,1,-8,-1740.02,0
ERP-005228,2025-06,Recurring,U011,U001,2025-06-17 02:10:54,2,0,-13,3116.18,0
ERP-005229,2025-06,Interface,U010,U001,2025-06-04 04:19:27,4,0,-26,-2839.15,0
ERP-005230,2025-06,Interface,U010,U001,2025-06-13 22:15:04,22,0,-17,7287.1,0
ERP-005231,2025-06,Interface,U010,U001,2025-06-11 03:19:48,3,0,-19,2883.95,0
ERP-005232,2025-06,Manual,U003,U001,2025-06-23 12:53:51,12,0,-7,-694.16,0
ERP-005233,2025-06,Manual,U004,U006,2025-06-10 11:19:33,11,0,-20,-819.01,0
ERP-005234,2025-06,Manual,U007,U005,2025-06-06 17:08:44,17,0,-24,-305.46,0
ERP-005235,2025-06,Recurring,U011,U001,2025-06-14 04:30:19,4,1,-16,2213.33,0
ERP-005236,2025-06,Interface,U010,U001,2025-06-05 22:51:03,22,0,-25,1054.91,0
ERP-005237,2025-06,Interface,U010,U001,2025-06-19 03:56:43,3,0,-11,3831.99,0
ERP-005238,2025-06,Manual,U005,U003,2025-06-05 11:43:00,11,0,-25,789.35,0
ERP-005239,2025-06,Manual,U009,U006,2025-06-08 11:52:06,11,1,-22,2409.61,0
ERP-005240,2025-06,Manual,U002,U008,2025-06-12 08:28:52,8,0,-18,-2276.56,0
ERP-005241,2025-06,Interface,U010,U001,2025-06-21 03:20:27,3,1,-9,12063.28,0
ERP-005242,2025-06,Interface,U010,U001,2025-06-23 22:39:08,22,0,-7,592.45,0
ERP-005243,2025-06,Interface,U010,U001,2025-06-27 02:54:48,2,0,-3,1572.19,0
ERP-005244,2025-06,Interface,U010,U001,2025-06-27 02:08:47,2,0,-3,5620.27,0
ERP-005245,2025-06,Interface,U010,U001,2025-06-15 02:13:56,2,1,-15,790.11,0
ERP-005246,2025-06,Interface,U010,U001,2025-06-22 23:15:14,23,1,-8,3729.17,0
ERP-005247,2025-06,Recurring,U011,U001,2025-06-19 23:35:09,23,0,-11,1598.52,0
ERP-005248,2025-06,Recurring,U011,U001,2025-06-03 02:18:08,2,0,-27,290.47,0
ERP-005249,2025-06,Interface,U010,U001,2025-06-13 04:29:07,4,0,-17,1058.08,0
ERP-005250,2025-06,Interface,U010,U001,2025-06-19 23:37:19,23,0,-11,2278.15,0
ERP-005251,2025-06,Recurring,U011,U001,2025-06-28 03:02:03,3,1,-2,1128.95,0
ERP-005252,2025-06,Interface,U010,U001,2025-06-16 02:40:29,2,0,-14,175.06,0
ERP-005253,2025-06,Interface,U010,U001,2025-06-15 22:44:10,22,1,-15,-835.51,0
ERP-005254,2025-06,Manual,U006,U005,2025-06-17 13:32:37,13,0,-13,3142.01,0
ERP-005255,2025-06,Interface,U010,U001,2025-06-29 04:32:23,4,1,-1,218.27,0
ERP-005256,2025-06,Interface,U010,U001,2025-06-04 02:08:29,2,0,-26,-3550.89,0
ERP-005257,2025-06,Interface,U010,U001,2025-06-26 22:29:23,22,0,-4,6229.18,0
ERP-005258,2025-06,Interface,U010,U001,2025-06-12 03:00:39,3,0,-18,1444.79,0
ERP-005259,2025-06,Interface,U010,U001,2025-06-19 04:13:12,4,0,-11,-1013.67,0
ERP-005260,2025-06,Manual,U002,U008,2025-06-17 09:01:04,9,0,-13,1537.23,0
ERP-005261,2025-06,Interface,U010,U001,2025-06-15 04:21:50,4,1,-15,4338.9,0
ERP-005262,2025-06,Interface,U010,U001,2025-06-08 23:42:34,23,1,-22,-3398.0,0
ERP-005263,2025-06,Interface,U010,U001,2025-06-20 04:04:04,4,0,-10,770.23,0
ERP-005264,2025-06,Manual,U003,U003,2025-06-11 16:35:44,16,0,-19,-2940.34,0
ERP-005265,2025-06,Manual,U007,U004,2025-06-09 17:12:36,17,0,-21,893.94,0
ERP-005266,2025-06,Interface,U010,U001,2025-06-19 02:54:56,2,0,-11,765.84,0
ERP-005267,2025-06,Interface,U010,U001,2025-06-24 22:12:59,22,0,-6,20938.65,0
ERP-005268,2025-06,Manual,U009,U007,2025-06-11 15:35:35,15,0,-19,-3017.55,0
ERP-005269,2025-06,Interface,U010,U001,2025-06-05 02:35:38,2,0,-25,-8012.89,0
ERP-005270,2025-06,Manual,U001,U005,2025-06-18 16:57:01,16,0,-12,-6904.15,0
ERP-005271,2025-06,Recurring,U011,U001,2025-06-26 02:18:52,2,0,-4,-1493.65,0
ERP-005272,2025-06,Interface,U010,U001,2025-06-30 03:31:40,3,0,0,-1223.85,0
ERP-005273,2025-06,Manual,U004,U006,2025-06-04 17:06:24,17,0,-26,1468.36,0
ERP-005274,2025-06,Manual,U001,U004,2025-06-06 11:36:05,11,0,-24,988.88,0
ERP-005275,2025-06,Interface,U010,U001,2025-06-28 23:30:47,23,1,-2,766.82,0
ERP-005276,2025-06,Recurring,U011,U001,2025-06-22 03:45:49,3,1,-8,2634.52,0
ERP-005277,2025-06,Manual,U001,U002,2025-06-12 09:56:24,9,0,-18,3212.48,0
ERP-005278,2025-06,Interface,U010,U001,2025-06-19 02:43:33,2,0,-11,-4050.24,0
ERP-005279,2025-06,Interface,U010,U001,2025-06-08 22:39:01,22,1,-22,1404.78,0
ERP-005280,2025-06,Interface,U010,U001,2025-06-29 03:35:07,3,1,-1,3853.58,0
ERP-005281,2025-06,Interface,U010,U001,2025-06-13 03:58:03,3,0,-17,1745.99,0
ERP-005282,2025-06,Manual,U007,U007,2025-06-16 11:41:15,11,0,-14,3237.15,0
ERP-005283,2025-06,Interface,U010,U001,2025-06-07 23:49:54,23,1,-23,-286.37,0
ERP-005284,2025-06,Manual,U008,U005,2025-06-25 10:14:26,10,0,-5,1104.93,0
ERP-005285,2025-06,Interface,U010,U001,2025-06-17 02:05:25,2,0,-13,11092.68,0
ERP-005286,2025-06,Interface,U010,U001,2025-06-16 02:24:06,2,0,-14,1569.37,0
ERP-005287,2025-06,Interface,U010,U001,2025-06-14 03:23:17,3,1,-16,-1581.18,0
ERP-005288,2025-06,Interface,U010,U001,2025-06-11 23:03:02,23,0,-19,31667.09,0
ERP-005289,2025-06,Recurring,U011,U001,2025-06-24 03:13:54,3,0,-6,-7969.62,0
ERP-005290,2025-06,Interface,U010,U001,2025-06-26 23:08:31,23,0,-4,-1146.26,0
ERP-005291,2025-06,Interface,U010,U001,2025-06-08 23:21:11,23,1,-22,1800.39,0
ERP-005292,2025-06,Interface,U010,U001,2025-06-17 03:59:15,3,0,-13,4565.27,0
ERP-005293,2025-06,Manual,U009,U004,2025-06-12 16:59:04,16,0,-18,4467.99,0
ERP-005294,2025-06,Recurring,U011,U001,2025-06-05 03:49:52,3,0,-25,2609.01,0
ERP-005295,2025-06,Manual,U008,U006,2025-06-13 14:19:49,14,0,-17,1063.34,0
ERP-005296,2025-06,Interface,U010,U001,2025-06-26 02:39:54,2,0,-4,-751.8,0
ERP-005297,2025-06,Interface,U010,U001,2025-06-04 22:50:35,22,0,-26,1241.41,0
ERP-005298,2025-06,Interface,U010,U001,2025-06-25 03:50:55,3,0,-5,1446.27,0
ERP-005299,2025-06,Interface,U010,U001,2025-06-15 22:01:23,22,1,-15,169.5,0
ERP-005300,2025-06,Interface,U010,U001,2025-06-18 22:21:41,22,0,-12,-3550.28,0
ERP-005301,2025-06,Interface,U010,U001,2025-06-10 03:56:47,3,0,-20,-1417.38,0
ERP-005302,2025-06,Manual,U003,U002,2025-06-08 17:20:56,17,1,-22,1441.23,0
ERP-005303,2025-06,Recurring,U011,U001,2025-06-27 03:49:05,3,0,-3,-107.17,0
ERP-005304,2025-06,Recurring,U011,U001,2025-06-25 04:11:12,4,0,-5,1954.14,0
ERP-005305,2025-06,Interface,U010,U001,2025-06-03 04:09:00,4,0,-27,1864.23,0
ERP-005306,2025-06,Interface,U010,U001,2025-06-10 04:40:54,4,0,-20,13761.03,0
ERP-005307,2025-06,Recurring,U011,U001,2025-06-11 23:44:03,23,0,-19,1493.91,0
ERP-005308,2025-06,Manual,U004,U006,2025-06-24 17:08:26,17,0,-6,2677.98,0
ERP-005309,2025-06,Interface,U010,U001,2025-06-25 02:45:16,2,0,-5,2322.3,0
ERP-005310,2025-06,Interface,U010,U001,2025-06-26 23:21:32,23,0,-4,2506.73,0
ERP-005311,2025-06,Interface,U010,U001,2025-06-24 02:37:16,2,0,-6,1091.36,0
ERP-005312,2025-06,Interface,U010,U001,2025-06-27 04:10:18,4,0,-3,-147.66,0
ERP-005313,2025-06,Interface,U010,U001,2025-06-02 22:54:37,22,0,-28,5897.5,0
ERP-005314,2025-06,Interface,U010,U001,2025-06-18 23:24:40,23,0,-12,4282.13,0
ERP-005315,2025-06,Interface,U010,U001,2025-06-15 02:01:00,2,1,-15,1243.13,0
ERP-005316,2025-06,Manual,U009,U001,2025-06-20 23:56:05,23,0,-10,719.42,0
ERP-005317,2025-06,Manual,U003,U001,2025-06-01 08:33:57,8,1,-29,440.5,0
ERP-005318,2025-06,Interface,U010,U001,2025-06-17 23:45:47,23,0,-13,4748.52,0
ERP-005319,2025-06,Interface,U010,U001,2025-06-30 22:02:56,22,0,0,5586.22,0
ERP-005320,2025-06,Interface,U010,U001,2025-06-26 02:11:27,2,0,-4,-1330.37,0
ERP-005321,2025-06,Interface,U010,U001,2025-06-27 04:19:55,4,0,-3,-1034.79,0
ERP-005322,2025-06,Manual,U008,U005,2025-06-30 10:54:52,10,0,0,5188.77,0
ERP-005323,2025-06,Interface,U010,U001,2025-06-09 22:40:34,22,0,-21,355.84,0
ERP-005324,2025-06,Interface,U010,U001,2025-06-30 22:58:46,22,0,0,-5828.09,0
ERP-005325,2025-06,Interface,U010,U001,2025-06-12 23:14:10,23,0,-18,-1536.58,0
ERP-005326,2025-06,Interface,U010,U001,2025-06-01 03:41:50,3,1,-29,-9188.83,0
ERP-005327,2025-06,Recurring,U011,U001,2025-06-09 23:01:15,23,0,-21,-819.85,1
ERP-005328,2025-06,Recurring,U011,U001,2025-06-25 23:30:22,23,0,-5,-888.89,0
ERP-005329,2025-06,Interface,U010,U001,2025-06-01 03:40:05,3,1,-29,8493.8,0
ERP-005330,2025-06,Interface,U010,U001,2025-06-18 03:20:09,3,0,-12,2727.37,0
ERP-005331,2025-06,Interface,U010,U001,2025-06-13 23:26:12,23,0,-17,-7705.99,0
ERP-005332,2025-06,Interface,U010,U001,2025-06-02 03:50:17,3,0,-28,226.35,0
ERP-005333,2025-06,Interface,U010,U001,2025-06-04 23:52:02,23,0,-26,3021.92,0
ERP-005334,2025-06,Interface,U010,U001,2025-06-15 22:24:04,22,1,-15,7379.92,0
ERP-005335,2025-06,Interface,U010,U001,2025-06-19 03:33:31,3,0,-11,3853.61,0
ERP-005336,2025-06,Recurring,U011,U001,2025-06-21 02:42:52,2,1,-9,-6186.61,0
ERP-005337,2025-06,Recurring,U011,U001,2025-06-22 22:17:38,22,1,-8,-679.77,0
ERP-005338,2025-06,Interface,U010,U001,2025-06-23 23:29:52,23,0,-7,-347.7,0
ERP-005339,2025-06,Manual,U005,U007,2025-06-29 16:50:44,16,1,-1,1447.1,0
ERP-005340,2025-06,Interface,U010,U001,2025-06-02 23:43:12,23,0,-28,-2081.01,0
ERP-005341,2025-06,Manual,U006,U001,2025-06-13 14:15:11,14,0,-17,3098.26,0
ERP-005342,2025-06,Interface,U010,U001,2025-06-28 23:35:26,23,1,-2,5001.0,0
ERP-005343,2025-06,Recurring,U011,U001,2025-06-09 22:35:10,22,0,-21,11189.44,0
ERP-005344,2025-06,Interface,U010,U001,2025-06-05 04:50:48,4,0,-25,381.57,0
ERP-005345,2025-06,Interface,U010,U001,2025-06-17 22:08:03,22,0,-13,-5392.98,1
ERP-005346,2025-06,Manual,U004,U002,2025-06-28 05:55:55,5,1,-2,11791.52,0
ERP-005347,2025-06,Recurring,U011,U001,2025-06-29 04:14:15,4,1,-1,3632.8,0
ERP-005348,2025-06,Recurring,U011,U001,2025-06-06 03:35:51,3,0,-24,1537.36,0
ERP-005349,2025-06,Manual,U006,U004,2025-06-28 17:23:37,17,1,-2,7681.05,0
ERP-005350,2025-06,Manual,U001,U003,2025-06-24 14:01:37,14,0,-6,1750.02,0
ERP-005351,2025-06,Interface,U010,U001,2025-06-01 03:51:06,3,1,-29,4974.74,0
ERP-005352,2025-06,Manual,U007,U007,2025-06-22 08:52:46,8,1,-8,937.21,0
ERP-005353,2025-06,Manual,U002,U005,2025-06-27 16:44:32,16,0,-3,-1198.32,0
ERP-005354,2025-06,Interface,U010,U001,2025-06-09 03:12:33,3,0,-21,-991.73,0
ERP-005355,2025-06,Manual,U008,U007,2025-06-27 23:30:26,23,0,-3,-2532.5,0
ERP-005356,2025-06,Manual,U001,U003,2025-06-11 12:58:56,12,0,-19,-1718.06,0
ERP-005357,2025-06,Interface,U010,U001,2025-06-24 04:50:38,4,0,-6,875.38,0
ERP-005358,2025-06,Manual,U009,U003,2025-06-29 14:35:56,14,1,-1,5779.6,0
ERP-005359,2025-06,Interface,U010,U001,2025-06-07 22:17:16,22,1,-23,3576.54,0
ERP-005360,2025-06,Manual,U006,U002,2025-06-09 13:39:00,13,0,-21,2381.65,0
ERP-005361,2025-06,Interface,U010,U001,2025-06-20 23:20:05,23,0,-10,1983.9,0
ERP-005362,2025-06,Interface,U010,U001,2025-06-25 03:13:57,3,0,-5,1345.73,0
ERP-005363,2025-06,Recurring,U011,U001,2025-06-12 23:07:53,23,0,-18,749.08,0
ERP-005364,2025-06,Recurring,U011,U001,2025-06-20 23:00:28,23,0,-10,3980.28,0
ERP-005365,2025-06,Interface,U010,U001,2025-06-14 03:57:56,3,1,-16,2097.83,0
ERP-005366,2025-06,Interface,U010,U001,2025-06-04 02:41:46,2,0,-26,3731.61,0
ERP-005367,2025-06,Interface,U010,U001,2025-06-09 23:28:43,23,0,-21,-5193.11,0
ERP-005368,2025-06,Manual,U001,U006,2025-06-10 06:01:53,6,0,-20,2434.36,0
ERP-005369,2025-06,Manual,U001,U003,2025-06-10 21:25:03,21,0,-20,4955.62,0
ERP-005370,2025-06,Manual,U005,U002,2025-06-23 10:33:15,10,0,-7,3449.26,0
ERP-005371,2025-06,Recurring,U011,U001,2025-06-11 22:29:05,22,0,-19,682.79,0
ERP-005372,2025-06,Interface,U010,U001,2025-06-21 23:29:38,23,1,-9,1804.34,0
ERP-005373,2025-06,Recurring,U011,U001,2025-06-01 22:46:33,22,1,-29,2672.28,0
ERP-005374,2025-06,Recurring,U011,U001,2025-06-04 02:55:18,2,0,-26,-6700.68,0
ERP-005375,2025-06,Interface,U010,U001,2025-06-06 23:48:40,23,0,-24,954.42,0
ERP-005376,2025-06,Interface,U010,U001,2025-06-20 23:54:07,23,0,-10,-4221.1,1
ERP-005377,2025-06,Manual,U004,U007,2025-06-27 09:19:53,9,0,-3,615.25,0
ERP-005378,2025-06,Interface,U010,U001,2025-06-03 02:27:15,2,0,-27,1026.93,0
ERP-005379,2025-06,Interface,U010,U001,2025-06-29 23:22:47,23,1,-1,4057.03,0
ERP-005380,2025-06,Recurring,U011,U001,2025-06-15 22:02:59,22,1,-15,-2443.47,0
ERP-005381,2025-06,Interface,U010,U001,2025-06-28 04:46:49,4,1,-2,834.47,0
ERP-005382,2025-06,Recurring,U011,U001,2025-06-16 22:00:59,22,0,-14,228.93,0
ERP-005383,2025-06,Recurring,U011,U001,2025-06-28 22:28:35,22,1,-2,264.31,0
ERP-005384,2025-06,Interface,U010,U001,2025-06-26 23:17:18,23,0,-4,1571.9,0
ERP-005385,2025-06,Interface,U010,U001,2025-06-04 03:57:46,3,0,-26,-227.28,0
ERP-005386,2025-06,Recurring,U011,U001,2025-06-27 23:40:45,23,0,-3,4007.77,1
ERP-005387,2025-06,Recurring,U011,U001,2025-06-03 23:53:11,23,0,-27,-3132.79,0
ERP-005388,2025-06,Interface,U010,U001,2025-06-17 02:12:18,2,0,-13,144.79,1
ERP-005389,2025-06,Interface,U010,U001,2025-06-18 22:46:14,22,0,-12,978.55,0
ERP-005390,2025-06,Interface,U010,U001,2025-06-16 03:23:16,3,0,-14,2250.75,0
ERP-005391,2025-06,Recurring,U011,U001,2025-06-15 23:54:04,23,1,-15,2003.18,0
ERP-005392,2025-06,Interface,U010,U001,2025-06-15 03:01:53,3,1,-15,4174.69,0
ERP-005393,2025-06,Interface,U010,U001,2025-06-11 02:55:57,2,0,-19,-1328.09,0
ERP-005394,2025-06,Manual,U008,U002,2025-06-30 09:21:54,9,0,0,10348.78,0
ERP-005395,2025-06,Interface,U010,U001,2025-06-23 22:51:13,22,0,-7,-166.62,0
ERP-005396,2025-06,Interface,U010,U001,2025-06-05 03:11:29,3,0,-25,363.97,0
ERP-005397,2025-06,Interface,U010,U001,2025-06-20 02:40:57,2,0,-10,14212.03,0
ERP-005398,2025-06,Recurring,U011,U001,2025-06-14 23:45:26,23,1,-16,637.46,0
ERP-005399,2025-06,Interface,U010,U001,2025-06-15 04:08:09,4,1,-15,2945.79,0
ERP-005400,2025-06,Manual,U004,U008,2025-06-07 17:06:00,17,1,-23,3209.3,0
